text,severity,category,source
"PostgreSQL Primary Failure The PostgreSQL primary database experienced an ECONNREFUSED error on port 5432, causing a complete outage and halting all payment processing. This affected 50 million daily transactions, resulting in a $10k/minute revenue impact. A misconfiguration in HashiCorp Vault led to incorrect environment variables being injected into the PostgreSQL deployment, causing the connection to fail.",P1,database,synthetic_master
"Redis Cache Cluster Exhausted Connections All payment processing was halted due to the Redis cache cluster reaching its max_connections limit, causing too many connections. This impacted 50 million daily transactions. The Redis cache cluster had a max_connections limit set to 200, which was insufficient for the load, leading to a connection exhaustion issue.",P1,database,synthetic_master
"Elasticsearch Cluster Deadlock on Transactions Table A deadlock was detected on the transactions table in the Elasticsearch cluster, halting all payment processing for 60 minutes and resulting in a revenue loss of $10k per minute. A race condition between multiple concurrent transactions in the Elasticsearch cluster led to a deadlock on the transactions table.",P1,database,synthetic_master
"PostgreSQL Primary Database Crash The PostgreSQL primary database experienced a complete outage due to a WAL disk full error on /dev/xvda1, halting all payment processing. This affected 50 million daily transactions and resulted in a $10k/minute revenue impact. Insufficient disk space for Write-Ahead Logging (WAL) files, leading to a full disk on the primary PostgreSQL instance.",P1,database,synthetic_master
"Redis Cache Cluster Failure The Redis cache cluster in FinTechFlow's production environment experienced a replication lag of 45 seconds on the read replica, leading to a complete outage of payment processing and a $10k/minute revenue impact. Insufficient replication lag monitoring and failover mechanisms in the Kubernetes cluster on AWS EKS.",P1,database,synthetic_master
"Elasticsearch Cluster Failure The Elasticsearch cluster in FinTechFlow's production environment experienced an outage, resulting in ECONNREFUSED errors on port 5432. This impacted all payment processing transactions, halting revenue generation at a rate of $10k per minute. A misconfigured Kubernetes service definition led to the Elasticsearch pods being unable to communicate with the PostgreSQL database, resulting in ECONNREFUSED errors.",P1,database,synthetic_master
"PostgreSQL Primary Connection Limit Exceeded On 2023-10-15, FinTechFlow experienced a complete outage due to too many connections hitting the max_connections limit of 200 on the PostgreSQL primary database, halting all payment processing and resulting in significant revenue loss. The max_connections limit of 200 was insufficient to handle the sudden surge in transaction volume, leading to connection exhaustion and a complete outage.",P1,database,synthetic_master
"Redis Cache Cluster Deadlock A deadlock was detected on the transactions table in the Redis cache cluster, causing a complete outage in payment processing. All 50 million daily transactions were halted, resulting in a revenue loss of $10k per minute. A complex transactional process in the Java Spring Boot microservices failed to release locks on the transactions table, leading to a deadlock.",P1,database,synthetic_master
"Elasticsearch Cluster Down Due to WAL Disk Full The Elasticsearch cluster experienced a complete outage due to a WAL disk full error on /dev/xvda1, halting all payment transactions and resulting in a revenue impact of $10k per minute. Insufficient disk space on the Elasticsearch node’s root volume, causing the Write-Ahead Log (WAL) to fill up.",P1,database,synthetic_master
"PostgreSQL Primary Outage PostgreSQL primary database failure caused a complete outage, halting all payment processing. Replication lag on the read replica was 45 seconds. Primary database crashed due to unexpected memory pressure and failed to failover to the read replica in time.",P1,database,synthetic_master
"Redis Cache Cluster Failure The Redis cache cluster experienced an ECONNREFUSED error on port 5432, resulting in a complete outage of payment processing, affecting 50 million transactions per day. A misconfigured Kubernetes service causing the Redis pods to be unreachable from the application servers.",P1,database,synthetic_master
"Elasticsearch Cluster Overloaded Due to Too Many Connections The Elasticsearch cluster in FinTechFlow's production environment experienced a complete outage due to reaching the max_connections limit of 200, halting all payment processing and causing a significant revenue impact of $10k per minute. The Elasticsearch cluster was configured with a max_connections limit of 200, which was insufficient for the current load, leading to the cluster becoming overwhelmed and failing.",P1,database,synthetic_master
"PostgreSQL Primary Deadlock Halted Transactions PostgreSQL primary database experienced a deadlock, causing a complete outage of payment processing. The error 'deadlock detected on transactions table' impacted all payment transactions. Deadlock occurred due to concurrent transactions accessing the transactions table without proper locking mechanisms.",P1,database,synthetic_master
"Redis Cache Cluster Outage The Redis cache cluster experienced a complete outage due to a WAL disk full error on /dev/xvda1, halting all payment transactions and resulting in a $10k/minute revenue impact. The write-ahead log (WAL) disk space was full on the primary Redis node, leading to the failure of the cluster and subsequent outage.",P1,database,synthetic_master
"Elasticsearch Cluster Failure An Elasticsearch cluster failure caused a 45-second replication lag on the read replica, halting payment processing for 60 minutes. This impacted all payment transactions. Insufficient provisioned storage and network resources on the Elasticsearch cluster, leading to replication lag and eventual failure.",P1,database,synthetic_master
"PostgreSQL Primary Outage The PostgreSQL primary database experienced a complete failure, showing an ECONNREFUSED error on port 5432, halting all payment processing. Network connectivity issues between the primary PostgreSQL instance and the Kubernetes cluster caused the ECONNREFUSED error.",P1,database,synthetic_master
"Redis Cache Cluster Exhausted Maximum Connections A Redis cache cluster reached its maximum connections limit of 200, causing performance degradation and ultimately halting all payment processing. This impacted 50 million daily transactions and resulted in a $10k/minute revenue impact. The payment processing application was sending too many simultaneous requests to the Redis cluster, exceeding its configured maximum_connections limit of 200.",P1,database,synthetic_master
"Elasticsearch Deadlock on Transactions A deadlock was detected on the transactions table in the Elasticsearch cluster, causing a complete outage of payment processing, impacting all transactions. A deadlock occurred due to concurrent write operations on the transactions table, causing a complete outage.",P1,database,synthetic_master
"PostgreSQL Primary Disk Full - Critical Outage The PostgreSQL primary database experienced a critical failure due to WAL disk full on /dev/xvda1, halting all payment transactions. This affected 50 million daily transactions, causing significant revenue loss. Insufficient disk space for Write-Ahead Log (WAL) files, leading to a full disk on the primary PostgreSQL instance.",P1,database,synthetic_master
"Redis Cache Cluster Outage A replication lag of 45 seconds on the read replica caused the Redis cache cluster to fail, halting all payment transactions and impacting revenue by $10k/minute. Replication lag on the read replica led to a failure in the Redis cache cluster, affecting all payment transactions.",P1,database,synthetic_master
"Elasticsearch Cluster Outage Halted Payment Processing An Elasticsearch cluster failure caused by ECONNREFUSED on port 5432 impacted all payment processing transactions, resulting in a $10k/minute revenue impact. The Elasticsearch cluster experienced a network connectivity issue, leading to database unavailability and subsequent payment processing failures.",P1,database,synthetic_master
"PostgreSQL Primary Crash - Too Many Connections PostgreSQL primary database experienced a failure due to reaching the maximum number of connections, halting all payment processing and causing revenue losses of $10k per minute. The PostgreSQL primary database was configured with max_connections=200, which was insufficient to handle the current load, leading to a connection exhaustion issue.",P1,database,synthetic_master
"Redis Cache Cluster Deadlock A deadlock was detected on the transactions table in the Redis cache cluster, causing a complete outage in payment processing. This affected all 50 million daily transactions, resulting in a revenue loss of $10k per minute. Deadlocks occurred due to concurrent transactions in the transactions table, leading to a lock wait timeout and subsequent cache cluster failure.",P1,database,synthetic_master
"Elasticsearch Cluster Outage Due to WAL Disk Full The Elasticsearch cluster experienced a complete outage, halting all payment processing and resulting in a revenue impact of $10k per minute. The error indicated that the WAL disk on /dev/xvda1 was full. The root cause was a lack of proper disk space management, leading to the WAL disk being full on the Elasticsearch cluster running on AWS EKS.",P1,database,synthetic_master
"PostgreSQL Primary Outage PostgreSQL primary database failure caused a complete outage, halting all payment processing. Replication lag on the read replica was 45 seconds. Failure of the PostgreSQL primary node due to a critical database corruption issue, exacerbated by replication lag on the read replica.",P1,database,synthetic_master
"Redis Cache Cluster Outage A complete Redis cache cluster outage occurred, resulting in ECONNREFUSED errors on port 5432. This impacted payment transactions, causing a complete halt in processing. A network issue led to the Redis nodes becoming unresponsive, causing ECONNREFUSED errors.",P1,database,synthetic_master
"Elasticsearch Cluster Overloaded Due to Connection Limit The Elasticsearch cluster in the production environment experienced a complete outage, halting all payment processing. The error indicated a max_connections limit of 200 was exceeded, leading to a complete blockage of payment transactions. The Elasticsearch cluster reached its max_connections limit of 200, overwhelming the system during high transaction volumes typical of FinTechFlow’s daily load.",P1,database,synthetic_master
"PostgreSQL Primary Deadlock Outage A deadlock was detected on the transactions table in the PostgreSQL primary database, causing a complete outage of all payment processing. This affected 50 million daily transactions and resulted in a revenue impact of $10k per minute. A deadlock occurred due to concurrent transactions accessing the same resources in an inconsistent order, leading to a complete blockage of the PostgreSQL primary database.",P1,database,synthetic_master
"WAL Disk Full on Redis Cache Cluster The Redis cache cluster experienced a complete outage due to a WAL disk full error on /dev/xvda1, halting all payment processing transactions. This impacted our 50 million daily transactions, resulting in a $10k/minute revenue loss. The root cause was a full write-ahead log (WAL) disk on the Redis master node, leading to a complete cluster failure.",P1,database,synthetic_master
"Elasticsearch Cluster Failure The Elasticsearch cluster experienced a replication lag of 45 seconds on the read replica, causing a complete outage and halting all payment processing. This affected 50 million transactions per day, resulting in a revenue impact of $10k per minute. A misconfiguration in the Elasticsearch cluster's replication settings led to a lag, which propagated to the read replica, causing the primary to fail over and impact the entire cluster.",P1,database,synthetic_master
"PostgreSQL Primary Node Crash The PostgreSQL primary database node experienced an ECONNREFUSED error on port 5432, causing all payment processing to halt. This outage impacted 50 million daily transactions and resulted in a $10k/minute revenue loss. A Kubernetes pod eviction due to resource exhaustion triggered a pod restart, causing the ECONNREFUSED error.",P1,database,synthetic_master
"Redis Cache Cluster Exhausted Max Connections Due to an unexpected surge in traffic, the Redis cache cluster reached its max_connections limit of 200, causing all payment processing transactions to fail. The error indicated 'too many connections'. The Redis cache cluster was not configured to handle the sudden increase in request volume, leading to the max_connections limit being exceeded.",P1,database,synthetic_master
"Elasticsearch Deadlock Causes Payment Processing Halt A deadlock was detected on the transactions table in our Elasticsearch cluster, causing a complete outage of payment processing. This affected all transactions, resulting in significant revenue loss. Deadlocks on the transactions table in Elasticsearch due to concurrent write operations.",P1,database,synthetic_master
"PostgreSQL Primary Outage Due to WAL Disk Full The PostgreSQL primary database experienced a complete outage due to the Write-Ahead Log (WAL) disk being full, halting all payment processing and resulting in a $10k/minute revenue loss. Insufficient disk space on the /dev/xvda1 volume, causing WAL files to fill up and bring down the primary database.",P1,database,synthetic_master
"Redis Cache Cluster Failure A replication lag of 45 seconds was observed on the read replica, causing a complete outage of the Redis cache cluster and halting all payment processing transactions. Replication lag on the read replica led to a cascading failure in the Redis cluster, affecting all payment transactions.",P1,database,synthetic_master
"Elasticsearch Down, Payment Processing Halted The Elasticsearch cluster in the production environment experienced an outage, returning ECONNREFUSED errors on port 5432, causing all payment processing to stop. This affected 50 million transactions per day, leading to a revenue impact of $10k per minute. A misconfiguration in the Kubernetes deployment caused the Elasticsearch pods to fail, leading to connectivity issues and ECONNREFUSED errors.",P1,database,synthetic_master
"PostgreSQL Primary DB Exceeded Max Connections The PostgreSQL primary database at FinTechFlow reached its max_connections limit of 200, causing all payment processing to halt. This issue impacted 50 million daily transactions and resulted in significant revenue loss. A surge in concurrent payment requests exceeded the configured max_connections limit of 200, overwhelming the PostgreSQL primary instance.",P1,database,synthetic_master
"Redis Cache Cluster Deadlock A deadlock was detected on the transactions table, causing the Redis cache cluster to fail, halting all payment processing. This affected 50 million daily transactions, leading to a $10k/minute revenue impact. Deadlocks occurred due to simultaneous write operations on the transactions table, overwhelming the Redis cache cluster.",P1,database,synthetic_master
"Elasticsearch Cluster Down: WAL Disk Full The Elasticsearch cluster experienced a complete outage due to the Write-Ahead Log (WAL) disk being full on /dev/xvda1, halting all payment transactions and resulting in significant revenue loss of $10k per minute. The Elasticsearch cluster's WAL disk on /dev/xvda1 filled up due to inadequate disk space management and failed to automatically resize or alert the monitoring system.",P1,database,synthetic_master
"PostgreSQL Primary Outage PostgreSQL primary database failure caused a complete outage, halting all payment processing. Replication lag of 45 seconds on the read replica contributed to the issue. Replication lag on the read replica led to primary database failure, impacting transaction processing.",P1,database,synthetic_master
"Redis Cache Cluster Failure Disrupts Payments A Redis cache cluster outage caused ECONNREFUSED errors on port 5432, halting payment processing and affecting 50 million daily transactions. A Redis cache cluster node went down, leading to connection refusals and cascading outages within the payment processing pipeline.",P1,database,synthetic_master
"Elasticsearch Cluster Exhausted Max Connections The Elasticsearch cluster in FinTechFlow’s production environment experienced an overload, hitting the max_connections limit of 200, halting payment processing for 60 minutes and causing significant revenue loss. The Elasticsearch cluster in FinTechFlow's stack was under extreme load, exceeding the configured max_connections limit of 200.",P1,database,synthetic_master
"PostgreSQL Primary Deadlock A deadlock was detected on the transactions table in the PostgreSQL primary database, causing a complete outage of all payment processing. This impacted 50 million transactions per day, resulting in a revenue loss of $10k per minute. A high volume of concurrent transactions on the transactions table led to a deadlock, overwhelming the primary PostgreSQL instance.",P1,database,synthetic_master
"Redis Cache Cluster Outage The Redis cache cluster experienced a complete failure due to WAL disk full on /dev/xvda1, impacting all payment transactions and halting revenue generation at a rate of $10k per minute. WAL disk full on /dev/xvda1 led to the Redis cache cluster failing, causing a complete outage of payment processing.",P1,database,synthetic_master
"Elasticsearch Replication Lag Caused Outage Due to replication lag in the Elasticsearch cluster, read operations were significantly impacted, halting payment processing and resulting in financial losses. Replication lag on the read replica caused read operations to fail, leading to a complete outage of payment processing.",P1,database,synthetic_master
"PostgreSQL Primary Database Crash The PostgreSQL primary database failed, displaying an ECONNREFUSED error on port 5432, halting all payment processing and causing significant revenue loss. The failure was due to a misconfiguration in the Kubernetes deployment, causing the PostgreSQL pod to be terminated unexpectedly.",P1,database,synthetic_master
"Redis Cache Cluster Exhausted Connections The Redis cache cluster in FinTechFlow's production environment reached its max_connections limit, causing all payment processing to halt. The error 'too many connections max_connections=200' was reported, impacting 50 million daily transactions. The Redis cache cluster had insufficient max_connections configured to handle the load, leading to a connection exhaustion issue.",P1,database,synthetic_master
"Elasticsearch Deadlock Causes Payment Processing Outage A deadlock detected on the transactions table in the Elasticsearch cluster caused a complete outage, halting all payment processing. This affected 50 million daily transactions, resulting in a revenue impact of $10k per minute. Deadlocks in the transactions table due to concurrent write operations on the Elasticsearch cluster.",P1,database,synthetic_master
"WAL Disk Full on PostgreSQL Primary PostgreSQL primary database experienced a WAL disk full issue, causing all payment processing to halt. The error indicated that /dev/xvda1 was full, impacting 50 million daily transactions. Insufficient disk space on the primary PostgreSQL node, leading to the WAL (Write-Ahead Log) disk full issue.",P1,database,synthetic_master
"Redis Cache Cluster Replication Lag Outage A replication lag issue on the Redis read replica caused a complete outage of the Redis cache cluster, halting all payment processing and resulting in a $10k/minute revenue impact. Replication lag on the Redis read replica led to data inconsistencies and failed read operations, impacting the primary cache cluster.",P1,database,synthetic_master
"Elasticsearch Cluster Failure Halted Payment Processing The Elasticsearch cluster experienced an outage due to connection issues, resulting in the complete halt of payment processing. Engineers observed `ECONNREFUSED` on port 5432, impacting all transactions. Elasticsearch cluster experienced a network issue, leading to connection refusals on the PostgreSQL database port.",P1,database,synthetic_master
"PostgreSQL Primary Exceeded Max Connections The PostgreSQL primary database experienced a connection overflow, exceeding the max_connections limit of 200, halting all payment processing and impacting revenue by $10k/minute. Too many simultaneous connections to the PostgreSQL primary database, overwhelming the max_connections limit.",P1,database,synthetic_master
"Redis Cache Cluster Deadlock A deadlock was detected on the transactions table, causing the Redis cache cluster to fail, halting all payment processing for 60 minutes. Deadlock on the transactions table led to a cascading failure in the Redis cache cluster.",P1,database,synthetic_master
"Elasticsearch Cluster Outage Due to WAL Disk Full The Elasticsearch cluster experienced a complete failure due to a WAL disk full error on /dev/xvda1, causing a complete outage of payment processing for all transactions. Insufficient disk space on the Elasticsearch node's root volume, leading to the WAL (Write-Ahead Log) being unable to write, causing the cluster to fail.",P1,database,synthetic_master
"PostgreSQL Primary Failure PostgreSQL primary database failure caused a complete outage in payment processing, with replication lag on the read replica at 45 seconds. Replication lag on the read replica caused issues, leading to a complete outage in the primary database.",P1,database,synthetic_master
"Redis Cache Cluster Failure The Redis cache cluster experienced an outage, causing ECONNREFUSED errors and halting all payment transactions. This impacted 50 million daily transactions, resulting in a $10k/minute revenue loss. A misconfiguration in the Kubernetes deployment caused the Redis pods to fail, leading to ECONNREFUSED errors on port 5432.",P1,database,synthetic_master
"Elasticsearch Cluster Overloaded The Elasticsearch cluster in FinTechFlow's production environment failed due to reaching the max_connections limit of 200, causing all payment transactions to halt. This impacted revenue at a rate of $10k per minute. The Elasticsearch cluster in FinTechFlow's stack was unable to handle the high volume of transactions, leading to the max_connections limit being exceeded.",P1,database,synthetic_master
"PostgreSQL Primary Deadlock Outage A deadlock was detected on the transactions table in the PostgreSQL primary, causing a complete outage of all payment processing. This affected 50 million daily transactions, resulting in a revenue impact of $10k per minute. Deadlock occurred due to concurrent transactions acquiring locks in conflicting orders, impacting the payment processing workflow.",P1,database,synthetic_master
"Redis Cache Cluster Outage due to WAL Disk Full A complete outage of the Redis cache cluster impacted all payment transactions, resulting in significant revenue loss. The error indicated a full WAL disk on /dev/xvda1, affecting 50 million daily transactions. Insufficient disk space in the /dev/xvda1 partition, causing the WAL (Write-Ahead Log) to fill up and impacting the Redis cache cluster.",P1,database,synthetic_master
"Elasticsearch Cluster Failure Causes Payment Processing Halt A replication lag of 45 seconds on the read replica caused the Elasticsearch cluster to fail, halting all payment processing. This issue affected 50 million daily transactions and resulted in a $10k/minute revenue impact. Insufficient resource allocation and misconfigured replication settings in the Elasticsearch cluster on AWS EKS.",P1,database,synthetic_master
"PostgreSQL Primary Crash PostgreSQL primary database failed, showing ECONNREFUSED on port 5432, halting all payment transactions. The primary PostgreSQL instance was overloaded, leading to connection refusals.",P1,database,synthetic_master
"Redis Cache Cluster Exhausted Connections On [Date], the Redis cache cluster in production experienced a connection exhaustion issue, hitting the max_connections limit of 200, halting all payment processing for 60 minutes and resulting in a revenue loss of $10k/minute. The Redis cache cluster in FinTechFlow's stack was hit by too many concurrent connections, exceeding the configured max_connections limit of 200.",P1,database,synthetic_master
"Elasticsearch Cluster Deadlock Disruption A deadlock was detected on the transactions table in the Elasticsearch cluster, halting payment processing for 60 minutes and resulting in a $600,000 revenue impact. Deadlock on the transactions table due to concurrent write operations in the Elasticsearch cluster.",P1,database,synthetic_master
"PostgreSQL Primary Outage WAL disk full on /dev/xvda1 caused a complete outage of the PostgreSQL primary database, halting all payment processing. This affected 50 million transactions per day, resulting in a $10k/minute revenue impact. Insufficient disk space on the PostgreSQL primary node, leading to WAL file accumulation.",P1,database,synthetic_master
"Redis Cache Cluster Failure A replication lag of 45 seconds on the read replica caused a complete outage of the Redis cache cluster, halting all payment processing and resulting in a revenue loss of $10k per minute. Insufficient monitoring and replication lag handling in the Redis cluster configuration.",P1,database,synthetic_master
"Elasticsearch Cluster Crash The Elasticsearch cluster in production failed, causing a complete outage and halting all payment processing. The error reported was ECONNREFUSED on port 5432, impacting transactions across the board. A configuration issue led to incorrect port binding, causing the PostgreSQL database to reject connections from Elasticsearch.",P1,database,synthetic_master
"PostgreSQL Primary Exhausted Connections PostgreSQL primary database reached max_connections limit, causing a complete outage in payment processing. The 'too many connections' error halted all transactions, impacting revenue at $10k per minute. The PostgreSQL primary instance max_connections limit was set too low to handle the transaction load during peak hours.",P1,database,synthetic_master
"Redis Cache Cluster Deadlock A deadlock was detected on the transactions table in the Redis cache cluster, halting all payment processing and causing a complete outage. This affected 50 million daily transactions. A race condition in the Java Spring Boot application caused multiple transactions to lock on the same table simultaneously, leading to a deadlock.",P1,database,synthetic_master
"Elasticsearch Cluster Down The Elasticsearch cluster experienced a complete outage due to a WAL disk full error on /dev/xvda1, halting all payment transactions. This affected 50 million daily transactions and resulted in a revenue loss of $10k per minute. The root cause was a lack of monitoring for disk usage, leading to the WAL (Write-Ahead Log) directory filling up.",P1,database,synthetic_master
"PostgreSQL Primary Failure PostgreSQL primary database experienced a critical issue, causing a complete outage of payment processing. Replication lag on the read replica reached 45 seconds, halting all transactions. Replication lag on the read replica led to a failure in the primary database, triggering a cascading outage.",P1,database,synthetic_master
"Redis Cache Cluster Failure The Redis cache cluster experienced a complete outage, resulting in ECONNREFUSED on port 5432, halting all payment processing and impacting revenue by $10k/minute. A network configuration issue led to the Redis nodes being unreachable, causing the ECONNREFUSED error.",P1,database,synthetic_master
"Elasticsearch Cluster Max Connections Exceeded The Elasticsearch cluster in the production environment experienced a max_connections error, leading to a complete outage and halt of all payment processing. The error indicated that the cluster was overloaded, impacting 50 million daily transactions. The Elasticsearch cluster was configured with a max_connections limit of 200, which was insufficient to handle the surge in transactions, causing the service to fail.",P1,database,synthetic_master
"PostgreSQL Primary Deadlock Outage The PostgreSQL primary instance experienced a deadlock on the transactions table, halting all payment processing for 60 minutes. This resulted in a revenue impact of $10k per minute. A high volume of concurrent transactions led to a deadlock on the transactions table, causing the primary instance to fail.",P1,database,synthetic_master
"WAL Disk Full on Redis Cache Cluster Due to a WAL (Write-Ahead Logging) disk full issue on the Redis cache cluster, all payment transactions were halted, impacting revenue by $10k/minute. The Redis cache cluster experienced a WAL disk full issue on the /dev/xvda1 partition, leading to an outage.",P1,database,synthetic_master
"Elasticsearch Cluster Replication Failure An Elasticsearch cluster experienced replication lag of 45 seconds on the read replica, causing a complete outage of all payment processing transactions, impacting revenue by $10k per minute. Replication lag due to network latency and resource contention on the master node in the Elasticsearch cluster.",P1,database,synthetic_master
"PostgreSQL Primary Outage The PostgreSQL primary database experienced a failure, resulting in ECONNREFUSED errors on port 5432. This impacted all payment processing transactions. A network issue caused the primary PostgreSQL instance to become unreachable, leading to connection refusals.",P1,database,synthetic_master
"Redis Cache Cluster Overloaded A Redis cache cluster in the production environment experienced a 'too many connections' error with max_connections set to 200, leading to a complete outage of payment processing for 50 million transactions per day. The Redis cluster was configured with a max_connections limit of 200, which was insufficient for the current load of 50 million transactions per day.",P1,database,synthetic_master
"Elasticsearch Deadlock Disrupts Payment Processing A deadlock was detected on the transactions table in Elasticsearch, causing a complete outage of payment processing. This impacted all 50 million daily transactions, resulting in a $10k/minute revenue loss. Deadlocks occurred due to concurrent read and write operations on the transactions table, which are not properly handled by the Elasticsearch cluster.",P1,database,synthetic_master
"PostgreSQL Primary Outage Due to WAL Disk Full The PostgreSQL primary database experienced a complete outage due to a WAL disk full on /dev/xvda1, halting all payment processing and causing revenue loss of $10k/minute. Insufficient disk space on the primary PostgreSQL instance, leading to WAL file accumulation and eventual shutdown.",P1,database,synthetic_master
"Redis Cache Cluster Failure Replication lag of 45 seconds on the read replica caused a complete outage of the Redis cache cluster, halting all payment processing. This affected 50 million transactions per day, resulting in a revenue impact of $10k per minute. Replication lag on the read replica led to a complete failure of the Redis cache cluster, impacting the payment processing system.",P1,database,synthetic_master
"Elasticsearch Cluster Down, Halted Payment Processing The Elasticsearch cluster in FinTechFlow's production environment experienced a complete outage due to an ECONNREFUSED error on port 5432, halting all payment processing transactions. A misconfigured Kubernetes service or network issue caused the PostgreSQL backend to reject connections, leading to the Elasticsearch cluster failure.",P1,database,synthetic_master
"PostgreSQL Primary Connection Limit Exceeded PostgreSQL primary database reached its max_connections limit of 200, causing all payment processing to halt. This impacted 50 million daily transactions, leading to a $10k/minute revenue loss. Too many concurrent connections to the PostgreSQL primary database, hitting the max_connections limit of 200.",P1,database,synthetic_master
"Deadlock Detected in Redis Cache Cluster A deadlock was detected on the transactions table, causing the Redis cache cluster to fail, halting all payment processing and resulting in a $10k/minute revenue loss. A race condition in the Java Spring Boot application led to a deadlock on the transactions table, impacting the Redis cache cluster.",P1,database,synthetic_master
"Elasticsearch Cluster Outage Due to WAL Disk Full The Elasticsearch cluster experienced a complete outage due to the Write-Ahead Log (WAL) disk being full on /dev/xvda1, halting all payment transactions and causing a $10k/minute revenue impact. Insufficient disk space on the Elasticsearch node due to log accumulation, exacerbated by the lack of automated disk monitoring and cleanup in the FinTechFlow stack.",P1,database,synthetic_master
"PostgreSQL Primary Outage The PostgreSQL primary database experienced a complete outage, halting all payment processing and impacting revenue by $10k per minute. Replication lag on the read replica was observed at 45 seconds. A replication lag issue on the read replica led to a primary database failure due to configuration misalignment.",P1,database,synthetic_master
"Redis Cache Cluster Failure Disrupts Payment Processing The Redis cache cluster experienced an ECONNREFUSED error on port 5432, leading to a complete outage of payment processing, affecting all transactions. A network issue caused the Redis nodes to fail, resulting in an ECONNREFUSED error, disrupting the cache layer for payment processing.",P1,database,synthetic_master
"Elasticsearch Cluster Overloaded - Max Connections Exceeded The Elasticsearch cluster experienced an overload due to too many connections, hitting the max_connections limit of 200. This impacted all payment transactions, leading to a complete outage. The Elasticsearch cluster in FinTechFlow's stack was configured with a max_connections limit of 200, which was insufficient for the high transaction volume.",P1,database,synthetic_master
"PostgreSQL Primary Deadlock A deadlock was detected on the transactions table in the PostgreSQL primary database, halting all payment processing for 60 minutes. The error appeared as a deadlock detected on the transactions table, impacting 50 million daily transactions. A high concurrency environment in the Java Spring Boot application led to conflicting transactions on the transactions table.",P1,database,synthetic_master
"Redis Cache Cluster Outage The Redis cache cluster experienced a complete failure due to a WAL disk full error on /dev/xvda1, halting all payment processing and causing significant revenue impact. Insufficient disk space in the Redis cache cluster’s root volume, leading to WAL file accumulation and eventual failure.",P1,database,synthetic_master
"Elasticsearch Cluster Failure Elasticsearch cluster experienced replication lag, causing read operations to fail, halting all payment processing and resulting in a significant revenue impact. Insufficient resource allocation and misconfigured read replicas led to replication lag issues.",P1,database,synthetic_master
"PostgreSQL Primary Node Failure The primary PostgreSQL database node failed, displaying an ECONNREFUSED error on port 5432, halting all payment processing and causing a $10k/minute revenue impact. A network issue caused the primary PostgreSQL node to become unreachable, resulting in the ECONNREFUSED error.",P1,database,synthetic_master
"Redis Cache Cluster Exhausted Max Connections The Redis cache cluster reached its maximum connection limit of 200, causing all payment processing to halt. This issue impacted 50 million daily transactions, leading to a significant revenue loss. The Redis cluster was not configured to handle the volume of concurrent connections required by FinTechFlow's transactional load.",P1,database,synthetic_master
"Elasticsearch Deadlock Outage A deadlock was detected on the transactions table in the Elasticsearch cluster, causing a complete outage of payment processing. This impacted all 50 million daily transactions. A race condition in the Elasticsearch indexing process led to a deadlock on the transactions table, affecting payment processing.",P1,database,synthetic_master
"PostgreSQL Primary Outage - WAL Disk Full The PostgreSQL primary database experienced a complete outage due to a WAL disk full on /dev/xvda1, halting all payment processing and resulting in significant revenue loss. Insufficient disk space allocated for WAL logs on the PostgreSQL primary node, leading to a full disk and subsequent outage.",P1,database,synthetic_master
"Redis Cache Cluster Failure A replication lag of 45 seconds on the read replica caused a complete outage of the Redis cache cluster, halting all payment processing and resulting in significant revenue impact. Replication lag on the read replica led to a complete failure of the Redis cache cluster, affecting all payment processing transactions.",P1,database,synthetic_master
"Elasticsearch Cluster Failure Halts Payment Processing An Elasticsearch cluster outage caused by ECONNREFUSED on port 5432 impacted all payment transactions, resulting in a complete system outage. Port 5432 was blocked due to a misconfigured firewall rule in Kubernetes on AWS EKS.",P1,database,synthetic_master
"PostgreSQL Primary Outage The PostgreSQL primary database experienced a connection limit issue, hitting the max_connections threshold of 200, halting all payment transactions and causing a $10k/minute revenue impact. Too many concurrent transactions overwhelmed the PostgreSQL primary instance, reaching the max_connections limit of 200.",P1,database,synthetic_master
"Redis Cache Cluster Deadlock A deadlock was detected on the transactions table, causing the Redis cache cluster to fail, halting all payment processing for 60 minutes. A transaction deadlock occurred between multiple services accessing the transactions table concurrently.",P1,database,synthetic_master
"Elasticsearch Cluster Outage Due to WAL Disk Full The Elasticsearch cluster experienced a complete outage, halting all payment processing. The error indicated that the Write-Ahead Log (WAL) disk on /dev/xvda1 was full, impacting 50 million daily transactions. Insufficient disk space on the Elasticsearch node, causing the WAL disk to fill up and bring down the cluster.",P1,database,synthetic_master
"PostgreSQL Primary Failure The PostgreSQL primary database experienced a complete outage, halting all payment processing and causing a $10k/minute revenue impact. Replication lag of 45 seconds on the read replica was identified as the root cause. Insufficient monitoring and replication lag issues led to the primary database failing over to the read replica, which was not properly configured to handle write operations.",P1,database,synthetic_master
"PostgreSQL Primary Database Failure The PostgreSQL primary database experienced an ECONNREFUSED error on port 5432, leading to significant degradation in payment processing and customer complaints. A misconfiguration issue caused the primary PostgreSQL instance to fail, resulting in the ECONNREFUSED error.",P2,database,synthetic_master
"Redis Cache Cluster Exceeded Max Connections The Redis cache cluster in production exceeded its max_connections limit of 200, leading to connection failures and transactional delays. This affected payment processing transactions, causing some customers to experience payment issues. The number of concurrent connections to the Redis cache cluster reached its max_connections limit, which was insufficient for the current load.",P2,database,synthetic_master
"Elasticsearch Cluster Deadlock Detected A deadlock was detected on the transactions table in the Elasticsearch cluster, leading to significant degradation and some failed transactions. This affected a portion of the payment processing pipeline. Deadlock on the transactions table due to concurrent write operations in the Elasticsearch cluster.",P2,database,synthetic_master
"PostgreSQL Primary WAL Disk Full The primary PostgreSQL database experienced a WAL disk full on /dev/xvda1, leading to significant degradation in transaction processing and customer complaints. Insufficient disk space due to excessive write-ahead log (WAL) files accumulation on the primary PostgreSQL instance.",P2,database,synthetic_master
"Redis Cache Cluster Replication Lag Replication lag of 45 seconds on the read replica caused significant performance degradation, affecting payment transactions and leading to customer complaints. Network latency issues between the primary and read replica servers impacting replication speed.",P2,database,synthetic_master
"Elasticsearch Cluster Failure The Elasticsearch cluster failed with ECONNREFUSED on port 5432, affecting payment transactions and leading to customer complaints. A misconfiguration in the Elasticsearch service caused the database connection to refuse, leading to service degradation.",P2,database,synthetic_master
"PostgreSQL Primary Exceeded Max Connections The PostgreSQL primary database experienced a high connection load, reaching the max_connections limit of 200, leading to some transactions failing and customer complaints increasing. Insufficient connection pool size configuration for concurrent transaction load in production.",P2,database,synthetic_master
"Redis Cache Cluster Deadlock on Transactions A deadlock was detected on the transactions table in the Redis cache cluster, leading to a significant degradation in payment processing and customer complaints. Deadlocks occurred due to concurrent transactions accessing the same data in Redis without proper locking mechanisms.",P2,database,synthetic_master
"Elasticsearch Cluster Disk Space Exhausted The Elasticsearch cluster experienced a WAL disk full issue on /dev/xvda1, leading to significant performance degradation and some payment transactions failing. This impacted a portion of our daily 50 million transactions. Insufficient disk space on the Elasticsearch node's root partition due to excessive log file accumulation.",P2,database,synthetic_master
"PostgreSQL Primary Replication Lag Replication lag of 45 seconds on the PostgreSQL primary caused read operations to fail, impacting 50 million daily transactions and leading to customer complaints. High transaction load and network latency between primary and read replica led to replication lag.",P2,database,synthetic_master
"Redis Cache Cluster Failure A Redis cache cluster failure caused ECONNREFUSED errors on port 5432, leading to payment processing delays and customer complaints. A misconfigured Kubernetes service causing the Redis pods to lose network connectivity.",P2,database,synthetic_master
"Elasticsearch Cluster Overloaded with Too Many Connections The Elasticsearch cluster at FinTechFlow experienced a significant degradation due to reaching the max_connections limit (200), causing some payment transactions to fail and customer complaints to rise. The Elasticsearch cluster was overloaded with too many concurrent connections, exceeding the max_connections limit of 200 set in the configuration.",P2,database,synthetic_master
"PostgreSQL Primary Deadlock Detected A deadlock was detected on the transactions table in the PostgreSQL primary database, leading to significant degradation and some transaction failures. Customers began reporting issues with payment processing. High concurrency on the transactions table caused a deadlock due to conflicting transactions acquiring locks in different orders.",P2,database,synthetic_master
"Redis Cache Cluster Disk Full The Redis cache cluster experienced a disk full issue, specifically on the WAL disk /dev/xvda1, leading to performance degradation and some payment transactions failing. Customer complaints about delayed payments increased. Insufficient disk space due to excessive write-ahead log (WAL) data accumulation in the Kubernetes pod's local ephemeral storage.",P2,database,synthetic_master
"Elasticsearch Replication Lag Caused Performance Degradation Replication lag of 45 seconds on the read replica led to performance degradation and affected payment transactions, resulting in customer complaints. Insufficient resources and misconfigured read replica settings in the Elasticsearch cluster.",P2,database,synthetic_master
"PostgreSQL Primary ECONNREFUSED The PostgreSQL primary database experienced an ECONNREFUSED error on port 5432, leading to significant degradation in payment processing and customer complaints. A network misconfiguration caused the PostgreSQL primary instance to be unreachable, resulting in ECONNREFUSED errors.",P2,database,synthetic_master
"Redis Cache Cluster Exceeded Max Connections The Redis cache cluster in FinTechFlow's production environment exceeded its max_connections limit of 200, leading to connection errors and transaction failures, affecting payment processing for 50 million daily transactions. The number of concurrent connections to the Redis cluster surged beyond the configured limit of 200, overwhelming the available connections and causing connection exhaustion.",P2,database,synthetic_master
"Elasticsearch Deadlock on Transactions The Elasticsearch cluster experienced a deadlock on the transactions table, leading to some payment transactions failing and increasing customer complaints. A race condition in the Java Spring Boot application led to deadlocks on the transactions table, causing Elasticsearch to hang.",P2,database,synthetic_master
"PostgreSQL WAL Disk Full on Primary The primary PostgreSQL database experienced a WAL disk full error on /dev/xvda1, leading to significant degradation in payment processing and some transactions failing. Customers began reporting issues with their transactions. Insufficient disk space on the primary PostgreSQL instance due to excessive write-ahead log (WAL) generation.",P2,database,synthetic_master
"Redis Cache Cluster Replication Lag Replication lag of 45 seconds on the read replica impacted our Redis cache cluster, leading to some payment transactions failing and customer complaints rising. Network latency between primary and secondary nodes increased due to recent AWS EKS cluster resizing operations.",P2,database,synthetic_master
"Elasticsearch Cluster Crash The Elasticsearch cluster experienced a failure, causing connection issues with the PostgreSQL database (ECONNREFUSED on port 5432). This impacted transaction processing and led to customer complaints. A misconfigured Kubernetes pod caused the Elasticsearch cluster to crash, leading to the database connection refusal.",P2,database,synthetic_master
"PostgreSQL Primary Connection Limit Exceeded The PostgreSQL primary database reached its max_connections limit of 200, causing transaction failures and customer complaints. The number of concurrent transactions exceeded the configured max_connections limit of 200 on the PostgreSQL primary database.",P2,database,synthetic_master
"Redis Cache Cluster Deadlock on Transactions A deadlock was detected on the transactions table in the Redis cache cluster, leading to significant degradation in service and some failed transactions. This affected payment processing for our B2B customers, resulting in rising customer complaints. Deadlock occurred due to concurrent read and write operations on the transactions table without proper locking mechanisms in place.",P2,database,synthetic_master
"Elasticsearch Cluster Disk Space Exhausted The Elasticsearch cluster experienced a WAL disk full error on /dev/xvda1, leading to significant degradation in service. Transactions involving search functionalities were impacted, resulting in customer complaints. Insufficient disk space due to excessive write-ahead log (WAL) accumulation in the Elasticsearch cluster.",P2,database,synthetic_master
"PostgreSQL Primary Replication Lag Replication lag of 45 seconds on the PostgreSQL primary caused read operations to fail, impacting 50 million daily transactions and leading to customer complaints. Network latency issues between the primary and read replica in the Kubernetes cluster on AWS EKS.",P2,database,synthetic_master
"Redis Cache Cluster Failed, Causing Payment Delays The Redis cache cluster experienced a connection issue, resulting in ECONNREFUSED errors on port 5432, leading to payment transaction delays and increased customer complaints. A network misconfiguration led to the Redis cluster being unreachable, causing ECONNREFUSED errors.",P2,database,synthetic_master
"Elasticsearch Cluster Overloaded with Too Many Connections The Elasticsearch cluster experienced a significant load due to too many concurrent connections, hitting the max_connections limit of 200, causing some payment transactions to fail and leading to increased customer complaints. The Elasticsearch cluster was configured with a max_connections limit of 200, which was insufficient to handle the high transaction load, leading to connection exhaustion.",P2,database,synthetic_master
"PostgreSQL Primary Deadlock on Transactions A deadlock was detected on the transactions table in the PostgreSQL primary database, leading to significant degradation in payment processing and customer complaints. Concurrent write operations on the transactions table without proper locking mechanisms caused a deadlock.",P2,database,synthetic_master
"Redis Cache Cluster Out of Disk Space The Redis cache cluster experienced a WAL (Write-Ahead Log) disk full error on /dev/xvda1, leading to performance degradation and some transaction failures, impacting payment processing for our B2B platform. Insufficient disk space on the Redis server due to excessive log accumulation.",P2,database,synthetic_master
Elasticsearch Replication Lag Replication lag of 45 seconds on the read replica led to performance degradation and customer complaints regarding delayed transaction processing. Misconfigured read replica settings leading to delayed synchronization in the Elasticsearch cluster.,P2,database,synthetic_master
"PostgreSQL Primary DB Outage The PostgreSQL primary database experienced an outage, with 'ECONNREFUSED' errors on port 5432, leading to significant payment transaction failures and increased customer complaints. A network issue between the Kubernetes cluster and the PostgreSQL primary instance caused the connection refused errors.",P2,database,synthetic_master
"Redis Cache Cluster Exhausted Connections Due to an increase in transaction volume, the Redis cache cluster in FinTechFlow’s production environment experienced too many connections, hitting the max_connections limit of 200, leading to degraded performance and some transaction failures. The Redis cache cluster reached its max_connections limit of 200 due to an unexpected surge in transaction volume, overwhelming the available connections.",P2,database,synthetic_master
"Elasticsearch Cluster Deadlock The Elasticsearch cluster experienced a deadlock on the transactions table, causing significant performance degradation and some transaction failures. This impacted payment processing and led to increased customer complaints. A deadlock occurred due to concurrent write operations on the transactions table in PostgreSQL, leading to a blockage in the Elasticsearch cluster.",P2,database,synthetic_master
"PostgreSQL Primary WAL Disk Full The PostgreSQL primary database experienced a WAL disk full error on /dev/xvda1, causing significant degradation in transaction processing and resulting in customer complaints. Insufficient disk space due to prolonged data retention policies without adequate monitoring and auto-scaling configurations.",P2,database,synthetic_master
"Redis Replication Lag Caused Service Degradation Replication lag on the read replica reached 45 seconds, causing performance issues and some transaction failures in the Redis cache cluster. Payment transactions were significantly impacted, leading to increased customer complaints. Insufficient resources allocated to the Redis read replica, leading to a replication lag of 45 seconds.",P2,database,synthetic_master
"Elasticsearch Cluster Down - P2 Incident The Elasticsearch cluster experienced a critical failure, showing ECONNREFUSED errors on port 5432, impacting payment transactions and causing customer complaints to rise. A Kubernetes pod failure in the Elasticsearch cluster led to connectivity issues, specifically ECONNREFUSED errors on port 5432.",P2,database,synthetic_master
"PostgreSQL Primary Connection Limit Exceeded The PostgreSQL primary database experienced a connection limit issue, causing too many connections (max_connections=200). This impacted payment transactions, leading to delays and customer complaints. The max_connections setting was insufficient for the current load, leading to connection exhaustion.",P2,database,synthetic_master
"Redis Cache Cluster Deadlock Detected Deadlock detected on transactions table led to significant degradation of Redis cache cluster, causing some payment transactions to fail and customer complaints to rise. Deadlock in transactions table due to concurrent read and write operations not being properly managed.",P2,database,synthetic_master
"Elasticsearch Cluster Disk Full The Elasticsearch cluster in our production environment experienced a disk full condition on /dev/xvda1, leading to significant performance degradation and some payment transactions failing. This affected a portion of our daily 50 million transaction volume, resulting in increased customer complaints. Insufficient disk space due to excessive log retention settings and lack of automated disk space management in the Elasticsearch cluster.",P2,database,synthetic_master
"PostgreSQL Primary Replication Lag PostgreSQL primary database experienced replication lag of 45 seconds, causing some read operations to fail. This affected payment transactions and led to an increase in customer complaints. High write traffic and network latency between primary and read replica caused the replication lag.",P2,database,synthetic_master
"Redis Cache Cluster Failure A Redis cache cluster outage caused ECONNREFUSED errors on port 5432, leading to payment transaction delays and customer complaints. An unexpected network partition caused the Redis nodes to become unresponsive, resulting in ECONNREFUSED errors on port 5432.",P2,database,synthetic_master
"Elasticsearch Cluster Overloaded with Too Many Connections The Elasticsearch cluster experienced a significant degradation in performance due to reaching the max_connections limit of 200, leading to failed transactions and increased customer complaints. The Elasticsearch cluster reached its max_connections limit of 200, causing too many concurrent transactions to fail.",P2,database,synthetic_master
"PostgreSQL Primary Deadlock Detected A deadlock was detected on the transactions table in the PostgreSQL primary database, leading to some transactions failing and increasing customer complaints. Concurrent write operations on the transactions table without proper locking strategy caused a deadlock.",P2,database,synthetic_master
"Redis Cache Cluster Disk Full The Redis cache cluster in the production environment experienced a disk full error (WAL disk full on /dev/xvda1), causing some payment transactions to fail and customer complaints to rise. Insufficient disk space due to WAL (Write-Ahead Logging) files accumulation in the Redis cluster.",P2,database,synthetic_master
"Elasticsearch Replication Lag Disrupts Transactions Replication lag on the read replica reached 45 seconds, causing read operations to fail and impacting 5% of payment transactions, leading to increased customer complaints. Misconfigured read replica settings in the Elasticsearch cluster, leading to increased latency and replication lag.",P2,database,synthetic_master
"PostgreSQL Primary Failure The PostgreSQL primary database experienced an ECONNREFUSED error on port 5432, leading to significant degradation and failed payment transactions. A network issue between the Kubernetes cluster and the PostgreSQL instance caused the ECONNREFUSED error.",P2,database,synthetic_master
"Redis Cache Cluster Exhausted Connections The Redis cache cluster reached its maximum connection limit, causing performance degradation and some transactions to fail, leading to increased customer complaints. The Redis cache cluster max_connections limit of 200 was exceeded due to a sudden surge in transaction volume.",P2,database,synthetic_master
"Elasticsearch Deadlock on Transactions The Elasticsearch cluster experienced a deadlock, causing issues with transaction indexing and leading to some payment transactions failing. This impacted a portion of our daily 50 million transactions. A deadlock occurred on the transactions table due to concurrent index operations in our Java Spring Boot microservices.",P2,database,synthetic_master
"PostgreSQL WAL Disk Full The PostgreSQL primary database experienced a WAL disk full error on /dev/xvda1, leading to significant degradation and transaction failures. Affected payment transactions include those processed during the incident window. Insufficient disk space on the primary PostgreSQL node, exacerbated by high transaction volumes and inadequate monitoring.",P2,database,synthetic_master
"Redis Cache Cluster Replication Lag Replication lag of 45 seconds on the read replica affected the Redis cache cluster, leading to transactional inconsistencies and customer complaints. Network latency issues between the primary and read replica servers in different AWS regions.",P2,database,synthetic_master
"Elasticsearch Down, Affects Payment Processing The Elasticsearch cluster in the production environment experienced an outage, with errors indicating connection refused (ECONNREFUSED) on port 5432. This impacted payment transactions, causing significant degradation and rising customer complaints. A misconfigured Redis cache evicted critical Elasticsearch index metadata, leading to connection issues with PostgreSQL.",P2,database,synthetic_master
"PostgreSQL Primary Connection Limit Exceeded The PostgreSQL primary database experienced a connection limit issue, hitting the max_connections limit of 200, leading to transaction failures and rising customer complaints. The max_connections limit was set too low for the current load, causing too many concurrent connections to exceed the threshold.",P2,database,synthetic_master
"Deadlock detected on Redis cache cluster Due to a deadlock detected on the transactions table, the Redis cache cluster experienced significant degradation, causing some payment transactions to fail and customer complaints to rise. A deadlock on the transactions table in the PostgreSQL database led to write operations blocking read operations, causing the Redis cache to fail to update properly.",P2,database,synthetic_master
"Elasticsearch Cluster Disk Full The Elasticsearch cluster experienced a disk full issue on the WAL (Write-Ahead Log) disk, causing some payment transactions to fail and leading to an increase in customer complaints. Insufficient disk space due to accumulated WAL files, exacerbated by the Elasticsearch cluster’s storage configuration on /dev/xvda1.",P2,database,synthetic_master
"PostgreSQL Primary Replication Lag Replication lag on the PostgreSQL primary reached 45 seconds, causing read operations to fail and impacting 50 million daily transactions, leading to customer complaints. Insufficient resources and high write load on the PostgreSQL primary server, leading to replication lag.",P2,database,synthetic_master
"Redis Cache Cluster Failure The Redis cache cluster in production experienced an ECONNREFUSED error on port 5432, leading to cache misses and significant degradation in payment processing. This affected approximately 10% of transactions, causing customer complaints to rise. A network issue between the Redis cache cluster and the application servers caused the ECONNREFUSED error, leading to cache misses and increased database load.",P2,database,synthetic_master
"Elasticsearch Cluster Overloaded with Connections The Elasticsearch cluster experienced a high number of connection requests, hitting the max_connections limit of 200, leading to degraded performance and some failed transactions. This impacted payment processing workflows. The Elasticsearch cluster received an unexpected surge in connection requests, exceeding the configured max_connections limit of 200.",P2,database,synthetic_master
"PostgreSQL Primary Deadlock Detected A deadlock was detected on the transactions table in the PostgreSQL primary database, leading to some payment transactions failing and customer complaints increasing. High concurrency on the transactions table caused a deadlock due to conflicting transactions in the PostgreSQL primary database.",P2,database,synthetic_master
"Redis Cache Cluster Failure Due to WAL Disk Full The Redis cache cluster experienced a failure due to the Write-Ahead Log (WAL) disk being full on /dev/xvda1, impacting payment transactions and leading to customer complaints. The WAL disk space was exhausted due to insufficient storage allocation and improper monitoring in the FinTechFlow environment.",P2,database,synthetic_master
"Elasticsearch Replication Lag Disrupts Service Replication lag of 45 seconds on the read replica caused performance degradation, affecting payment transaction indexing and processing. Network latency between primary and read replica nodes led to delayed data synchronization.",P2,database,synthetic_master
"PostgreSQL Primary DB Failure PostgreSQL primary database experienced a connection refusal error (ECONNREFUSED on port 5432), causing significant degradation in payment processing and customer complaints to rise. Network connectivity issue between Kubernetes nodes and the PostgreSQL primary instance.",P2,database,synthetic_master
"Redis Cache Cluster Exceeded Max Connections The Redis cache cluster in FinTechFlow’s production environment experienced an overload of too many connections, hitting the max_connections limit of 200, leading to degraded service for payment transactions and rising customer complaints. The Redis cache cluster in FinTechFlow’s stack was not configured to handle the current load, resulting in the max_connections limit being exceeded.",P2,database,synthetic_master
"Elasticsearch Cluster Deadlock Detected A deadlock was detected on the transactions table in the Elasticsearch cluster, leading to significant degradation and some failing transactions. This impacted payment processing for a subset of our customers. Deadlocks occurred due to concurrent write operations on the transactions table, which are not properly managed in the Elasticsearch cluster setup.",P2,database,synthetic_master
"PostgreSQL Primary WAL Disk Full The PostgreSQL primary database experienced a WAL disk full error on /dev/xvda1, leading to significant degradation and some transaction failures, impacting payment processing for customers. Insufficient disk space due to excessive write-ahead log (WAL) generation, exacerbated by high transaction volume on the PostgreSQL primary node.",P2,database,synthetic_master
"Redis Cache Cluster Replication Lag Replication lag of 45 seconds on the read replica caused performance degradation and some transaction failures, impacting payment processing. Insufficient Redis read replica configuration and high write traffic led to replication lag in the FinTechFlow environment.",P2,database,synthetic_master
"Elasticsearch Cluster Failed with ECONNREFUSED The Elasticsearch cluster experienced a failure, returning ECONNREFUSED on port 5432, impacting payment transactions and leading to customer complaints. A misconfiguration in the Kubernetes service definition caused the Elasticsearch nodes to lose connectivity to the PostgreSQL database.",P2,database,synthetic_master
"PostgreSQL Primary Exceeded Max Connections The PostgreSQL primary database experienced a connection limit issue, with the max_connections parameter set to 200, causing some payment transactions to fail. Customer complaints increased due to the degradation in service. The PostgreSQL primary database max_connections parameter was set to 200, which was insufficient for the current load of 50 million transactions per day.",P2,database,synthetic_master
"Redis Cache Cluster Deadlock Detected A deadlock was detected on the transactions table in the Redis cache cluster, causing significant performance degradation and some transaction failures, impacting customer experience. A deadlock occurred due to concurrent transactions accessing the same resources in a cyclic wait pattern, specifically within the transactions table.",P2,database,synthetic_master
"Elasticsearch Cluster Disk Full The Elasticsearch cluster experienced a disk full issue on the WAL (Write-Ahead Log) disk, causing some payment transaction indexing to fail and leading to customer complaints. Insufficient disk space on the primary Elasticsearch node due to unoptimized indexing and log retention policies.",P2,database,synthetic_master
"PostgreSQL Primary Replication Lag Replication lag of 45s on the PostgreSQL primary caused transaction delays, affecting 50 million daily transactions and leading to customer complaints. Network latency issues between the primary and read replica led to the observed replication lag.",P2,database,synthetic_master
"Redis Cache Cluster Failure The Redis cache cluster in FinTechFlow experienced an ECONNREFUSED error on port 5432, leading to significant degradation in performance and some failed transactions. This issue affected customer payments and resulted in rising complaints. The Redis cluster encountered an ECONNREFUSED error likely due to misconfiguration or a network issue impacting its connection to the PostgreSQL database.",P2,database,synthetic_master
"Elasticsearch Cluster Overloaded - Too Many Connections The Elasticsearch cluster experienced a significant load, reaching the max_connections limit of 200, causing some payment transactions to fail and customer complaints to rise. The Elasticsearch cluster was under heavy load due to an unexpected influx of data requests, hitting the max_connections limit.",P2,database,synthetic_master
"PostgreSQL Primary Deadlock Detected A deadlock was detected on the transactions table in the PostgreSQL primary database, causing significant degradation and some transaction failures. This impacted a subset of payment transactions, leading to customer complaints. Insufficient indexing and transaction management leading to deadlocks in high-concurrency scenarios.",P2,database,synthetic_master
"Redis Cache Cluster Disk Full The Redis cache cluster experienced a WAL disk full error on /dev/xvda1, leading to significant performance degradation and some transactions failing, resulting in increased customer complaints. Insufficient disk space in the Redis cluster due to excessive write-ahead log (WAL) data accumulation.",P2,database,synthetic_master
"Elasticsearch Replication Lag Replication lag of 45 seconds on the read replica caused significant degradation in Elasticsearch cluster performance, impacting search functionality for 30 minutes. Insufficient resources allocated to the read replica, leading to delayed data replication.",P2,database,synthetic_master
"PostgreSQL Primary Failure The PostgreSQL primary database experienced a connection refusal error (ECONNREFUSED on port 5432), leading to significant degradation in payment processing and customer complaints. A network misconfiguration caused the PostgreSQL primary instance to be unreachable, resulting in connection errors.",P2,database,synthetic_master
"Redis Cache Cluster Exhausted Connections The Redis cache cluster in production experienced a connection exhaustion issue, hitting the max_connections limit of 200, leading to degraded performance and failed transactions. This impacted payment processing for a significant number of transactions. The transaction load exceeded the configured max_connections limit in the Redis cluster, causing connection exhaustion.",P2,database,synthetic_master
"Elasticsearch Cluster Deadlock Detected The Elasticsearch cluster experienced a deadlock issue, causing significant performance degradation and some payment transactions to fail. Customers reported increased complaints due to delayed or failed transaction processing. Deadlock detected on the transactions table due to concurrent write operations in the Elasticsearch cluster.",P2,database,synthetic_master
"PostgreSQL WAL Disk Full The PostgreSQL primary database experienced a WAL disk full error on /dev/xvda1, causing significant degradation in transaction processing and leading to some failed transactions. Affected payment transactions included transfers and refunds. Insufficient disk space due to excessive write-ahead log (WAL) file generation in the PostgreSQL primary cluster.",P2,database,synthetic_master
"Redis Cache Cluster Replication Lag Replication lag of 45 seconds on the read replica impacted the Redis cache cluster, leading to some transactions failing and customer complaints increasing. Network latency between the primary and read replica in the AWS EKS cluster caused the replication lag.",P2,database,synthetic_master
"Elasticsearch Cluster Down The Elasticsearch cluster experienced an outage causing 500,000 payment transactions to fail, leading to customer complaints. The error reported was 'ECONNREFUSED on port 5432', indicating a connection refused issue. A network configuration issue caused the PostgreSQL database pods to be unreachable, leading to the connection refusal error.",P2,database,synthetic_master
"PostgreSQL Primary Connection Limit Exceeded The PostgreSQL primary database experienced a connection limit issue, reaching the max_connections threshold of 200, leading to transaction failures and increased customer complaints. The number of concurrent transactions exceeded the configured max_connections limit of 200, causing the database to run out of available connections.",P2,database,synthetic_master
"Redis Cache Cluster Deadlock Detected A deadlock was detected on the transactions table within the Redis cache cluster, causing some payment transactions to fail and customer complaints to rise. Concurrency issues and locking conflicts in the Redis cache cluster led to a deadlock on the transactions table.",P2,database,synthetic_master
"Elasticsearch Cluster Disk Full The Elasticsearch cluster in the production environment experienced a disk full issue, specifically the WAL (Write-Ahead Log) on /dev/xvda1 reached capacity, leading to degraded search functionality and impacting transaction processing. Insufficient disk space due to excessive WAL log accumulation in the Elasticsearch cluster, exacerbated by high transaction volumes and inadequate monitoring.",P2,database,synthetic_master
"PostgreSQL Primary Degradation Replication lag of 45 seconds on the read replica caused significant degradation of the PostgreSQL primary service, affecting transaction processing and leading to customer complaints. Network latency issues between the primary and read replica caused the replication lag.",P2,database,synthetic_master
"Redis Cache Cluster Failure The Redis cache cluster experienced an ECONNREFUSED error on port 5432, leading to a degradation in service and failed transactions. This affected payment processing for multiple transactions, resulting in customer complaints. A network misconfiguration led to the Redis instances being unreachable, causing ECONNREFUSED errors.",P2,database,synthetic_master
"Elasticsearch Cluster Overloaded The Elasticsearch cluster in the production environment experienced a max_connections error, leading to service degradation and some transaction failures. This impacted payment processing flows for a significant number of users. The Elasticsearch cluster was configured with a max_connections limit of 200, which was exceeded due to increased transaction volumes, causing connection issues.",P2,database,synthetic_master
"PostgreSQL Primary Deadlock Detected A deadlock was detected on the transactions table in the PostgreSQL primary database, leading to some payment transactions failing and customer complaints increasing. A high volume of concurrent transactions on the transactions table in PostgreSQL caused a deadlock.",P2,database,synthetic_master
"Redis Cache Cluster Out of Space The Redis cache cluster experienced a WAL disk full error on /dev/xvda1, leading to cache eviction and performance degradation. This impacted payment transactions, causing delays and some transactions to fail. The Redis cache cluster ran out of disk space due to excessive log writes and insufficient cleanup.",P2,database,synthetic_master
Elasticsearch Replication Lag Disrupts Service Replication lag of 45 seconds on the read replica caused performance degradation and affected payment transactions in the Elasticsearch cluster. Customer complaints about delayed processing increased significantly. Network latency between the primary and read replica in the Kubernetes cluster on AWS EKS.,P2,database,synthetic_master
"PostgreSQL Primary Failure - ECONNREFUSED The PostgreSQL primary database experienced a failure, returning ECONNREFUSED on port 5432, affecting 50 million daily transactions and leading to customer complaints. A configuration issue caused the PostgreSQL primary instance to unexpectedly stop responding, leading to connection refusals.",P2,database,synthetic_master
"Redis Cache Cluster Exhausted Connections The Redis cache cluster experienced a connection exhaustion issue, reaching the max_connections limit of 200, leading to failures in caching and subsequent degradation of payment processing transactions. The Redis cache cluster was configured with a max_connections limit of 200, which was insufficient to handle the load during peak transaction periods.",P2,database,synthetic_master
"Elasticsearch Deadlock on Transactions The Elasticsearch cluster experienced a deadlock on the transactions table, leading to significant performance degradation and some transaction failures, impacting payment processing. Deadlocks on the transactions table due to concurrent indexing and search operations in the Elasticsearch cluster.",P2,database,synthetic_master
"PostgreSQL Primary WAL Disk Full The PostgreSQL primary database experienced a WAL disk full error on /dev/xvda1, leading to significant degradation and some transaction failures. This impacted a subset of payment transactions, causing customer complaints to rise. Insufficient disk space due to excessive write-ahead log (WAL) accumulation on the primary PostgreSQL node.",P2,database,synthetic_master
"Redis Cache Cluster Replication Lag Replication lag of 45 seconds on the read replica impacted transaction processing, causing some transactions to fail and customer complaints to rise. Network latency between master and read replica led to replication lag in the Redis cache cluster.",P2,database,synthetic_master
"Elasticsearch Cluster Down The Elasticsearch cluster in FinTechFlow's production environment experienced a critical failure, resulting in ECONNREFUSED errors on port 5432. This impacted transaction processing, leading to some payment transactions failing and an increase in customer complaints. A misconfiguration in the Elasticsearch deployment caused the database connection to fail, leading to the ECONNREFUSED error.",P2,database,synthetic_master
"PostgreSQL Primary Exceeded Max Connections The PostgreSQL primary database reached its max_connections limit, causing too many connections errors and transaction failures, impacting critical payment processing. The transaction load exceeded the configured max_connections limit of 200.",P2,database,synthetic_master
"Redis Cache Cluster Deadlock on Transactions Table A deadlock was detected on the transactions table within the Redis cache cluster, leading to significant degradation in payment processing and customer complaints. A race condition between multiple services accessing the transactions table concurrently in Redis.",P2,database,synthetic_master
"Elasticsearch Cluster Disk Full The Elasticsearch cluster experienced a WAL disk full on /dev/xvda1, causing performance degradation and some payment transactions to fail. Customer complaints began to rise due to service disruptions. Insufficient disk space due to high write activity and missing automatic disk space management in the Elasticsearch cluster setup.",P2,database,synthetic_master
"PostgreSQL Primary Replication Lag Replication lag on the PostgreSQL primary reached 45 seconds, causing some transactions to fail and leading to increased customer complaints. Network congestion between the primary and read replica in the AWS EKS cluster.",P2,database,synthetic_master
"PostgreSQL Primary Connection Refused On 2023-10-15, the PostgreSQL primary database experienced an ECONNREFUSED error on port 5432, affecting approximately 5% of payment transactions. A misconfiguration in the Kubernetes pod's network settings caused the PostgreSQL primary instance to reject connections.",P3,database,synthetic_master
"Redis Cache Cluster Exceeded Max Connections A Redis cache cluster in the production environment reached its max_connections limit of 200, causing a brief degradation in service for a small subset of users. The application experienced a surge in request volume, overwhelming the Redis cache cluster's max_connections limit.",P3,database,synthetic_master
"Elasticsearch Cluster Deadlock on Transactions Table A deadlock was detected on the transactions table in the Elasticsearch cluster, affecting a small subset of payment transactions. No revenue impact was observed. Deadlocks occurred due to concurrent write operations on the transactions table, causing temporary service disruptions.",P3,database,synthetic_master
"WAL Disk Full on PostgreSQL Primary PostgreSQL primary experienced a WAL disk full error on /dev/xvda1, causing temporary disruptions in transaction processing. Affected were a small subset of users, primarily those making transactions during the incident. Insufficient disk space due to excessive write-ahead log (WAL) generation without timely archiving.",P3,database,synthetic_master
"Short Replication Lag on Redis Read Replica Replication lag of 45 seconds was observed on the Redis read replica, causing temporary delays in cache responses for a small subset of payment transactions. Network latency between the primary and replica instances increased due to unexpected traffic spikes.",P3,database,synthetic_master
"Elasticsearch Cluster Down, P3 An Elasticsearch cluster failure caused by an ECONNREFUSED error on port 5432 affected a small subset of payment transactions in the production environment. A misconfiguration in the Kubernetes service definition led to the Elasticsearch pods not being able to connect to the PostgreSQL database on port 5432.",P3,database,synthetic_master
"PostgreSQL Primary Connection Limit Reached The PostgreSQL primary database reached its maximum connection limit, causing temporary performance issues for a small subset of payment transactions. Too many concurrent connections exceeded the configured max_connections limit of 200.",P3,database,synthetic_master
"Redis Cache Cluster Deadlock Detected A deadlock was detected on the transactions table in the Redis cache cluster, affecting a small subset of payment transactions. Users experienced delays in transaction processing. A race condition occurred between multiple concurrent transactions, leading to a deadlock situation.",P3,database,synthetic_master
"Elasticsearch Cluster Disk Space Warning A warning was triggered due to WAL disk full on /dev/xvda1 in the Elasticsearch cluster, affecting a small subset of payment transactions. Insufficient disk space on the Elasticsearch node hosting the WAL files.",P3,database,synthetic_master
"Replication Lag on PostgreSQL Read Replica Replication lag of 45 seconds on the PostgreSQL primary read replica caused temporary delays in read operations, affecting a small subset of payment transactions. Network latency and increased write traffic caused the replication lag on the PostgreSQL read replica.",P3,database,synthetic_master
"Redis Cache Cluster Connectivity Issue A connectivity issue caused by an ECONNREFUSED error on port 5432 affected the Redis cache cluster, impacting a small subset of payment transactions. A misconfiguration in the Kubernetes service definition for the Redis cache cluster led to the ECONNREFUSED error.",P3,database,synthetic_master
"Elasticsearch Cluster Exceeded Max Connections The Elasticsearch cluster experienced a connection limit issue due to too many open connections, hitting the max_connections limit of 200. This affected a small subset of payment transactions, primarily those involving real-time analytics. The Elasticsearch cluster was under heavy load from real-time analytics requests, exceeding the configured max_connections limit of 200.",P3,database,synthetic_master
"PostgreSQL Primary Deadlock on Transactions A deadlock was detected on the transactions table in the PostgreSQL primary database, causing brief disruptions to payment processing for a small subset of users. Multiple concurrent transactions were attempting to lock the same rows in a conflicting order, leading to a deadlock.",P3,database,synthetic_master
"Redis Cache Cluster Performance Degradation Due to WAL disk full on /dev/xvda1, the Redis cache cluster experienced performance degradation, affecting a small subset of payment transactions. The write-ahead log (WAL) disk on the Redis cluster's EKS node reached full capacity, leading to performance issues.",P3,database,synthetic_master
"Elasticsearch Replication Lag Replication lag of 45 seconds was observed on the read replica, affecting a small subset of read operations in the Elasticsearch cluster. A configuration error in the Elasticsearch read replica setup led to delayed data replication.",P3,database,synthetic_master
"PostgreSQL Primary Connection Refusal A connection refused error (ECONNREFUSED on port 5432) occurred on the PostgreSQL primary instance, affecting a small subset of payment transactions in the production environment. A network configuration issue caused the PostgreSQL primary instance to fail, leading to connection refused errors.",P3,database,synthetic_master
"Redis Cache Cluster Connection Limit Exceeded Due to a sudden spike in traffic, the Redis cache cluster hit its max_connections limit of 200, affecting 10% of payment transactions. The Redis cache cluster in FinTechFlow was operating with a max_connections limit set too low for the current traffic load.",P3,database,synthetic_master
"Elasticsearch Cluster Deadlock on Transactions A deadlock was detected on the transactions table in the Elasticsearch cluster, impacting a small subset of payment transactions in production. Deadlocks occurred due to concurrent indexing operations on the transactions table, leading to temporary locks and timeouts.",P3,database,synthetic_master
"PostgreSQL WAL Disk Full on Primary The PostgreSQL primary database experienced a WAL (Write-Ahead Log) disk full error on /dev/xvda1, disrupting some payment transactions. Affected users reported delays and failures in transaction processing. Insufficient disk space on the primary PostgreSQL database node, leading to WAL log accumulation.",P3,database,synthetic_master
"Redis Read Replica Replication Lag Replication lag of 45 seconds was observed on the Redis read replica, impacting a small subset of read operations for the payment processing pipeline. Network latency between the master and read replica due to recent AWS EKS cluster resizing and network optimization changes.",P3,database,synthetic_master
"Elasticsearch Cluster Disruption A connectivity issue with the PostgreSQL database led to Elasticsearch cluster failures, causing temporary disruptions in transaction indexing. Error: ECONNREFUSED on port 5432 affected 1% of transactions. Network misconfiguration caused the PostgreSQL service to be unreachable, leading to Elasticsearch connection failures.",P3,database,synthetic_master
"PostgreSQL Primary Connection Limit Exceeded The PostgreSQL primary database reached its max_connections limit of 200, causing connection errors for a small subset of payment transactions. The number of concurrent transactions exceeded the configured max_connections limit of 200.",P3,database,synthetic_master
"Redis Cache Cluster Deadlock Detected A deadlock was detected on the transactions table in the Redis cache cluster, impacting a small subset of payment transactions during the incident. A race condition between concurrent transactions caused the deadlock on the transactions table.",P3,database,synthetic_master
"Elasticsearch WAL Disk Full The Elasticsearch cluster experienced a WAL disk full issue on /dev/xvda1, impacting a small subset of payment transactions during the incident. The Elasticsearch cluster's WAL directory on /dev/xvda1 reached its disk capacity due to a large volume of indexing operations.",P3,database,synthetic_master
"Replication Lag on PostgreSQL Primary Replication lag of 45 seconds was observed on the PostgreSQL primary, causing read queries to experience delays. Affected users saw slight performance degradation, but no financial transactions were impacted. A temporary network congestion issue between the primary and read replica servers.",P3,database,synthetic_master
"Redis Cache Cluster Outage A Redis cache cluster failure caused an ECONNREFUSED error on port 5432, impacting a small subset of payment transactions in the production environment. A configuration issue led to incorrect port assignment for the Redis cluster in the production environment.",P3,database,synthetic_master
"Elasticsearch Cluster Exceeded Max Connections Due to an increase in transaction volume, the Elasticsearch cluster reached its max_connections limit of 200, causing temporary performance issues. Payment transactions through the B2B platform experienced delays for a subset of users. The Elasticsearch cluster's max_connections setting of 200 was insufficient to handle the sudden increase in transaction volume.",P3,database,synthetic_master
"PostgreSQL Deadlock on Transactions A deadlock was detected on the transactions table in the PostgreSQL primary database, affecting a small subset of payment transactions. A complex transactional workflow in the Java Spring Boot application created a circular lock dependency, leading to a deadlock.",P3,database,synthetic_master
"Redis Cache Cluster Disk Full The Redis cache cluster experienced a disk full issue due to the WAL (Write-Ahead Log) files, impacting a small subset of payment transactions. The WAL disk was full on the /dev/xvda1 partition, leading to the Redis cache cluster becoming unresponsive.",P3,database,synthetic_master
"Elasticsearch Replication Lag Disruption Replication lag of 45 seconds on the read replica affected a small subset of payment transactions in the Elasticsearch cluster, impacting 5% of the daily 50 million transactions. Misconfigured read replica settings leading to delayed data synchronization in the Elasticsearch cluster.",P3,database,synthetic_master
"PostgreSQL Primary DB Connection Issue A connection error (ECONNREFUSED on port 5432) occurred with the primary PostgreSQL database, affecting 5% of payment transactions. A misconfiguration in the Kubernetes service definition led to the PostgreSQL pod not being properly exposed.",P3,database,synthetic_master
"Redis Connection Limit Exceeded A Redis cache cluster in the production environment experienced a 'too many connections' error with max_connections set to 200, impacting a small subset of payment transactions. The Redis cluster was overwhelmed by the high transaction load, exceeding its connection limit of 200.",P3,database,synthetic_master
"Elasticsearch Cluster Deadlock Detected A deadlock was detected on the transactions table in the Elasticsearch cluster, affecting a small subset of users. No revenue impact was observed. A race condition in the transaction processing logic caused deadlocks between concurrent Elasticsearch operations.",P3,database,synthetic_master
"WAL Disk Full on Primary DB PostgreSQL primary database experienced a WAL disk full issue on /dev/xvda1, affecting a small subset of payment transactions. No revenue impact was observed. Insufficient disk space due to excessive write-ahead log (WAL) data generated by high transaction volume.",P3,database,synthetic_master
"Redis Read Replica Lagged A replication lag of 45 seconds was detected on the Redis read replica, affecting a small subset of payment transactions. Network latency between the primary and read replica introduced a delay in data synchronization.",P3,database,synthetic_master
"Elasticsearch Cluster Temporarily Down An Elasticsearch cluster in the production environment experienced an outage due to a connection refusal error on port 5432, affecting a small subset of payment transactions. A misconfiguration issue with the Elasticsearch cluster led to an ECONNREFUSED error on the PostgreSQL database port, causing a temporary outage.",P3,database,synthetic_master
"PostgreSQL Connection Limit Exceeded The PostgreSQL primary database reached its max_connections limit of 200, causing temporary performance issues and affecting a small subset of payment transactions. The primary PostgreSQL database experienced a surge in concurrent connections, exceeding its configured max_connections limit.",P3,database,synthetic_master
"Redis Cache Cluster Deadlock Detected A deadlock was detected on the transactions table within the Redis cache cluster, affecting a small subset of payment transactions during the incident. The deadlock was caused by concurrent read and write operations on the transactions table, leading to a conflict in the Redis cache cluster.",P3,database,synthetic_master
"Elasticsearch Cluster Disk Space Alert The Elasticsearch cluster encountered a WAL disk full error on /dev/xvda1, impacting 5% of payment transactions in the production environment. Insufficient disk space due to excessive write-ahead logs (WAL) accumulation in the Elasticsearch cluster.",P3,database,synthetic_master
PostgreSQL Primary Replication Lag Replication lag of 45 seconds on the PostgreSQL primary database affected read operations for a small subset of users. No revenue impact was observed. Network latency issues between the primary and read replica caused the replication lag.,P3,database,synthetic_master
"Redis Cache Cluster Outage A Redis cache cluster issue caused ECONNREFUSED errors on port 5432, impacting a small subset of payment transactions in our production environment. A misconfiguration in the Kubernetes deployment caused the Redis pods to restart, leading to ECONNREFUSED errors on the database port.",P3,database,synthetic_master
"Elasticsearch Cluster Exceeded Max Connections The Elasticsearch cluster at FinTechFlow experienced a connection limit issue, with the max_connections setting of 200 being exceeded. This affected a small subset of payment transactions, primarily those involving high-frequency queries. The Elasticsearch cluster received an unexpected surge in query traffic, overwhelming the max_connections limit of 200.",P3,database,synthetic_master
"PostgreSQL Primary Deadlock Detected A deadlock was detected on the transactions table in the PostgreSQL primary database, affecting a small subset of payment transactions. A high volume of concurrent transactions led to a deadlock situation in the PostgreSQL database.",P3,database,synthetic_master
"Redis Cache Cluster Disk Full Alert A warning was triggered due to the WAL disk full on /dev/xvda1, impacting a small subset of users' payment transactions. Insufficient disk space on the primary disk of the Redis cache cluster, leading to WAL (Write-Ahead Logging) disk full warning.",P3,database,synthetic_master
"Elasticsearch Replication Lag Disruption Replication lag of 45 seconds on the read replica affected some payment transaction indexing, impacting a small subset of users. Network latency between the primary and read replica nodes in the Kubernetes cluster.",P3,database,synthetic_master
"PostgreSQL Primary Connection Refused The PostgreSQL primary database experienced a connection refusal error (ECONNREFUSED on port 5432), affecting a small subset of payment transactions. Users reported a brief delay in transaction processing. A misconfiguration in the Kubernetes service definition for the PostgreSQL primary pod caused the external connection to be refused.",P3,database,synthetic_master
"Redis Cache Cluster Exceeded Max Connections The Redis cache cluster in the production environment experienced an excessive number of connections, hitting the max_connections limit of 200. This issue affected a small subset of payment transactions, primarily those involving high-frequency requests. The max_connections setting was insufficient for the current load, leading to excessive connection attempts and eventual blocking of new connections.",P3,database,synthetic_master
"Elasticsearch Cluster Deadlock Detected A deadlock was detected on the transactions table in the Elasticsearch cluster, affecting a small subset of payment transactions. Users experienced delayed transaction processing. A race condition in the Elasticsearch indexing process caused a deadlock on the transactions table.",P3,database,synthetic_master
"PostgreSQL Primary WAL Disk Space Exhausted The WAL disk on the PostgreSQL primary database filled up due to excessive log file generation, affecting payment transactions for a small subset of users. Insufficient disk space and inadequate log rotation settings in the PostgreSQL configuration.",P3,database,synthetic_master
"Short Replication Lag in Redis Replication lag of 45 seconds was observed on the read replica, causing temporary performance degradation in the Redis cache cluster. This affected a small subset of payment transactions. Network latency issues between the primary and read replica nodes in the Redis cluster.",P3,database,synthetic_master
"Elasticsearch Cluster Temporarily Down An Elasticsearch cluster experienced a connectivity issue, resulting in `ECONNREFUSED` errors on port 5432. This affected a small subset of payment transactions, primarily those requiring real-time analytics. A Kubernetes pod failure in the Elasticsearch cluster led to network connectivity issues, causing the `ECONNREFUSED` error.",P3,database,synthetic_master
"PostgreSQL Primary Connection Limit Exceeded Due to an increase in transaction volume, the PostgreSQL primary database reached its maximum connection limit, causing performance degradation for a subset of users. Transactions related to the affected payment flows were impacted. Unexpected surge in transaction volume led to the PostgreSQL primary database hitting its max_connections limit of 200.",P3,database,synthetic_master
"Redis Cache Cluster Deadlock Detected A deadlock was detected on the transactions table in the Redis cache cluster, affecting a small subset of payment transactions during peak hours. A deadlock occurred due to concurrent transactions accessing the transactions table, leading to a temporary lock conflict.",P3,database,synthetic_master
"Elasticsearch Cluster Disk Space Alert The Elasticsearch cluster in the production environment experienced a WAL disk full issue on /dev/xvda1, impacting a small subset of users. Payment transactions were not directly affected, but query performance was degraded. Insufficient disk space due to accumulation of write-ahead logs (WAL) on the Elasticsearch cluster's root volume.",P3,database,synthetic_master
"PostgreSQL Primary Replication Lag Replication lag of 45 seconds was observed on the PostgreSQL primary, affecting read operations. No payment transactions were impacted, but read operations for some services were slowed down. Network latency issues between the primary and read replica in the AWS region.",P3,database,synthetic_master
"Redis Cache Cluster Failure A transient issue occurred in the Redis cache cluster, resulting in ECONNREFUSED errors on port 5432. This affected a small subset of payment transactions, primarily impacting users in the East region. A network connectivity issue between the Redis cluster and the backend services, likely due to a transient AWS EKS node failure.",P3,database,synthetic_master
"Elasticsearch Cluster Connection Limit Exceeded The Elasticsearch cluster reached its maximum connection limit (200), causing temporary service disruptions for a small subset of users handling payment transactions. The Elasticsearch cluster experienced a surge in requests, exceeding its configured maximum_connections limit of 200.",P3,database,synthetic_master
"PostgreSQL Primary Deadlock on Transactions A deadlock was detected on the transactions table in the PostgreSQL primary database, causing a brief disruption for a small subset of users processing payments. A race condition occurred between concurrent transactions, leading to a deadlock.",P3,database,synthetic_master
"Redis Cache Cluster Disk Full Due to unexpected write-ahead log (WAL) growth, the Redis cache cluster disk on /dev/xvda1 reached full capacity, affecting a small subset of payment transactions. WAL disk full on /dev/xvda1 due to a surge in write operations and insufficient cleanup policies.",P3,database,synthetic_master
"Elasticsearch Replication Lag Replication lag of 45 seconds on the read replica affected a small subset of read operations, impacting a few users during the incident. Misconfigured read replica settings leading to delayed data synchronization.",P3,database,synthetic_master
"PostgreSQL Primary Node Connection Refusal The PostgreSQL primary database experienced a connection refusal (ECONNREFUSED) on port 5432, impacting a small subset of payment transactions. No revenue impact was observed. A network configuration issue caused the PostgreSQL primary node to become unreachable, leading to connection refusals.",P3,database,synthetic_master
"Redis Cache Cluster Connection Limit Exceeded Due to the Redis cache cluster reaching its max_connections limit of 200, a temporary issue impacted a small subset of payment transactions, primarily those making frequent cache requests. The number of concurrent requests exceeded the max_connections setting in the Redis configuration.",P3,database,synthetic_master
"Elasticsearch Cluster Deadlock Detected A deadlock was detected on the transactions table in the Elasticsearch cluster, impacting a small subset of payment transactions. No revenue impact was observed. A race condition between concurrent transactions caused a deadlock on the transactions table.",P3,database,synthetic_master
"PostgreSQL WAL Disk Full on Primary Instance A critical alert triggered due to the WAL (Write-Ahead Log) disk space reaching its limit on the PostgreSQL primary instance, affecting a small subset of payment transactions in the production environment. Insufficient disk space on the primary PostgreSQL instance due to the accumulation of WAL files.",P3,database,synthetic_master
"Short Redis Replication Lag Replication lag of 45 seconds was observed on the read replica, affecting a small subset of payment transactions in the Redis cache cluster. A network latency issue between the primary and read replica nodes in the Redis cluster.",P3,database,synthetic_master
"Elasticsearch Cluster Temporarily Down A critical node in the Elasticsearch cluster went down, causing an ECONNREFUSED error on port 5432. This affected a small subset of payment transactions. A critical node failure in the Elasticsearch cluster due to unexpected network issues.",P3,database,synthetic_master
"PostgreSQL Primary Connection Limit Exceeded Due to an increase in transaction volume, the PostgreSQL primary instance reached its max_connections limit of 200, causing issues for a small subset of users. An unexpected surge in transaction volume overwhelmed the configured connection limit.",P3,database,synthetic_master
"Redis Cache Cluster Deadlock A deadlock was detected on the transactions table in the Redis cache cluster, impacting a small subset of payment transactions in the production environment. A race condition between concurrent transactions in the Java Spring Boot application led to a deadlock on the transactions table.",P3,database,synthetic_master
"Elasticsearch Cluster Disk Full Due to a WAL (Write-Ahead Log) disk full error on /dev/xvda1, the Elasticsearch cluster experienced a minor outage affecting a small subset of payment transactions. The Elasticsearch cluster's /dev/xvda1 volume reached full capacity due to excessive WAL file accumulation, which was not managed by the automated storage policies.",P3,database,synthetic_master
"Replication Lag on PostgreSQL Read Replica Replication lag of 45 seconds on the PostgreSQL primary database was observed, affecting read operations. Approximately 1% of read operations experienced delays, impacting a small subset of users. Network latency between primary and read replica caused the observed replication lag.",P3,database,synthetic_master
"Redis Cache Cluster Outage A connectivity issue occurred with the PostgreSQL database, resulting in an ECONNREFUSED error on port 5432. This affected a small subset of payment transactions in the Redis cache cluster. A misconfiguration in the service mesh caused the outbound connection to the PostgreSQL database to fail, leading to the ECONNREFUSED error.",P3,database,synthetic_master
"Elasticsearch Cluster Overloaded with Connections An Elasticsearch cluster experienced an overload due to excessive concurrent connections, reaching the max_connections limit of 200. This affected a small subset of payment transactions, primarily those involving real-time analytics and reporting. The number of concurrent requests exceeded the configured max_connections limit in the Elasticsearch cluster.",P3,database,synthetic_master
"PostgreSQL Primary Deadlock on Transactions Table A deadlock was detected on the transactions table in the PostgreSQL primary database, causing a minor issue for a small subset of users. No payment transactions were directly impacted, but the incident affected the availability of the primary database. Concurrency issues between multiple concurrent transactions in the Java Spring Boot and Python FastAPI microservices.",P3,database,synthetic_master
"WAL Disk Full on Redis Cache A WAL disk full error on the Redis cache cluster occurred in the production environment, impacting a small subset of payment transactions. Insufficient disk space on the /dev/xvda1 volume for the PostgreSQL Write-Ahead Log (WAL) files.",P3,database,synthetic_master
"Replication Lag on Elasticsearch Read Replica Replication lag of 45 seconds was observed on the Elasticsearch read replica, affecting read operations and potentially impacting search functionality for a small subset of users. Network latency and increased load on the primary node led to delayed replication to the read replica.",P3,database,synthetic_master
"PostgreSQL Primary Connection Refusal A connection error (ECONNREFUSED) occurred on the PostgreSQL primary database, affecting a small subset of payment transactions in the production environment. A network issue caused the PostgreSQL primary database to become unreachable, leading to connection refusals.",P3,database,synthetic_master
"Redis Cache Cluster Reach Max Connections A Redis cache cluster in production reached its max_connections limit of 200, leading to connection failures for a small subset of payment transactions. The application generated more connection requests than the Redis cluster's max_connections setting allowed, leading to connection exhaustion.",P3,database,synthetic_master
"Elasticsearch Cluster Deadlock Detected A deadlock was detected on the transactions table in the Elasticsearch cluster, affecting a small subset of payment transactions. Users experienced delays in receiving payment confirmation notifications. Deadlocks occurred due to concurrent write operations on the transactions table in the Elasticsearch cluster, leading to a temporary lock conflict.",P3,database,synthetic_master
"PostgreSQL WAL Disk Full The PostgreSQL primary database experienced a WAL disk full issue on /dev/xvda1, impacting a small subset of payment transactions. No revenue impact was observed. Insufficient disk space due to excessive write-ahead log (WAL) files generated by high transaction volumes.",P3,database,synthetic_master
"Redis Replication Lag Detected Replication lag was observed on the Redis read replica, causing brief performance degradation. This affected a small subset of payment transactions, primarily those reliant on cached data. Network latency and increased read requests overwhelmed the Redis read replica, leading to replication lag.",P3,database,synthetic_master
"Elasticsearch Cluster Down The Elasticsearch cluster experienced a connectivity issue, resulting in `ECONNREFUSED` errors on port 5432. This impacted a small subset of payment transactions. A network issue caused the Elasticsearch nodes to be unreachable, leading to the `ECONNREFUSED` error.",P3,database,synthetic_master
"PostgreSQL Primary Connection Limit Exceeded The PostgreSQL primary database experienced a connection limit issue due to too many active connections, hitting the max_connections limit of 200. This impacted a small subset of payment transactions. The number of concurrent database connections exceeded the configured limit of 200, leading to connection errors.",P3,database,synthetic_master
"Redis Cache Cluster Deadlock Detected A deadlock was detected on the transactions table in the Redis cache cluster, impacting a small subset of payment transactions during the incident. A race condition between two concurrent transactions attempting to lock the same data in a different order.",P3,database,synthetic_master
"Elasticsearch Cluster Disk Space Warning On 2023-10-15, the Elasticsearch cluster in the production environment received a WAL disk full warning on /dev/xvda1, affecting a small subset of payment transactions. No revenue impact was observed. Insufficient disk space due to unoptimized log retention policies in the Elasticsearch cluster.",P3,database,synthetic_master
"PostgreSQL Primary Replication Lag Replication lag of 45 seconds on the PostgreSQL primary affected read operations, impacting a small subset of users during a 15-minute window. A temporary network congestion issue between the primary and read replica.",P3,database,synthetic_master
"Redis Cache Cluster ECONNREFUSED The Redis cache cluster experienced an ECONNREFUSED error on port 5432, affecting a small subset of payment transactions in the production environment. A misconfiguration in the Kubernetes service definition caused the Redis pods to be inaccessible, resulting in the ECONNREFUSED error.",P3,database,synthetic_master
"Elasticsearch Cluster Connection Limit Exceeded The Elasticsearch cluster in FinTechFlow's production environment hit the max_connections limit of 200, causing temporary disruptions to payment transactions for a small subset of users. The Elasticsearch cluster configuration did not account for the high volume of transactions, leading to the max_connections limit being reached.",P3,database,synthetic_master
"PostgreSQL Primary Deadlock Detected A deadlock was detected on the transactions table in the PostgreSQL primary database, affecting a small subset of payment transactions. A series of concurrent transactions in the Java Spring Boot application acquired locks on different resources, leading to a deadlock.",P3,database,synthetic_master
"Redis Cache Cluster Performance Degradation WAL disk full on /dev/xvda1 led to performance degradation of Redis cache cluster, affecting 1% of payment transactions. Insufficient disk space on the Redis node's root volume.",P3,database,synthetic_master
"Elasticsearch Replication Lag Replication lag of 45 seconds was observed on the read replica, affecting a small subset of payment transactions. Configuration misalignment between the primary and replica nodes in the Elasticsearch cluster.",P3,database,synthetic_master
"PostgreSQL Primary Connection Failed At 14:30 PM UTC, FinTechFlow experienced a connection issue with the PostgreSQL primary database, resulting in ECONNREFUSED errors on port 5432. This affected a small subset of payment transactions, primarily those requiring real-time processing. A network misconfiguration in the Kubernetes cluster led to the PostgreSQL pod becoming unreachable from the application services.",P3,database,synthetic_master
"Redis Cache Cluster Exceeded Max Connections The Redis cache cluster in FinTechFlow's production environment reached its max_connections limit, causing performance degradation for a small subset of payment transactions. The Redis cluster was not properly configured to handle the current load, leading to too many connections and reaching the max_connections limit.",P3,database,synthetic_master
"Elasticsearch Cluster Deadlock Detected A deadlock was detected on the transactions table in the Elasticsearch cluster, affecting a small subset of payment transactions. Users experienced delays in transaction processing. A deadlock occurred due to concurrent indexing operations on the transactions table, causing temporary pauses in transaction processing.",P3,database,synthetic_master
"WAL Disk Space Warning on PostgreSQL Primary On January 15th, a WAL disk full warning appeared on the PostgreSQL primary database, affecting 2% of payment transactions in the production environment. Insufficient disk space on the primary PostgreSQL instance, leading to WAL file accumulation.",P3,database,synthetic_master
"Redis Replication Lag Disruption Replication lag of 45 seconds on the read replica caused temporary performance degradation, affecting a small subset of payment transactions. Network latency and temporary load spike between the primary and read replica in the Kubernetes cluster.",P3,database,synthetic_master
"Elasticsearch Cluster Down The Elasticsearch cluster experienced an outage due to a connection refused error (ECONNREFUSED) on port 5432, affecting a small subset of payment transactions. The connection refused error was caused by a misconfigured database service in the Kubernetes cluster, leading to Elasticsearch losing its connection to the PostgreSQL database.",P3,database,synthetic_master
"PostgreSQL Primary Overloaded with Connections A surge in concurrent transactions led to the PostgreSQL primary hitting its max_connections limit of 200, affecting a small subset of payment transactions. The system experienced an unexpected spike in concurrent transactions, overwhelming the PostgreSQL primary’s max_connections setting.",P3,database,synthetic_master
"Redis Cache Cluster Deadlock Detected A deadlock was detected on the transactions table in the Redis cache cluster, affecting a small subset of payment transactions during a 15-minute window. A race condition between concurrent transactions in the Java Spring Boot application led to a deadlock in the Redis cache.",P3,database,synthetic_master
"Elasticsearch Cluster Disk Space Warning A warning was triggered due to a WAL disk full on /dev/xvda1 in the Elasticsearch cluster, affecting a small subset of payment transactions. Insufficient disk space on the Elasticsearch node due to accumulated write-ahead logs (WAL) files.",P3,database,synthetic_master
"PostgreSQL Primary Replication Lag Replication lag of 45 seconds was observed on the PostgreSQL primary, affecting read operations. This impacted a small subset of payment transactions. A transient network issue between the primary and read replica caused the replication lag.",P3,database,synthetic_master
"ALB 502 Bad Gateway - All Targets Unhealthy The AWS Application Load Balancer (ALB) experienced a 502 Bad Gateway error, with all targets being marked as unhealthy, halting payment processing for 50 million transactions per day and causing a revenue impact of $10k per minute. A misconfiguration in the ALB health check settings caused all backend services to be marked as unhealthy, leading to the 502 Bad Gateway error.",P1,network,synthetic_master
"Payment API DNS Failure Route53 NXDOMAIN error for payment-api.fintechflow.io led to a complete outage of our payment processing platform, affecting all transactions. A Route53 health check failure caused the DNS record for payment-api.fintechflow.io to go down, impacting all payment transactions.",P1,network,synthetic_master
"Cloudflare CDN Outage Disrupts Payment Processing A Cloudflare CDN outage caused Kafka brokers to become unreachable, resulting in payment processing halts. Error: ECONNREFUSED on port 9092. Cloudflare CDN failure impacted network routing, leading to unreachable Kafka brokers.",P1,network,synthetic_master
"Kafka Brokers Outage Cloudflare 524 timeout upstream caused Kafka brokers to fail, halting all payment processing. This impacted 50 million daily transactions. Cloudflare 524 timeout upstream led to network connectivity issues between Cloudflare and Kafka brokers, causing the failure.",P1,network,synthetic_master
"VPC Peering Route Missing A critical VPC peering route was missing, causing a complete outage of payment processing. The error appeared in the network stack, affecting all transactions. A misconfiguration in the VPC peering routing table led to the missing route, impacting the network connectivity required for payment processing.",P1,network,synthetic_master
"ALB 502 Bad Gateway, All Targets Unhealthy The AWS Application Load Balancer (ALB) experienced a 502 Bad Gateway error, with all backend targets marked as unhealthy, resulting in the complete halt of payment processing for 50 million daily transactions. An unexpected surge in traffic overwhelmed the ALB's health check mechanism, marking all targets as unhealthy.",P1,network,synthetic_master
"Payment API DNS Failure A Route53 NXDOMAIN error for payment-api.fintechflow.io caused a complete outage, halting all payment transactions. Affected services included FastAPI-based APIs and PostgreSQL databases. A misconfiguration in the Route53 hosted zone led to a NXDOMAIN error, affecting the payment-api.fintechflow.io domain.",P1,network,synthetic_master
"Cloudflare CDN Failure Due to a network issue, the Cloudflare CDN was unreachable, causing Kafka brokers to become inaccessible and resulting in a complete outage of payment processing. The error reported was 'Kafka broker unreachable ECONNREFUSED port 9092', impacting all payment transactions. A DNS resolution failure for the Cloudflare CDN caused the Kafka brokers to be unreachable, leading to the outage.",P1,network,synthetic_master
"Kafka Outage due to Cloudflare Timeout A network issue caused by a Cloudflare 524 timeout upstream led to a complete outage of Kafka brokers, halting all payment processing and resulting in significant revenue loss. The Cloudflare 524 timeout upstream issue disrupted network traffic to Kafka brokers, leading to a complete outage.",P1,network,synthetic_master
"VPC Peering Route Missing A critical VPC peering route was missing, causing complete network isolation and halting all payment transactions. This issue affected 50 million transactions per day, impacting revenue at a rate of $10k per minute. The VPC peering route between the payment processing VPC and the database VPC was accidentally deleted during a routine maintenance task.",P1,network,synthetic_master
"ALB 502 Bad Gateway - All Payment Processing Halted The AWS Application Load Balancer (ALB) experienced a 502 Bad Gateway error, reporting all targets as unhealthy, causing a complete outage of payment processing. Over 50 million transactions per day were impacted, resulting in a $10k/minute revenue loss. The ALB health checks failed, likely due to misconfigured target group health checks or backend service unavailability within FinTechFlow’s Kubernetes cluster.",P1,network,synthetic_master
"Route53 NXDOMAIN Outage Route53 DNS failure caused a complete outage of the payment-api.fintechflow.io service, halting all payment transactions. The error reported was an NXDOMAIN for the payment-api.fintechflow.io domain. A misconfiguration in Route53 caused the NXDOMAIN error, misrouting traffic intended for the payment API.",P1,network,synthetic_master
"Cloudflare CDN Outage Disrupts Payment Processing On March 13, the Cloudflare CDN experienced a network failure, rendering it unreachable and causing a complete outage of payment processing. Engineers observed an error message 'Kafka broker unreachable ECONNREFUSED port 9092' during the incident, impacting all 50 million daily transactions. A Cloudflare CDN network misconfiguration led to a routing issue, blocking access to critical services like Kafka brokers.",P1,network,synthetic_master
"Kafka Brokers Down, Cloudflare Timeout All Kafka brokers experienced a complete outage due to a Cloudflare 524 timeout, halting payment processing for 50 million transactions per day. Revenue impact was $10k/minute during the incident. Cloudflare CDN timed out requests to the Kafka brokers, causing a complete network failure.",P1,network,synthetic_master
"VPC Peering Route Missing VPC peering route was missing, causing a complete outage in payment processing. Transactions were halted, leading to a $10k/minute revenue impact. Misconfiguration in the AWS EKS cluster routing tables, specifically the VPC peering connection between the payment processing and backend services.",P1,network,synthetic_master
"ALB 502 Bad Gateway - All Payment Processing Halted The AWS ALB experienced a 502 Bad Gateway error, indicating all backend targets were unhealthy, causing FinTechFlow's payment processing to be completely halted. Misconfigured health checks in Kubernetes caused all backend services to be marked as unhealthy, triggering a 502 error from the ALB.",P1,network,synthetic_master
"Payment API DNS Failure Route53 NXDOMAIN error for payment-api.fintechflow.io led to a complete outage of all payment processing, affecting 50 million daily transactions. A Route53 DNS record deletion was mistakenly performed without adequate testing, causing a NXDOMAIN error.",P1,network,synthetic_master
"Cloudflare CDN Outage A complete outage of the Cloudflare CDN caused all payment processing to halt, resulting in a $10k/minute revenue impact due to Kafka broker unreachable (ECONNREFUSED port 9092) errors. Cloudflare CDN failure led to DNS resolution issues, impacting Kafka brokers and subsequently payment processing.",P1,network,synthetic_master
"Kafka Brokers Down, Cloudflare Timeout Kafka brokers in the production environment experienced a complete outage, causing all payment processing to halt. The error indicated a Cloudflare 524 timeout upstream, disrupting transactions. An upstream timeout in Cloudflare's CDN due to network congestion led to the Kafka brokers becoming unresponsive.",P1,network,synthetic_master
"VPC Peering Route Missing Payment transactions were halted due to a missing VPC peering route, causing a complete outage. The error indicated that the route was missing between the main VPC and the secondary VPC handling payment processing. A misconfiguration in the VPC peering setup led to the removal of the required route in the routing table.",P1,network,synthetic_master
"ALB 502 Bad Gateway - All Targets Unhealthy The AWS ALB experienced a 502 Bad Gateway error, indicating all backend targets were unhealthy, halting all payment processing and affecting 50 million daily transactions. A misconfiguration in the Kubernetes service caused the ALB targets to become unhealthy, leading to the 502 Bad Gateway error.",P1,network,synthetic_master
"Route53 NXDOMAIN Outage A Route53 NXDOMAIN error caused a complete outage for the payment-api.fintechflow.io service, halting all payment transactions. This affected 50 million daily transactions, resulting in a $10k/minute revenue loss. A misconfiguration in the Route53 DNS zone led to a NXDOMAIN error for the payment-api.fintechflow.io subdomain.",P1,network,synthetic_master
"Cloudflare CDN Failure The Cloudflare CDN experienced an outage, causing Kafka brokers to become unreachable with ECONNREFUSED errors on port 9092, halting all payment transactions. A DNS resolution issue within the Cloudflare CDN led to incorrect IP addresses being used, resulting in Kafka broker unreachable errors.",P1,network,synthetic_master
"Kafka Brokers Down due to Cloudflare Timeout Kafka brokers experienced a complete outage, halting all payment processing and resulting in a $10k/minute revenue impact. The error indicated a Cloudflare 524 timeout upstream. Cloudflare misconfigured cache settings led to a 524 timeout, affecting Kafka broker communications.",P1,network,synthetic_master
"VPC Peering Route Missing A critical VPC peering route was missing, halting all payment transactions and causing a complete outage. The error indicated that the route between the payment processing and data storage VPCs was not correctly configured, affecting 50 million daily transactions. The VPC peering connection was established but the route to the data storage VPC was accidentally neglected during configuration.",P1,network,synthetic_master
"ALB 502 Bad Gateway The AWS Application Load Balancer (ALB) failed, displaying a 502 Bad Gateway error with all targets marked as unhealthy, halting payment transactions for 50 million daily transactions. ALB health checks were timing out due to misconfigured instance health check intervals, causing all backend services to be marked as unhealthy.",P1,network,synthetic_master
"Payment API DNS Failure Route53 NXDOMAIN error for payment-api.fintechflow.io led to complete outage of payment processing, affecting all transactions. Route53 DNS record for payment-api.fintechflow.io was accidentally deleted by a configuration change.",P1,network,synthetic_master
"Cloudflare CDN Outage The Cloudflare CDN experienced a complete failure, causing all payment transactions to halt. The error indicated that the Kafka broker was unreachable with 'ECONNREFUSED' on port 9092, leading to payment processing being fully blocked. A DNS resolution issue within the Cloudflare CDN infrastructure led to the Kafka brokers being unreachable, causing the entire payment processing pipeline to fail.",P1,network,synthetic_master
"Kafka Down, Cloudflare Timeout Kafka brokers in production went down, causing Cloudflare to report a 524 timeout upstream. This affected all payment transactions, leading to a complete outage. Network connectivity issues between Cloudflare and the Kafka brokers led to the timeout and subsequent failure.",P1,network,synthetic_master
"VPC Peering Route Missing A critical VPC peering route was missing, causing a complete outage in payment processing. This resulted in halted transactions and a revenue impact of $10k per minute. A misconfiguration in the route tables of the VPCs involved in the peering connection led to the missing route.",P1,network,synthetic_master
"AWS ALB Failure Causes Payment Outage The AWS Application Load Balancer (ALB) failed, displaying a 502 Bad Gateway error with all targets marked as unhealthy, halting payment processing for 50 million daily transactions. Misconfigured health checks in Kubernetes pods led to all targets being marked unhealthy, causing the ALB to fail.",P1,network,synthetic_master
"Route53 DNS Failure Halted Payments The Route53 DNS service failed, returning an NXDOMAIN error for payment-api.fintechflow.io, causing all payment transactions to halt. A misconfiguration in the Route53 hosted zone caused an unexpected NXDOMAIN response for the payment-api subdomain.",P1,network,synthetic_master
"Cloudflare CDN Failure The Cloudflare CDN experienced a complete outage, causing Kafka brokers to become unreachable (ECONNREFUSED port 9092), leading to a complete halt in payment processing. This affected 50 million daily transactions and resulted in a $10k/minute revenue impact. Cloudflare CDN failure led to traffic routing issues, impacting Kafka brokers and causing the payment processing pipeline to stall.",P1,network,synthetic_master
"Kafka Outage Due to Cloudflare Timeout Kafka brokers experienced a complete outage, halting all payment processing. The error reported was a Cloudflare 524 timeout upstream, impacting 50 million daily transactions. Cloudflare misconfigured DNS settings caused a timeout, affecting Kafka communication in the production environment.",P1,network,synthetic_master
"VPC Peering Route Missing - Payment Processing Outage A critical VPC peering route was missing, causing all payment processing to halt. The error indicated that the route between VPCs was not properly configured, affecting 50 million daily transactions. The VPC peering route was inadvertently removed during a recent network configuration change, disrupting the flow of traffic between the payment processing VPCs.",P1,network,synthetic_master
"ALB 502 Bad Gateway: All Targets Unhealthy The AWS ALB experienced a complete outage, displaying a 502 Bad Gateway error, rendering all payment processing services unavailable. This impacted 50 million daily transactions, halting revenue generation at a rate of $10k per minute. The health checks for all backend targets failed, leading to the ALB marking them as unhealthy and subsequently failing requests.",P1,network,synthetic_master
"Payment API DNS Failure Route53 NXDOMAIN error for payment-api.fintechflow.io caused a complete outage of all payment processing, impacting 50 million transactions per day. Route53 DNS zone file misconfiguration caused the NXDOMAIN error, leading to the complete outage of the payment-api service.",P1,network,synthetic_master
"Cloudflare CDN Outage Halted Payment Processing A complete outage occurred due to the Cloudflare CDN failing, causing all payment transactions to halt. The error reported was 'Kafka broker unreachable ECONNREFUSED port 9092', impacting critical systems and resulting in a $10k/minute revenue loss. The Cloudflare CDN failure disrupted the network connectivity required for Kafka brokers, affecting payment processing.",P1,network,synthetic_master
"Kafka Down, Cloudflare Timeout Kafka brokers experienced a complete failure, causing all payment transactions to halt. The error reported was a Cloudflare 524 timeout upstream. A Cloudflare CDN issue led to a timeout, affecting the Kafka brokers and halting payment processing.",P1,network,synthetic_master
"VPC Peering Route Missing A critical VPC peering route was accidentally removed, causing a complete outage of payment processing, affecting 50 million transactions per day. The removal of a VPC peering route was not adequately communicated or documented, leading to a misconfiguration in the production environment.",P1,network,synthetic_master
"ALB 502 Bad Gateway - All Targets Unhealthy The AWS Application Load Balancer experienced a 502 Bad Gateway error, with all backend targets marked as unhealthy, halting payment processing for 50 million daily transactions. A misconfiguration in the Health Check settings caused the ALB to mark all backend instances as unhealthy, leading to a complete outage of payment processing services.",P1,network,synthetic_master
"Route53 DNS Failure Halts Payment Processing A Route53 NXDOMAIN error for payment-api.fintechflow.io disrupted all payment transactions, affecting 50 million daily transactions and resulting in a $10k/minute revenue impact. Route53 health check misconfiguration led to DNS resolution failure for the payment API domain.",P1,network,synthetic_master
"Cloudflare CDN Failure A complete outage of the Cloudflare CDN led to a halt in all payment processing, causing a $10k/minute revenue impact. The error indicated that the Kafka broker was unreachable with 'ECONNREFUSED' on port 9092. A DNS resolution failure for the Kafka brokers resulted in the Cloudflare CDN not being able to route traffic to the correct Kafka nodes.",P1,network,synthetic_master
"Kafka Brokers Outage Due to Cloudflare Timeout All Kafka brokers experienced a complete outage, resulting in halted payment processing and significant revenue loss. The Cloudflare 524 timeout upstream error was reported. A Cloudflare 524 timeout upstream issue disrupted network communication between Cloudflare and the Kafka brokers, leading to the outage.",P1,network,synthetic_master
"VPC Peering Route Missing Causes Outage The VPC peering route was missing, causing a complete outage of payment processing. All transactions were halted, impacting revenue by $10k/minute. The VPC peering route was not properly configured, leading to network isolation between the payment processing services.",P1,network,synthetic_master
"ALB 502 Bad Gateway - All Payment Processing Halted The AWS Application Load Balancer (ALB) failed, resulting in a 502 Bad Gateway error and all targets being marked unhealthy, halting payment processing for 50 million daily transactions. ALB configuration issue leading to all backend targets being marked unhealthy, causing a complete network failure in the payment processing pipeline.",P1,network,synthetic_master
"Payment API DNS Failure The Route53 DNS failed, returning NXDOMAIN for payment-api.fintechflow.io, halting all payment transactions. A misconfiguration in the Route53 DNS zone file led to the NXDOMAIN response.",P1,network,synthetic_master
"Cloudflare CDN Failure On [date], Cloudflare CDN failed, causing Kafka brokers to become unreachable and resulting in a complete outage of payment processing, impacting revenue at $10k/minute. A DNS resolution issue for Kafka brokers led to ECONNREFUSED errors on port 9092, disrupting the payment processing pipeline.",P1,network,synthetic_master
"Kafka Brokers Down, Cloudflare Timeout All payment processing was halted due to Kafka brokers failing, triggered by a Cloudflare 524 timeout upstream. This impacted 50 million daily transactions. Cloudflare network issue caused a timeout, leading to Kafka broker failures in the FinTechFlow stack.",P1,network,synthetic_master
"VPC Peering Route Missing - Payment Processing Halted The VPC peering route was missing, causing a complete outage of payment processing, affecting all transactions between our environments. A misconfiguration in the VPC peering route table prevented network traffic from being routed correctly between environments.",P1,network,synthetic_master
"ALB 502 Bad Gateway The AWS Application Load Balancer (ALB) experienced a 502 Bad Gateway error, indicating all backend targets were unhealthy, halting payment transactions for 50 million daily users. An unexpected surge in traffic caused the ALB to exceed its capacity, leading to unhealthy backend targets and a 502 Bad Gateway error.",P1,network,synthetic_master
"Route53 DNS Failure Route53 NXDOMAIN error for payment-api.fintechflow.io caused a complete outage, halting all payment processing. This affected 50 million daily transactions and resulted in a $10k/minute revenue impact. A misconfigured Route53 hosted zone led to an NXDOMAIN error for the critical payment-api.fintechflow.io domain.",P1,network,synthetic_master
"Cloudflare CDN Failure A complete outage occurred due to the Cloudflare CDN being unreachable, causing all payment transactions to halt. The error message indicated that the Kafka broker was unreachable with ECONNREFUSED on port 9092. The Cloudflare DNS resolver experienced an issue, leading to the inability to route traffic to the Kafka brokers.",P1,network,synthetic_master
"Kafka Outage Due to Cloudflare Timeout A network issue caused Cloudflare 524 timeouts, impacting Kafka brokers and halting all payment transactions for 60 minutes. Cloudflare 524 timeout upstream caused network instability, leading to Kafka broker failures.",P1,network,synthetic_master
"VPC Peering Route Missing The VPC peering route was missing, causing complete disruption of payment processing. This impacted all 50 million daily transactions. The VPC peering route was not properly configured following a recent network update, resulting in a complete outage.",P1,network,synthetic_master
"ALB 502 Bad Gateway - All Targets Unhealthy The AWS Application Load Balancer (ALB) failed, resulting in a 502 Bad Gateway error and all targets being marked as unhealthy, halting payment processing for 50 million transactions per day. Misconfigured health checks in the Kubernetes cluster led to all targets being marked as unhealthy, causing the ALB to fail.",P1,network,synthetic_master
"Payment API DNS Failure Route53 NXDOMAIN error for payment-api.fintechflow.io disrupted payment transactions, halting all processing for 1 hour. A Route53 hosted zone configuration error led to an NXDOMAIN response for the payment-api subdomain.",P1,network,synthetic_master
"Cloudflare CDN Failure A network issue with Cloudflare CDN caused Kafka brokers to become unreachable, resulting in complete payment processing outage. Error message: ECONNREFUSED port 9092. Cloudflare CDN downtime led to network partitioning, making Kafka brokers inaccessible.",P1,network,synthetic_master
"Kafka Outage Due to Cloudflare Timeout A network issue with Cloudflare resulted in a 524 timeout upstream, causing Kafka brokers to fail and halting payment processing for 50 million transactions per day. Cloudflare CDN misconfiguration led to a timeout, impacting the availability of Kafka brokers.",P1,network,synthetic_master
"VPC Peering Routing Failure A VPC peering route missing caused a complete outage, halting all payment processing. The error appeared as a routing issue in our Kubernetes cluster, affecting 50 million daily transactions. A routing misconfiguration in the Kubernetes cluster led to the VPC peering route being missing, disrupting network traffic between the services.",P1,network,synthetic_master
"ALB 502 Bad Gateway - All Targets Unhealthy The AWS Application Load Balancer (ALB) experienced a 502 Bad Gateway error, with all backend targets being marked as unhealthy, causing the complete halt of payment processing for FinTechFlow’s 50 million daily transactions. A misconfiguration in the health check settings led to the ALB marking all backend services as unhealthy, triggering a full-scale outage.",P1,network,synthetic_master
"Payment API DNS Failure Route53 NXDOMAIN error caused a complete outage of the payment-api.fintechflow.io DNS, halting all payment processing for 60 minutes. This impacted 50 million transactions per day, resulting in a $10k/minute revenue loss. A Route53 health check misconfiguration led to the NXDOMAIN response for the payment-api.fintechflow.io domain.",P1,network,synthetic_master
"Cloudflare CDN Failure A complete outage affecting the Cloudflare CDN caused a halt in all payment processing, displaying an error 'Kafka broker unreachable ECONNREFUSED port 9092'. This impacted 50 million daily transactions, resulting in a $10k/minute revenue loss. A DNS resolution issue caused the Cloudflare CDN to fail, disrupting the Kafka brokers and subsequently all payment processing.",P1,network,synthetic_master
"Kafka Brokers Outage Due to Cloudflare Timeout Cloudflare 524 timeout upstream caused Kafka brokers to fail, halting all payment processing. This impacted 50 million daily transactions. Network issues with Cloudflare resulted in timeouts that propagated to Kafka brokers, causing a complete outage.",P1,network,synthetic_master
"VPC Peering Route Missing The VPC peering route was missing, causing a complete outage in payment processing, affecting all transactions. A misconfiguration in the network routing table led to the missing VPC peering route.",P1,network,synthetic_master
"ALB 502 Bad Gateway: All Targets Unhealthy The AWS Application Load Balancer (ALB) experienced a 502 Bad Gateway error, indicating all backend targets were unhealthy, resulting in the complete halt of payment processing for FinTechFlow. Misconfigured health checks in the Kubernetes cluster caused all Spring Boot and FastAPI services to be marked as unhealthy, leading to the ALB failing health checks and triggering a 502 error.",P1,network,synthetic_master
"Payment API DNS Failure A Route53 NXDOMAIN error for payment-api.fintechflow.io led to a complete outage of payment processing, affecting all transactions. A misconfiguration in the Route53 record set for payment-api.fintechflow.io caused a NXDOMAIN error, disrupting DNS resolution.",P1,network,synthetic_master
"Cloudflare CDN Failure - Payment Processing Halted A complete outage occurred due to the Cloudflare CDN service disruption, rendering all payment processing impossible. The error reported was 'Kafka broker unreachable ECONNREFUSED port 9092', impacting 50 million daily transactions. Cloudflare CDN service failure led to network disruptions affecting Kafka connectivity, which is critical for transaction processing.",P1,network,synthetic_master
"Kafka Brokers Down, Cloudflare Timeout Cloudflare 524 timeout upstream led to Kafka brokers failure, halting all payment processing. Over 50 million transactions per day were impacted. Cloudflare 524 timeout upstream caused the ingress traffic to be blocked, leading to Kafka brokers becoming unreachable.",P1,network,synthetic_master
"VPC Peering Route Missing VPC peering route missing caused an outage, halting all payment processing. Error appeared as missing route in the network configuration, affecting 50 million transactions per day. The VPC peering route was accidentally removed during routine maintenance, disrupting network communication between services.",P1,network,synthetic_master
"ALB 502 Bad Gateway on AWS The AWS Application Load Balancer (ALB) failed, showing a 502 Bad Gateway error with all targets marked as unhealthy, halting payment processing for 50 million daily transactions. Misconfiguration of ALB health checks due to recent infrastructure changes in Kubernetes.",P1,network,synthetic_master
"Payment API DNS Failure Route53 NXDOMAIN error for payment-api.fintechflow.io led to a complete outage, halting all payment processing and resulting in significant revenue loss. Route53 health check failure due to misconfiguration, leading to DNS resolution failure for critical API.",P1,network,synthetic_master
"Cloudflare CDN Downtime All payment transactions were halted due to Cloudflare CDN failure, resulting in the error 'Kafka broker unreachable ECONNREFUSED port 9092'. A failure in Cloudflare's CDN caused the upstream network issues, affecting Kafka brokers and subsequently payment processing.",P1,network,synthetic_master
"Kafka Brokers Down, Cloudflare 524 Timeout All Kafka brokers experienced a complete outage, causing Cloudflare to report 524 timeout upstream errors. This impacted all payment transactions, leading to a complete halt in processing and significant revenue loss. An upstream Cloudflare network timeout issue led to the Kafka brokers being inaccessible from external clients.",P1,network,synthetic_master
"VPC Peering Route Missing VPC peering route missing caused a complete outage, halting all payment processing and resulting in a revenue impact of $10k/minute. The missing VPC peering route disrupted the network connectivity between the payment processing services, causing a complete outage.",P1,network,synthetic_master
"AWS ALB Failed, Halted Transactions The AWS Application Load Balancer (ALB) experienced an outage, displaying a 502 Bad Gateway error with all targets marked unhealthy, halting all payment transactions. ALB misconfiguration led to unhealthy targets, causing a 502 error and complete outage of payment processing.",P1,network,synthetic_master
"Payment API DNS Failure Route53 returned NXDOMAIN for payment-api.fintechflow.io, halting all payment processing transactions. Route53 DNS zone file update failed due to misconfiguration by a new team member.",P1,network,synthetic_master
"Cloudflare CDN Failure Disrupts Payments A network issue with Cloudflare CDN caused Kafka brokers to become unreachable, resulting in the complete halt of payment processing. The error indicated 'Kafka broker unreachable ECONNREFUSED port 9092'. Cloudflare CDN DNS resolution issues led to network traffic being incorrectly routed, making Kafka brokers unreachable.",P1,network,synthetic_master
"Kafka Brokers Down - Cloudflare 524 Timeout All Kafka brokers in the production environment failed, resulting in complete halt of payment processing. The error reported was a Cloudflare 524 timeout upstream. A Cloudflare 524 timeout upstream likely due to misconfiguration or network issues between Cloudflare and the Kafka brokers.",P1,network,synthetic_master
"VPC Peering Route Missing A critical VPC peering route was missing, causing a complete outage of payment processing. This issue impacted all transactions, leading to a $10k/minute revenue loss. A misconfiguration in the VPC peering routing table, specific to the FinTechFlow stack using AWS EKS and Kubernetes.",P1,network,synthetic_master
"ALB 502 Bad Gateway: All Targets Unhealthy The AWS ALB failed, causing a 502 Bad Gateway error with all targets marked as unhealthy, halting payment processing for 50 million transactions per day and resulting in a revenue loss of $10k/minute. Misconfigured health checks in the AWS ALB caused all backend services to be marked as unhealthy, triggering a complete outage.",P1,network,synthetic_master
"Payment API DNS Failure Route53 DNS failure caused NXDOMAIN error for payment-api.fintechflow.io, halting all payment transactions and causing revenue loss of $10k/minute. Route53 health check failure due to misconfiguration of health checks for the payment-api.fintechflow.io domain.",P1,network,synthetic_master
"Cloudflare CDN Failure The Cloudflare CDN service experienced an outage, causing Kafka brokers to become unreachable with ECONNREFUSED errors on port 9092. This impacted all payment transactions, leading to a complete halt in processing and significant revenue loss. A DNS resolution issue with Cloudflare resulted in failed requests to Kafka brokers, causing the transaction processing pipeline to stall.",P1,network,synthetic_master
"Kafka Brokers Down - Cloudflare Timeout The Kafka brokers in the FinTechFlow B2B payment processing platform experienced a complete outage, resulting in the halt of all payment processing. The error reported was a Cloudflare 524 timeout upstream, affecting 50 million daily transactions. A Cloudflare timeout upstream caused the Kafka brokers to become inaccessible, leading to the complete outage of payment processing.",P1,network,synthetic_master
"VPC Peering Route Failure VPC peering route missing in the network setup caused a complete outage, halting all payment processing. This issue impacted 50 million daily transactions, resulting in a revenue loss of $10k per minute. The VPC peering route was missing in the routing table, leading to network connectivity issues between the Java Spring Boot and Python FastAPI services.",P1,network,synthetic_master
"AWS ALB Failure Halts Payment Processing A 502 Bad Gateway error appeared on the AWS ALB, indicating all targets were unhealthy. This outage affected all payment transactions, causing a complete halt in processing. Misconfigured health checks on the ALB caused all backend targets to be marked as unhealthy, triggering a 502 error.",P1,network,synthetic_master
"Payment API DNS Failure Route53 NXDOMAIN error for payment-api.fintechflow.io caused complete outage of payment processing, impacting all transactions. Route53 record deletion without corresponding update in DNS configuration.",P1,network,synthetic_master
"Cloudflare CDN Outage Disrupts Payment Processing A complete outage of the Cloudflare CDN caused Kafka brokers to become unreachable, resulting in the cessation of all payment processing. Error: ECONNREFUSED on port 9092. Cloudflare CDN failure led to DNS resolution issues, making Kafka brokers unreachable.",P1,network,synthetic_master
"Kafka Outage Caused by Cloudflare Timeout A network issue caused Cloudflare 524 timeout, affecting Kafka brokers and halting all payment processing, impacting 50 million transactions per day. A Cloudflare 524 timeout upstream issue led to network instability, impacting Kafka brokers in the production environment.",P1,network,synthetic_master
"VPC Peering Route Missing A critical VPC peering route was missing, causing all payment processing to halt. The error indicated that the route was not properly configured, impacting over 50 million daily transactions. The route for VPC peering was not correctly configured, leading to network isolation between the payment processing services.",P1,network,synthetic_master
"ALB 502 Error Halted Payments The AWS Application Load Balancer experienced a 502 Bad Gateway error, with all targets deemed unhealthy, causing a complete outage of payment processing and a significant revenue impact. Misconfigured health checks leading to false positive target unhealthiness.",P1,network,synthetic_master
"Route53 DNS Failure Halted Payment Processing A Route53 NXDOMAIN error for payment-api.fintechflow.io led to a complete outage of payment processing, affecting all transactions. A misconfigured Route53 record caused a NXDOMAIN error, disrupting DNS resolution for the payment-api subdomain.",P1,network,synthetic_master
"Cloudflare CDN Outage Halted Payments Cloudflare CDN failure caused Kafka broker unreachable, resulting in payment processing halts. Error: ECONNREFUSED port 9092. Over 50 million transactions were impacted. Cloudflare CDN failure led to network instability, affecting Kafka brokers and payment processing.",P1,network,synthetic_master
"Kafka Outage due to Cloudflare Timeout All Kafka brokers experienced a network outage, triggered by a Cloudflare 524 timeout upstream, halting payment processing for 60 minutes. The Cloudflare 524 timeout disrupted the network connection between Cloudflare and the Kafka brokers, leading to a complete outage.",P1,network,synthetic_master
"VPC Peering Route Missing Causing Outage Due to a missing VPC peering route, payment transactions were halted, impacting all VPCs involved in the network architecture. The error indicated a route missing in the VPC peering setup, disrupting payment processing. A critical route was missing in the VPC peering configuration, preventing communication between the payment processing VPCs.",P1,network,synthetic_master
"ALB 502 Bad Gateway Outage The AWS Application Load Balancer (ALB) experienced a 502 Bad Gateway error, marking all backend targets as unhealthy, halting payment processing for 50 million transactions daily. Misconfigured health checks on ALB targets leading to false unhealthiness notifications in the FinTechFlow stack.",P1,network,synthetic_master
"Payment API DNS Failure Route53 NXDOMAIN error disrupted payment processing, affecting all transactions via payment-api.fintechflow.io. Route53 record deletion accidentally removed the DNS entry for payment-api.fintechflow.io, impacting DNS resolution.",P1,network,synthetic_master
"Cloudflare CDN Failure A complete outage of the Cloudflare CDN led to Kafka brokers becoming unreachable (ECONNREFUSED port 9092), halting all payment processing for 1 hour and causing a $10k/minute revenue impact. A routing issue on Cloudflare's end caused the Kafka brokers to become unreachable, impacting the entire payment processing pipeline.",P1,network,synthetic_master
"Kafka Outage Due to Cloudflare Timeout Kafka brokers experienced a complete failure, halting all payment processing. The root cause was a Cloudflare 524 timeout upstream, affecting 50 million daily transactions. Cloudflare 524 timeout upstream led to a disruption in Kafka communication, causing the complete outage of payment processing.",P1,network,synthetic_master
"VPC Peering Route Missing A critical VPC peering route was missing, halting all payment processing and causing a complete outage. The error appeared as a route table discrepancy, impacting 50 million daily transactions. A misconfiguration in the route table caused the VPC peering connection to fail, leading to a complete outage of the payment processing service.",P1,network,synthetic_master
"ALB 502 Bad Gateway - All Targets Unhealthy The AWS Application Load Balancer (ALB) experienced a 502 Bad Gateway error, with all targets being marked as unhealthy, affecting payment transactions processed by FinTechFlow’s B2B payment platform. A misconfiguration in the target group health checks led to all backend services being marked as unhealthy, causing the ALB to return 502 errors.",P2,network,synthetic_master
"Route53 DNS Failure Affects Payment API Route53 NXDOMAIN error caused payment-api.fintechflow.io to fail, leading to significant transaction failures and increased customer complaints. Route53 DNS health check failed, causing all requests to payment-api.fintechflow.io to return NXDOMAIN.",P2,network,synthetic_master
"Cloudflare CDN Outage Affects Kafka The Cloudflare CDN experienced a network failure, causing Kafka brokers to become unreachable with ECONNREFUSED errors on port 9092, leading to payment processing delays and increased customer complaints. A DNS resolution issue within the Cloudflare CDN infrastructure led to incorrect IP addresses being used for Kafka brokers, resulting in connection failures.",P2,network,synthetic_master
"Kafka Brokers Down - Cloudflare 524 Timeout The Kafka brokers experienced a network issue, resulting in Cloudflare 524 timeout upstream errors, impacting payment transactions processing. Cloudflare network misconfiguration led to 524 timeouts, affecting Kafka brokers in the AWS EKS cluster.",P2,network,synthetic_master
"VPC Peering Route Missing The VPC peering route was missing, causing some payment transactions to fail and customer complaints to rise. A misconfiguration issue in the network stack, specifically the missing VPC peering route in the routing table.",P2,network,synthetic_master
"ALB 502 Bad Gateway - All Targets Unhealthy The AWS Application Load Balancer (ALB) failed, displaying a 502 Bad Gateway error with all backend targets marked as unhealthy, impacting payment transactions. Misconfigured Health Checks in Kubernetes caused the ALB to mark all backend services as unhealthy, leading to 502 errors.",P2,network,synthetic_master
"Payment API DNS Failure The Route53 DNS service experienced a failure, resulting in an NXDOMAIN error for payment-api.fintechflow.io. This impacted payment transactions and led to customer complaints. A misconfiguration change in Route53 caused an NXDOMAIN error, affecting the resolution of the payment-api.fintechflow.io domain.",P2,network,synthetic_master
"Cloudflare CDN Failure The Cloudflare CDN experienced a network outage, causing Kafka brokers to become unreachable with ECONNREFUSED errors on port 9092, leading to payment processing failures and increased customer complaints. A high-level DNS issue with Cloudflare caused network routing problems, impacting Kafka connectivity.",P2,network,synthetic_master
"Kafka Brokers Performance Degradation Kafka brokers experienced significant performance issues, leading to message delays and some transaction failures. Cloudflare 524 timeout upstream errors were observed, affecting payment processing workflows. Network latency and Cloudflare 524 timeout issues impacted Kafka brokers, causing message delivery delays.",P2,network,synthetic_master
"VPC Peering Route Missing A critical VPC peering route was missing, causing significant network latency and some payment transactions to fail, leading to customer complaints. A misconfiguration in the VPC peering connection led to the missing route, affecting network traffic between the payment processing microservices.",P2,network,synthetic_master
"AWS ALB 502 Bad Gateway - All Targets Unhealthy The AWS Application Load Balancer (ALB) experienced a 502 Bad Gateway error, indicating that all backend targets were unhealthy, impacting payment transactions and causing customer complaints to rise. A misconfiguration in the ALB's health checks led to all backend services being marked as unhealthy, triggering the 502 errors.",P2,network,synthetic_master
"Route53 DNS Failure Affects Payment Transactions Route53 NXDOMAIN error caused payment-api.fintechflow.io to fail, impacting 50 million daily transactions and leading to increased customer complaints. DNS configuration issue in Route53 leading to NXDOMAIN errors for payment-api.fintechflow.io",P2,network,synthetic_master
"Cloudflare CDN Failure Affects Payment Processing A network issue with Cloudflare CDN led to unreachable Kafka brokers, causing some payment transactions to fail and customer complaints to rise. A DNS resolution issue with Cloudflare CDN resulted in traffic being routed incorrectly, affecting Kafka brokers.",P2,network,synthetic_master
"Kafka Disruption Caused by Cloudflare Timeout Kafka brokers experienced intermittent outages leading to transaction failures, with Cloudflare 524 timeout upstream errors reported. This impacted a significant portion of payment transactions. Cloudflare network issues resulted in timeouts, affecting Kafka communication between nodes and causing transaction processing delays.",P2,network,synthetic_master
"VPC Peering Route Missing VPC peering route failure caused payment transactions to fail, resulting in significant degradation and rising customer complaints. A route missing in the VPC peering configuration led to network partitioning between the payment processing microservices.",P2,network,synthetic_master
"AWS ALB 502 Bad Gateway The AWS Application Load Balancer (ALB) failed, displaying 502 Bad Gateway errors with all targets marked as unhealthy, impacting payment transactions. Misconfiguration of health checks led to all backend services being marked as unhealthy, causing ALB to fail.",P2,network,synthetic_master
"Payment API DNS Issue Disrupts Transactions Payment transactions failed due to a Route53 NXDOMAIN error for payment-api.fintechflow.io, impacting user access to critical services. Route53 record for payment-api.fintechflow.io was accidentally deleted by a misconfigured automation script.",P2,network,synthetic_master
"Cloudflare CDN Network Issue A network issue with Cloudflare CDN led to Kafka broker unreachable errors, causing some payment transactions to fail and customer complaints to rise. An unexpected DNS resolution issue with Cloudflare CDN affected the Kafka brokers, resulting in ECONNREFUSED errors.",P2,network,synthetic_master
"Kafka Brokers Down Due to Cloudflare Timeout Kafka brokers experienced downtime due to Cloudflare 524 timeout upstream, impacting payment transactions processing. Cloudflare network issues resulted in upstream timeouts, affecting Kafka communication.",P2,network,synthetic_master
"VPC Peering Route Missing VPC peering route missing caused a network issue, resulting in some payment transactions failing and customer complaints rising. The VPC peering route was not properly configured after recent infrastructure changes.",P2,network,synthetic_master
"ALB Failure Causes Payment Processing Issues The AWS ALB experienced an issue where all targets were marked as unhealthy, resulting in 502 Bad Gateway errors and significant payment transaction failures. This impacted customer transactions across various services including Java Spring Boot and Python FastAPI applications. Misconfigured health checks in the AWS ALB caused all targets to be marked as unhealthy, leading to a 502 Bad Gateway error.",P2,network,synthetic_master
"Payment API DNS Failure Route53 NXDOMAIN error for payment-api.fintechflow.io caused DNS resolution failures, impacting payment transactions. Customer complaints increased due to failed transactions. Route53 hosted zone for payment-api.fintechflow.io was incorrectly deleted, leading to NXDOMAIN errors.",P2,network,synthetic_master
"Cloudflare CDN Outage Affects Payments A Cloudflare CDN failure led to some payment transactions failing, resulting in increased customer complaints and degraded service. Error: Kafka broker unreachable ECONNREFUSED on port 9092. A DNS resolution issue caused the Cloudflare CDN to fail, impacting the Kafka brokers which are critical for transaction processing.",P2,network,synthetic_master
"Kafka Down: Cloudflare 524 Timeout The Kafka brokers experienced a network issue, leading to timeouts and some transaction failures. Customers reported delayed payments and service unavailability. A Cloudflare 524 timeout upstream was triggered, affecting the Kafka communication between our AWS EKS cluster and external services.",P2,network,synthetic_master
"VPC Peering Route Missing VPC peering route missing led to network connectivity issues, causing some payment transactions to fail and customer complaints to rise. An incorrect configuration change inadvertently removed the routing table entry for the VPC peering connection.",P2,network,synthetic_master
"ALB 502 Bad Gateway: All Targets Unhealthy The AWS Application Load Balancer experienced a 502 Bad Gateway error, indicating all backend targets were unhealthy, leading to significant payment transaction failures and increased customer complaints. A misconfiguration in the health checks for the backend services caused the ALB to mark all targets as unhealthy.",P2,network,synthetic_master
"Route53 NXDOMAIN Impact on Payment API Route53 DNS failure led to NXDOMAIN errors for payment-api.fintechflow.io, causing payment transactions to fail and customer complaints to rise. Misconfigured Route53 record in the DNS zone file caused the NXDOMAIN error.",P2,network,synthetic_master
"Cloudflare CDN Outage The Cloudflare CDN experienced a network issue, causing some payment transactions to fail due to unreachable Kafka brokers. Error: ECONNREFUSED on port 9092. A network glitch in the Cloudflare CDN infrastructure impacted the connectivity to the Kafka brokers.",P2,network,synthetic_master
"Kafka Brokers Network Issue Kafka brokers experienced network issues, causing 524 timeout upstream errors from Cloudflare. This affected payment processing, leading to some transactions failing and increasing customer complaints. A network outage between Cloudflare and the Kafka brokers resulted in timeout errors.",P2,network,synthetic_master
"VPC Peering Route Missing VPC peering route missing caused significant network issues, resulting in some payment transactions failing and increasing customer complaints. Misconfiguration in the route table update process triggered by a recent networking change.",P2,network,synthetic_master
"ALB 502 Bad Gateway - All Targets Unhealthy The AWS Application Load Balancer (ALB) failed, returning 502 Bad Gateway errors due to all backend targets being marked as unhealthy. This affected payment transactions processing, leading to customer complaints and a significant degradation in service. ALB health checks failed due to misconfigured health check intervals in the Kubernetes cluster, causing all backend services to be marked as unhealthy.",P2,network,synthetic_master
"Route53 DNS Failure Affects Payment Transactions A Route53 NXDOMAIN error for payment-api.fintechflow.io caused significant degradation in payment transactions, leading to customer complaints and service disruptions. A Route53 health check failed, causing a DNS resolution failure for the payment-api subdomain.",P2,network,synthetic_master
"Cloudflare CDN Network Issue The Cloudflare CDN experienced a network outage, causing Kafka brokers to become unreachable with ECONNREFUSED errors on port 9092, leading to some payment transactions failing and increasing customer complaints. A DNS resolution issue impacted the Cloudflare CDN, disrupting Kafka communication and affecting payment processing.",P2,network,synthetic_master
"Kafka Brokers Down, Cloudflare 524 Timeout Kafka brokers experienced a network outage, causing some transactions to fail. The Cloudflare 524 timeout upstream error was observed, affecting payment processing in the production environment. Cloudflare DFW edge server experienced a network issue, leading to 524 timeouts and subsequent Kafka connectivity problems.",P2,network,synthetic_master
"VPC Peering Route Missing VPC peering route was missing, causing network disruptions and payment transaction failures. Transactions involving VPC peering were impacted, leading to customer complaints. The B2B payment processing platform's VPC peering configuration was incorrectly set, leading to missing routes.",P2,network,synthetic_master
"ALB 502 Bad Gateway: All Targets Unhealthy The AWS ALB at FinTechFlow experienced a 502 Bad Gateway error, with all backend targets being marked as unhealthy, causing significant degradation in payment processing and customer complaints to rise. A misconfigured health check in the Kubernetes cluster led to all services being marked as unhealthy, triggering the ALB to return 502 errors.",P2,network,synthetic_master
"Payment API DNS Failure Route53 DNS experienced an NXDOMAIN error for payment-api.fintechflow.io, leading to service degradation and transaction failures. A DNS rule misconfiguration in Route53 caused the NXDOMAIN error, affecting the payment-api.fintechflow.io domain.",P2,network,synthetic_master
"Cloudflare CDN Outage Disrupts Payment Processing A network issue with the Cloudflare CDN led to Kafka brokers becoming unreachable, causing some payment transactions to fail and customer complaints to rise. A DNS resolution issue impacted the Cloudflare CDN, making Kafka brokers unreachable on port 9092.",P2,network,synthetic_master
"Kafka Network Issue Causes Payment Delays Cloudflare 524 timeout upstream led to Kafka brokers becoming unresponsive, resulting in payment transaction failures and increased customer complaints. A Cloudflare 524 timeout upstream issue impacted the Kafka cluster, causing brokers to become unresponsive.",P2,network,synthetic_master
"VPC Peering Route Missing VPC peering route missing caused significant network latency, leading to some payment transactions failing and customer complaints rising. A misconfiguration in the VPC peering route table in AWS EKS.",P2,network,synthetic_master
"ALB 502 Bad Gateway The AWS ALB experienced a 502 Bad Gateway error, with all targets marked as unhealthy, leading to significant payment processing failures and increased customer complaints. ALB health checks failed due to misconfigured service endpoints, causing all targets to be marked unhealthy.",P2,network,synthetic_master
"Payment API DNS Failure Route53 NXDOMAIN error for payment-api.fintechflow.io led to DNS resolution failures, affecting payment transactions and causing customer complaints. Incorrect Route53 record configuration led to NXDOMAIN errors for payment-api.fintechflow.io.",P2,network,synthetic_master
"Cloudflare CDN Outage Affects Kafka Due to an issue with the Cloudflare CDN, Kafka brokers became unreachable, leading to ECONNREFUSED errors on port 9092 and significant degradation in payment processing. Cloudflare CDN caching rules inadvertently targeted and blocked Kafka broker endpoints.",P2,network,synthetic_master
"Kafka Brokers Down - Cloudflare 524 Timeout Kafka brokers experienced a network outage, resulting in 524 timeouts from Cloudflare. This impacted payment transactions, leading to a significant degradation in service and increasing customer complaints. A Cloudflare 524 timeout upstream was observed, which caused the Kafka brokers to become unreachable from our clients.",P2,network,synthetic_master
"VPC Peering Route Missing A VPC peering route was missing in our AWS EKS cluster, causing issues with payment transactions and leading to customer complaints. A misconfiguration in the routing table of one of the VPCs in the AWS EKS cluster.",P2,network,synthetic_master
"ALB 502 Bad Gateway, All Targets Unhealthy The AWS Application Load Balancer (ALB) experienced a 502 Bad Gateway error, with all backend targets marked as unhealthy, causing significant degradation in payment processing and increasing customer complaints. Misconfigured health checks in the Kubernetes cluster led to all backend services being marked as unhealthy, triggering the ALB to return 502 errors.",P2,network,synthetic_master
"Payment API DNS Failure Route53 NXDOMAIN error for payment-api.fintechflow.io led to DNS resolution failures, impacting 5% of payment transactions and causing customer complaints. A misconfigured Route53 record caused NXDOMAIN errors, affecting the payment-api.fintechflow.io domain.",P2,network,synthetic_master
"Cloudflare CDN Outage Causes Kafka Broker Unreachable The Cloudflare CDN experienced a network failure, causing Kafka broker unreachable errors (ECONNREFUSED port 9092), leading to payment processing delays and increased customer complaints. A DNS resolution issue caused by a Cloudflare CDN outage impacted the Kafka brokers, leading to service disruptions.",P2,network,synthetic_master
"Kafka Network Issues Impacting Payments Cloudflare 524 timeout upstream caused network issues, leading to Kafka brokers failures and some payment transactions being processed slowly or failing. Affected services include the B2B payment processing platform. Cloudflare 524 timeout upstream resulted in network latency issues affecting Kafka brokers.",P2,network,synthetic_master
"VPC Peering Route Missing in Production A VPC peering route was missing in the production environment, causing network connectivity issues and some payment transactions to fail. Customer complaints regarding payment processing delays increased. A misconfiguration in the network setup led to the missing VPC peering route, impacting the payment processing network.",P2,network,synthetic_master
"ALB 502 Bad Gateway: All Targets Unhealthy The AWS Application Load Balancer (ALB) experienced a 502 Bad Gateway error, indicating that all backend targets were unhealthy, leading to significant degradation in payment processing and customer complaints. A misconfiguration in the Kubernetes service causing all pods to become unhealthy, leading to the ALB marking them as unavailable.",P2,network,synthetic_master
"Route53 DNS Failure Impacting Payments Route53 NXDOMAIN error for payment-api.fintechflow.io caused temporary payment transaction failures, leading to customer complaints. An internal DNS configuration issue in Route53 caused the NXDOMAIN error.",P2,network,synthetic_master
"Cloudflare CDN Outage Impacting Payments The Cloudflare CDN experienced a network issue, resulting in unreachable Kafka brokers on port 9092, leading to payment transaction failures and increased customer complaints. A DNS resolution issue caused the Cloudflare CDN to incorrectly route traffic to the incorrect Kafka broker IP addresses.",P2,network,synthetic_master
"Kafka Brokers Down, 524 Timeout The Kafka brokers experienced a network issue, resulting in Cloudflare 524 timeouts and significant degradation of payment processing. Transactions using Kafka were notably affected, leading to customer complaints. A Cloudflare 524 timeout upstream occurred due to misconfigured network settings on the Kafka brokers.",P2,network,synthetic_master
"VPC Peering Route Missing VPC peering route missing caused significant network latency, resulting in payment transactions failing and customer complaints rising. Configuration error in HashiCorp Vault led to missing VPC peering route table updates.",P2,network,synthetic_master
"ALB 502 Error Impacting Transactions The AWS Application Load Balancer (ALB) experienced a 502 Bad Gateway error, with all targets marked as unhealthy, leading to significant transaction failures and increased customer complaints. A misconfiguration in the ALB target group caused health checks to fail, marking all targets as unhealthy, and triggering the 502 error.",P2,network,synthetic_master
"Route53 DNS Failure Affects Payment API Route53 NXDOMAIN error caused payment-api.fintechflow.io to fail, impacting 5% of payment transactions and leading to customer complaints. A misconfiguration change inadvertently deleted the DNS record for payment-api.fintechflow.io.",P2,network,synthetic_master
"Cloudflare CDN Outage The Cloudflare CDN experienced a network issue, causing Kafka brokers to become unreachable with ECONNREFUSED errors on port 9092, leading to a significant degradation in payment processing. A network configuration change at Cloudflare unintentionally impacted the connectivity to our Kafka brokers, leading to service disruptions.",P2,network,synthetic_master
"Kafka Network Glitch Causes 524 Timeout Cloudflare 524 timeout upstream affected Kafka brokers, leading to significant degradation in transaction processing and rising customer complaints. A network glitch between Cloudflare and Kafka brokers resulted in timeout issues.",P2,network,synthetic_master
"VPC Peering Route Missing in Production VPC peering route was missing, causing payment transactions to fail and customer complaints to rise in the production environment. A configuration change was made, but the corresponding route was not propagated correctly.",P2,network,synthetic_master
"AWS ALB 502 Bad Gateway The AWS Application Load Balancer experienced a 502 Bad Gateway error, with all backend targets marked unhealthy, causing significant degradation in payment transactions and rising customer complaints. Misconfigured health checks in the Kubernetes service caused the ALB to mark all backend services as unhealthy.",P2,network,synthetic_master
"Route53 NXDOMAIN for Payment API Route53 DNS failure caused NXDOMAIN for payment-api.fintechflow.io, leading to payment transaction failures and customer complaints. A misconfigured DNS record in Route53 caused a NXDOMAIN error for the payment-api subdomain.",P2,network,synthetic_master
"Cloudflare CDN Outage The Cloudflare CDN experienced a brief outage, leading to Kafka broker unreachable errors (ECONNREFUSED port 9092) and significant degradation in payment transactions. A DNS resolution issue caused by a Cloudflare CDN cache malfunction impacted the Kafka brokers, leading to transaction failures.",P2,network,synthetic_master
"Kafka Brokers Down, 524 Timeout Kafka brokers experienced a network outage causing 524 timeout upstream errors via Cloudflare, resulting in significant degradation of payment processing. Kafka brokers faced network connectivity issues leading to Cloudflare 524 timeout errors.",P2,network,synthetic_master
"VPC Peering Route Missing VPC peering route missing caused network connectivity issues, leading to failed transactions and increased customer complaints. Misconfiguration in the routing table after recent network changes.",P2,network,synthetic_master
"ALB 502 Bad Gateway: All Targets Unhealthy The AWS Application Load Balancer (ALB) experienced a 502 Bad Gateway error, with all backend targets marked as unhealthy, leading to significant degradation in payment processing and customer complaints. Misconfiguration of health checks in the ALB caused all backend services to be marked as unhealthy, cascading into a 502 error.",P2,network,synthetic_master
"Payment API DNS Failure Route53 returned NXDOMAIN for payment-api.fintechflow.io, causing DNS resolution failures and transaction processing issues for our B2B payment API. A Route53 health check failure led to the NXDOMAIN response for the payment-api.fintechflow.io domain, affecting DNS resolution for our payment transactions.",P2,network,synthetic_master
"Cloudflare CDN Network Issue A network issue with the Cloudflare CDN caused a Kafka broker to become unreachable, resulting in some payment transactions failing and customer complaints rising. A routing issue in the Cloudflare CDN network led to increased latency and ultimately an ECONNREFUSED error on the Kafka broker at port 9092.",P2,network,synthetic_master
"Kafka Disruption due to Cloudflare Timeout Kafka brokers experienced a network issue causing delays in message processing, leading to some payment transactions failing and customer complaints rising. Error: Cloudflare 524 timeout upstream. A Cloudflare 524 timeout occurred, impacting the network between Cloudflare and the Kafka brokers.",P2,network,synthetic_master
"VPC Peering Route Issue Disrupted Transactions A missing VPC peering route caused disruptions in payment processing, resulting in some transactions failing and customer complaints increasing. A misconfiguration in the VPC peering connection led to missing routes in the routing table, affecting payment transaction flows.",P2,network,synthetic_master
"ALB 502 Bad Gateway - All Targets Unhealthy The AWS Application Load Balancer (ALB) experienced a 502 Bad Gateway error, indicating all backend targets were unhealthy, causing significant payment processing degradation and customer complaints. Misconfiguration of the health checks in the ALB caused all backend services to be marked as unhealthy, leading to the 502 errors.",P2,network,synthetic_master
"Payment API DNS Failure Route53 NXDOMAIN error impacted payment-api.fintechflow.io, leading to transaction failures and increased customer complaints. A Route53 health check issue caused an NXDOMAIN response for payment-api.fintechflow.io, affecting DNS resolution for payment-related services.",P2,network,synthetic_master
"Cloudflare CDN Outage Affects Kafka A network issue with the Cloudflare CDN caused Kafka brokers to become unreachable, resulting in some payment transactions failing. Error: Kafka broker unreachable ECONNREFUSED port 9092. DNS resolution issues due to upstream network problems affecting the Cloudflare CDN.",P2,network,synthetic_master
"Kafka brokers down due to Cloudflare timeout Kafka brokers experienced a failure causing significant degradation in transaction processing, leading to customer complaints. The error reported was a Cloudflare 524 timeout upstream. A Cloudflare 524 timeout upstream affected the Kafka brokers, disrupting transaction processing.",P2,network,synthetic_master
"VPC Peering Route Missing VPC peering route missing caused network disruptions, resulting in some payment transactions failing and customer complaints rising. A misconfiguration in the routing table of the VPC peering connection.",P2,network,synthetic_master
"AWS ALB 502 Bad Gateway - All Targets Unhealthy The AWS Application Load Balancer (ALB) experienced a 502 Bad Gateway error, indicating all backend targets were unhealthy. This affected payment transactions, leading to significant degradation and increased customer complaints. ALB health checks failed due to misconfigured target group health checks in the Kubernetes cluster running on AWS EKS.",P2,network,synthetic_master
"Payment API DNS Failure Route53 NXDOMAIN error for payment-api.fintechflow.io caused DNS resolution issues, affecting payment transactions and leading to customer complaints. Incorrect DNS record configuration caused Route53 to return NXDOMAIN for the payment-api.fintechflow.io domain.",P2,network,synthetic_master
"Cloudflare CDN Outage Causes Payment Delays Cloudflare CDN issues led to Kafka broker unreachable errors, resulting in payment processing delays and some transaction failures. Error: Kafka broker unreachable ECONNREFUSED port 9092. Affected payment transactions include direct debits and recurring payments. DNS resolution issues with Cloudflare CDN caused traffic to be routed incorrectly, leading to Kafka broker unreachable errors.",P2,network,synthetic_master
"Kafka Brokers Down Kafka brokers experienced a network issue, resulting in Cloudflare 524 timeout upstream. This impacted payment processing, leading to some transactions failing and increasing customer complaints. A DNS resolution issue with Cloudflare caused the 524 timeout, impacting Kafka brokers.",P2,network,synthetic_master
"VPC Peering Route Missing VPC peering route was missing in the AWS network, causing some payment transactions to fail. Customer complaints increased due to payment delays. The route was accidentally deleted during routine maintenance by the platform-sre team.",P2,network,synthetic_master
"ALB 502 Bad Gateway due to unhealthy targets The AWS Application Load Balancer (ALB) in the production environment failed, showing a 502 Bad Gateway error with all targets marked as unhealthy, affecting payment transactions processing. Misconfiguration in the target group causing health checks to fail, leading to the ALB marking all targets as unhealthy.",P2,network,synthetic_master
"Route53 DNS Failure Affects Payment API Route53 NXDOMAIN error impacted payment-api.fintechflow.io, leading to transaction failures and customer complaints. A misconfigured DNS record in Route53 caused NXDOMAIN errors, disrupting service for the payment-api.fintechflow.io domain.",P2,network,synthetic_master
"Cloudflare CDN Outage Affects Kafka Cloudflare CDN experienced a network failure, causing Kafka brokers to become unreachable with ECONNREFUSED errors. This impacted transaction processing and led to some payment transactions failing. A network misconfiguration in Cloudflare caused the CDN to fail, impacting the Kafka brokers hosted within the network.",P2,network,synthetic_master
"Kafka Brokers Down, Cloudflare 524 Timeout Kafka brokers experienced a network issue, leading to message delivery failures and increased transaction failures. The error 'Cloudflare 524 timeout upstream' was reported during the outage. Cloudflare network issues caused a timeout for upstream requests to the Kafka brokers.",P2,network,synthetic_master
"VPC Peering Route Missing A VPC peering route was missing, leading to network issues and some payment transactions failing. This affected our B2B payment processing platform, impacting customer transactions. A route missing in the AWS VPC peering configuration caused network segmentation, affecting payment transactions.",P2,network,synthetic_master
"ALB 502 Bad Gateway - All Targets Unhealthy The AWS Application Load Balancer experienced a 502 Bad Gateway error, indicating that all backend targets were unhealthy, leading to significant payment transaction failures and rising customer complaints. A misconfiguration in the backend services caused the health checks to fail, making all targets appear unhealthy to the ALB.",P2,network,synthetic_master
"Route53 DNS Failure Affects Payment API Route53 NXDOMAIN error caused the payment-api.fintechflow.io domain to fail, impacting transaction processing and resulting in customer complaints. Route53 health check misconfiguration led to an unexpected failure of the payment-api.fintechflow.io domain.",P2,network,synthetic_master
"Cloudflare CDN Failure The Cloudflare CDN experienced a network outage, resulting in unreachable Kafka brokers and some payment transactions failing. Error: 'Kafka broker unreachable ECONNREFUSED port 9092'. A DNS resolution issue for the Cloudflare CDN caused the Kafka brokers to be unreachable, leading to transaction failures.",P2,network,synthetic_master
"Kafka Broker Network Issue A network issue caused by a Cloudflare 524 timeout upstream affected our Kafka brokers, leading to some transaction failures and increasing customer complaints. High network latency between Cloudflare and Kafka brokers due to a 524 timeout.",P2,network,synthetic_master
"VPC Peering Route Missing The VPC peering route was missing, causing some payment transactions to fail and leading to an increase in customer complaints. A configuration issue in the AWS EKS cluster resulted in the VPC peering route being missed during the deployment process.",P2,network,synthetic_master
"ALB 502 Bad Gateway: All Targets Unhealthy The AWS Application Load Balancer (ALB) experienced a 502 Bad Gateway error, indicating all backend targets were unhealthy. This affected payment transactions, leading to service degradation and increased customer complaints. Misconfigured health checks in the Kubernetes cluster caused all backend services to be marked as unhealthy.",P2,network,synthetic_master
"Payment API DNS Failure Route53 NXDOMAIN error impacted payment-api.fintechflow.io, leading to failed transactions and rising customer complaints. A Route53 health check failure caused the NXDOMAIN response, affecting DNS resolution for payment-api.fintechflow.io.",P2,network,synthetic_master
"Cloudflare CDN Outage Affects Kafka Cloudflare CDN experienced a network issue causing Kafka brokers to become unreachable, leading to significant degradation in transaction processing and customer complaints. Cloudflare CDN failure impacted the network path to Kafka brokers, resulting in ECONNREFUSED errors on port 9092.",P2,network,synthetic_master
"Kafka Brokers Down with Cloudflare Timeout Kafka brokers experienced a significant network failure, causing 524 timeout upstream errors via Cloudflare. This impacted real-time payment processing and led to customer complaints. Cloudflare misconfiguration leading to timeout errors during high traffic periods on Kafka brokers.",P2,network,synthetic_master
"VPC Peering Route Missing VPC peering route missing caused network connectivity issues, leading to some payment transactions failing and increasing customer complaints. A misconfiguration in the route table caused the missing VPC peering route, impacting payment processing.",P2,network,synthetic_master
"ALB 502 Bad Gateway in Production The AWS Application Load Balancer experienced a 502 Bad Gateway error, with all backend targets reported as unhealthy. This affected payment processing transactions, leading to degraded service and increased customer complaints. A misconfigured health check in Kubernetes caused the ALB to mark all targets as unhealthy, leading to the 502 errors.",P2,network,synthetic_master
"Route53 DNS Failure Affects Payment API Route53 returned NXDOMAIN for payment-api.fintechflow.io, impacting payment transactions and causing customer complaints. A Route53 health check issue led to incorrect routing for the payment-api.fintechflow.io domain.",P2,network,synthetic_master
"Cloudflare CDN Network Issue A network issue with the Cloudflare CDN caused Kafka brokers to become unreachable, resulting in some payment transactions failing and customer complaints increasing. A DNS resolution issue in the Cloudflare CDN caused the Kafka brokers to become unreachable, leading to transaction processing failures.",P2,network,synthetic_master
"Kafka Brokers Down Due to Cloudflare Timeout Kafka brokers experienced downtime due to Cloudflare 524 timeout upstream, leading to a significant degradation in service and customer complaints. Transactions involving payment processing were affected. High network latency and timeout issues between Cloudflare and Kafka brokers, causing intermittent service disruptions.",P2,network,synthetic_master
"VPC Peering Route Missing VPC peering route missing caused a significant network disruption, resulting in some payment transactions failing and customer complaints rising. A route update was missed during a recent network configuration change in the Kubernetes cluster.",P2,network,synthetic_master
"ALB 502 Bad Gateway Due to Unhealthy Targets The AWS Application Load Balancer experienced a 502 Bad Gateway error, indicating that all backend targets were unhealthy. This affected a small subset of payment transactions, primarily those routed through this specific load balancer. The health checks configured for the backend services failed, marking all targets as unhealthy, leading to the 502 error.",P3,network,synthetic_master
"Route53 NXDOMAIN for Payment API Route53 returned an NXDOMAIN error for payment-api.fintechflow.io, affecting a small subset of users during payment transactions. A DNS record for payment-api.fintechflow.io was accidentally deleted, causing a temporary NXDOMAIN error.",P3,network,synthetic_master
"Cloudflare CDN Outage A network issue caused the Cloudflare CDN to fail, resulting in some payment transactions being delayed or failing due to Kafka brokers unreachable with ECONNREFUSED error on port 9092. A network issue between Cloudflare and the Kafka brokers led to the ECONNREFUSED error, impacting the transaction processing pipeline.",P3,network,synthetic_master
"Cloudflare 524 Timeout Affects Kafka Kafka brokers experienced temporary downtime due to a Cloudflare 524 timeout upstream issue, affecting a small subset of payment transactions. An unexpected Cloudflare 524 timeout upstream issue disrupted network communication between Cloudflare and the Kafka brokers.",P3,network,synthetic_master
"VPC Peering Route Missing A VPC peering route was missing in our production environment, causing intermittent network issues for a small subset of users. This affected payment transactions between specific VPCs. A configuration error in the route table of one of the VPCs resulted in the missing route.",P3,network,synthetic_master
"ALB 502 Bad Gateway - All Targets Unhealthy The AWS Application Load Balancer experienced a 502 Bad Gateway error due to all backend targets being marked unhealthy, affecting a small subset of users during peak transaction times. Health checks on backend services failed, causing the ALB to mark all targets as unhealthy, leading to 502 errors.",P3,network,synthetic_master
"Payment API DNS Resolution Issue A Route53 NXDOMAIN error affected payment-api.fintechflow.io, impacting a small subset of payment transactions in production. An incorrect DNS record in Route53 caused the NXDOMAIN error, misdirecting traffic to an invalid domain.",P3,network,synthetic_master
"Cloudflare CDN Outage Affects Kafka A network issue with Cloudflare CDN led to a Kafka broker becoming unreachable, resulting in ECONNREFUSED errors on port 9092. This impacted a small subset of payment transactions. A DNS resolution issue with Cloudflare CDN caused the Kafka broker to become unreachable, leading to connection errors.",P3,network,synthetic_master
"Kafka Broker Timeout Due to Cloudflare A Cloudflare 524 timeout upstream issue impacted a small subset of Kafka brokers, resulting in minor disruptions to payment transactions. An upstream timeout from Cloudflare affected a subset of Kafka brokers, causing temporary delays in message processing.",P3,network,synthetic_master
"VPC Peering Route Missing A VPC peering route was missing, causing temporary disruptions in payment transactions for a small subset of users. A misconfiguration in the VPC peering connection led to the missing route.",P3,network,synthetic_master
"ALB 502 Bad Gateway Due to Unhealthy Targets The AWS Application Load Balancer (ALB) returned 502 Bad Gateway errors due to all targets being unhealthy, affecting a small subset of payment transactions. All backend services were experiencing health check failures, likely due to misconfigured health checks or backend service issues.",P3,network,synthetic_master
"Route53 DNS Failure for Payment API A Route53 NXDOMAIN error occurred for payment-api.fintechflow.io, affecting a small subset of payment transactions in production. A misconfigured Route53 record caused the NXDOMAIN error, impacting DNS resolution for the payment-api service.",P3,network,synthetic_master
"Kafka Broker Unreachable on Cloudflare CDN A Kafka broker became unreachable, reporting ECONNREFUSED on port 9092, affecting a small subset of payment transactions through the Cloudflare CDN. The issue was caused by a misconfiguration in the Cloudflare CDN rules, redirecting traffic to an incorrect Kafka broker.",P3,network,synthetic_master
"Kafka Brokers Outage Due to Cloudflare Timeout Cloudflare 524 timeout upstream caused temporary disruption to Kafka brokers, impacting a small subset of payment transactions. A Cloudflare 524 timeout upstream error triggered a network issue affecting Kafka brokers.",P3,network,synthetic_master
"VPC Peering Route Missing A VPC peering route was missing, causing a brief disruption to payment transactions for a small subset of users. The error appeared as a network connectivity issue between two VPCs. The route missing was due to a misconfiguration in the network settings when a new VPC was added to the FinTechFlow environment.",P3,network,synthetic_master
"ALB 502 Bad Gateway due to unhealthy targets An issue with the AWS ALB caused a 502 Bad Gateway error, with all targets being marked as unhealthy, affecting a small subset of payment transactions. Misconfigured health checks in Kubernetes led to all targets being marked as unhealthy, triggering the 502 Bad Gateway error.",P3,network,synthetic_master
"Route53 NXDOMAIN for payment-api.fintechflow.io Route53 experienced an NXDOMAIN error, causing temporary unavailability of the payment-api.fintechflow.io service, affecting a small subset of payment transactions. A misconfiguration in Route53 led to an NXDOMAIN response for the payment-api.fintechflow.io domain.",P3,network,synthetic_master
"Cloudflare CDN Issue Disrupts Kafka Communication A network issue with Cloudflare CDN caused Kafka brokers to become unreachable, resulting in ECONNREFUSED errors on port 9092. This affected a small subset of payment transactions. An unexpected DNS resolution issue with Cloudflare CDN led to incorrect IP addresses being resolved for Kafka brokers.",P3,network,synthetic_master
"Kafka Down due to Cloudflare Timeout Kafka brokers experienced a短暂中断，由于Cloudflare超时导致。受影响的交易主要集中在使用Kafka进行支付处理的部分用户。 Cloudflare 524 timeout upstream caused the Kafka connection to fail, leading to service disruption.",P3,network,synthetic_master
"VPC Peering Route Missing in Production A VPC peering route was missing, causing temporary payment transaction delays for a small subset of users. No revenue impact was observed. A configuration issue in the AWS EKS cluster led to the missing VPC peering route.",P3,network,synthetic_master
"ALB 502 Bad Gateway: AWS Load Balancer Unhealthy The AWS Application Load Balancer (ALB) experienced a 502 Bad Gateway error, indicating that all backend targets were unhealthy, which affected a small subset of payment transactions at FinTechFlow. A misconfiguration in the backend services led to all targets being marked as unhealthy, triggering the 502 error.",P3,network,synthetic_master
"Payment API DNS Failure Route53 NXDOMAIN error caused temporary outages for the payment-api.fintechflow.io DNS record, affecting a small subset of transactions. A misconfiguration in Route53 led to the NXDOMAIN error for the payment-api.fintechflow.io record.",P3,network,synthetic_master
"Cloudflare CDN Outage A network issue caused the Cloudflare CDN to become unavailable, resulting in some payment transactions failing due to unreachable Kafka brokers. The error displayed was 'Kafka broker unreachable ECONNREFUSED port 9092'. A DNS resolution issue within the Cloudflare CDN network caused the Kafka brokers to be unreachable.",P3,network,synthetic_master
"Kafka Brokers Down Due to Cloudflare Timeout Due to a Cloudflare 524 timeout upstream, a subset of Kafka brokers experienced downtime, affecting a small number of payment transactions. A Cloudflare 524 timeout upstream led to the unavailability of some Kafka brokers, impacting payment processing.",P3,network,synthetic_master
"VPC Peering Route Missing in Production A missing VPC peering route caused intermittent network issues, affecting a small subset of payment transactions. Error appeared as missing routes in the routing table, impacting approximately 2% of daily transactions. The VPC peering connection was established but the route was not properly configured in the routing table.",P3,network,synthetic_master
"ALB 502 Bad Gateway, All Targets Unhealthy A network issue occurred in the AWS ALB, resulting in a 502 Bad Gateway error. This affected a small subset of users, impacting payment transactions. The error message indicated that all backend targets were unhealthy. Misconfiguration of the target group health checks in the AWS ALB, causing all targets to be marked as unhealthy.",P3,network,synthetic_master
"Payment API DNS Resolution Issue Route53 NXDOMAIN error caused temporary DNS resolution failures for payment-api.fintechflow.io, impacting a small subset of payment transactions. Route53 record not properly updated after a recent DNS zone modification.",P3,network,synthetic_master
"Cloudflare CDN Outage A network issue caused the Cloudflare CDN to be temporarily unreachable, leading to a Kafka broker error (ECONNREFUSED on port 9092). This affected a small subset of payment transactions. A routing issue within Cloudflare's CDN network led to a temporary loss of connectivity for our services.",P3,network,synthetic_master
"Kafka Brokers Temporarily Down Kafka brokers experienced a brief outage due to a Cloudflare 524 timeout upstream, affecting a small subset of payment transactions. A Cloudflare 524 timeout upstream occurred, impacting the Kafka brokers and their ability to process payment transactions.",P3,network,synthetic_master
"VPC Peering Route Missing A VPC peering route was missing in the network configuration, affecting a small subset of payment transactions. The error appeared as a failure in route propagation between VPCs. The missing VPC peering route was due to a misconfiguration in the network setup during a recent infrastructure update.",P3,network,synthetic_master
"ALB 502 Bad Gateway due to unhealthy targets The AWS Application Load Balancer experienced a 502 Bad Gateway error due to all backend targets being unhealthy, affecting a small subset of payment transactions. A health check failure on the backend services caused the ALB to mark all targets as unhealthy, resulting in the 502 errors.",P3,network,synthetic_master
"Route53 NXDOMAIN for payment-api.fintechflow.io Payment transactions failed due to a Route53 NXDOMAIN error for payment-api.fintechflow.io, affecting a small subset of users. A misconfiguration in the Route53 DNS zone caused the NXDOMAIN error.",P3,network,synthetic_master
"Kafka Broker Unreachable on Cloudflare CDN A minor issue occurred where a Kafka broker became unreachable, resulting in ECONNREFUSED errors on port 9092. This affected a small subset of payment transactions processed through the Cloudflare CDN. The Cloudflare CDN cache eviction led to the Kafka broker being temporarily unavailable, causing connection issues.",P3,network,synthetic_master
"Kafka Brokers Down Due to Cloudflare Timeout Cloudflare 524 timeout upstream affected Kafka brokers, impacting a small subset of payment transactions. A Cloudflare 524 timeout upstream issue disrupted network connectivity to the Kafka brokers.",P3,network,synthetic_master
"VPC Peering Route Missing in Production A VPC peering route was missing, causing a brief disruption in payment processing for a small subset of users. No revenue impact was observed. The route table associated with the VPC peering connection was not updated after a recent infrastructure change.",P3,network,synthetic_master
"ALB 502 Bad Gateway Due to Unhealthy Targets The AWS Application Load Balancer (ALB) experienced a 502 Bad Gateway error, indicating all backend targets were unhealthy, affecting a small subset of payment transactions. Misconfigured health checks in the Kubernetes cluster resulted in all targets being marked as unhealthy.",P3,network,synthetic_master
"Route53 NXDOMAIN for Payment API Route53 DNS failure caused NXDOMAIN errors, impacting a small subset of payment transactions. Users attempting to access payment-api.fintechflow.io encountered DNS resolution issues. A recent change in DNS records for the payment-api subdomain led to a configuration error, causing Route53 to return NXDOMAIN for requests.",P3,network,synthetic_master
"Cloudflare CDN Outage Affects Kafka A network issue caused the Cloudflare CDN to fail, resulting in Kafka brokers being unreachable. This affected a small subset of payment transactions. A DNS resolution issue led to the Cloudflare CDN failing to reach Kafka brokers on port 9092.",P3,network,synthetic_master
"Cloudflare Timeout Affects Kafka Brokers A Cloudflare 524 timeout upstream issue impacted Kafka brokers, resulting in temporary service disruptions for a small subset of users handling payment transactions. A Cloudflare 524 timeout occurred, leading to connectivity issues between the Cloudflare CDN and the Kafka brokers.",P3,network,synthetic_master
"VPC Peering Route Missing A VPC peering route was missing, causing temporary disruptions to a small subset of transactions. No revenue impact was observed. A configuration error led to the missing VPC peering route, disrupting a small subset of payment transactions.",P3,network,synthetic_master
"ALB 502 Bad Gateway The AWS Application Load Balancer experienced an issue, reporting 502 Bad Gateway errors with all targets marked as unhealthy, affecting a small subset of payment transactions. A misconfiguration in the AWS Application Load Balancer caused all backend services to be marked as unhealthy, leading to 502 errors.",P3,network,synthetic_master
"Payment API DNS Resolution Issue Route53 NXDOMAIN error affected payment-api.fintechflow.io, impacting a small subset of transactions in the production environment. An incorrect Route53 record was deleted, causing a DNS resolution failure for payment-api.fintechflow.io.",P3,network,synthetic_master
"Cloudflare CDN Network Issue A network issue with the Cloudflare CDN caused a Kafka broker to become unreachable, resulting in ECONNREFUSED errors on port 9092. This affected a small subset of payment transactions. A misconfigured routing rule in Cloudflare CDN led to increased latency and ultimately caused the Kafka broker to become unreachable.",P3,network,synthetic_master
"Kafka Brokers Downtime Due to Cloudflare Timeout A brief Cloudflare 524 timeout upstream error affected a small subset of Kafka brokers, leading to a short disruption in transaction processing. A Cloudflare 524 timeout upstream error caused a temporary network issue affecting a subset of Kafka brokers.",P3,network,synthetic_master
"VPC Peering Route Missing in Prod A critical VPC peering route was missing, causing payment transactions to time out for a subset of users. The error appeared as a failure in the VPC peering connection, affecting approximately 1% of daily transactions. The route was accidentally removed during a network configuration change, impacting the routing table in the affected VPC.",P3,network,synthetic_master
"ALB 502 Bad Gateway Due to Unhealthy Targets The AWS ALB experienced a 502 Bad Gateway error due to all targets being marked as unhealthy, affecting a small subset of payment transactions in the production environment. A misconfigured health check in the Kubernetes cluster caused all targets to be marked as unhealthy, leading to the 502 error.",P3,network,synthetic_master
"Payment API DNS Resolution Issue Route53 returned an NXDOMAIN error for payment-api.fintechflow.io, affecting a small subset of transactions in the production environment. Incorrect DNS record configuration led to an NXDOMAIN error for payment-api.fintechflow.io.",P3,network,synthetic_master
"Cloudflare CDN DNS Issue A DNS resolution issue with the Cloudflare CDN caused a temporary outage, resulting in some users experiencing delayed transaction processing. The error indicated that Kafka brokers were unreachable with ECONNREFUSED on port 9092. A misconfiguration in the Cloudflare DNS settings led to incorrect IP resolution for the Kafka brokers.",P3,network,synthetic_master
"Cloudflare Timeout Disrupted Kafka Brokers A Cloudflare 524 timeout upstream issue affected Kafka brokers, causing temporary disruptions in transaction processing for a small subset of users. A Cloudflare 524 timeout upstream issue resulted in network latency, impacting Kafka brokers.",P3,network,synthetic_master
"VPC Peering Route Missing A VPC peering route was missing, causing temporary payment processing delays for a small subset of users. No revenue impact was observed. A BGP route advertisement failure in our Kubernetes cluster on AWS EKS led to the missing VPC peering route.",P3,network,synthetic_master
"ALB 502 Bad Gateway - All Targets Unhealthy The AWS Application Load Balancer experienced an issue causing 502 Bad Gateway errors, indicating all backend targets were unhealthy, affecting a small subset of payment transactions. Misconfigured health checks on the Kubernetes cluster caused by an update to the service discovery mechanism.",P3,network,synthetic_master
"Payment API DNS Resolution Issue Route53 NXDOMAIN error caused temporary DNS resolution failures for payment-api.fintechflow.io, impacting a small subset of payment transactions. A misconfiguration in Route53 caused a NXDOMAIN error for the payment-api subdomain.",P3,network,synthetic_master
"Cloudflare CDN Fluctuation Cloudflare CDN experienced intermittent issues, causing some Kafka brokers to become unreachable (ECONNREFUSED port 9092). This affected a small subset of payment transactions. Cloudflare CDN edge nodes experienced temporary network instability, leading to connectivity issues with Kafka brokers.",P3,network,synthetic_master
"Kafka Brokers Down due to Cloudflare Timeout Cloudflare 524 timeout upstream issue impacted a subset of Kafka brokers, causing minor disruptions in payment processing. The Cloudflare 524 timeout upstream issue caused a subset of Kafka brokers to become unresponsive, leading to temporary service degradation.",P3,network,synthetic_master
"VPC Peering Route Issue Disrupted A missing VPC peering route caused an interruption in network traffic, affecting a small subset of payment transactions. Users experienced delays and occasional failures in transaction processing. The route missing from the VPC peering configuration was not properly propagated, leading to network connectivity issues.",P3,network,synthetic_master
"ALB 502 Bad Gateway due to unhealthy targets The AWS ALB experienced a 502 Bad Gateway error, indicating that all backend targets were unhealthy, affecting a small subset of payment transactions. A misconfiguration in the Kubernetes service caused the targets to become unhealthy, leading to the 502 error.",P3,network,synthetic_master
"Payment API DNS Resolution Failure A Route53 NXDOMAIN error impacted the payment-api.fintechflow.io domain, affecting a small subset of payment transactions. A misconfiguration in the Route53 DNS zone for the payment-api subdomain led to an NXDOMAIN error.",P3,network,synthetic_master
"Cloudflare CDN Outage A minor issue occurred in the Cloudflare CDN, causing some payment transactions to fail due to a Kafka broker unreachable error (ECONNREFUSED port 9092). A Cloudflare CDN edge node experienced a networking issue, leading to the unreachable Kafka broker and affecting payment transactions.",P3,network,synthetic_master
"Kafka Brokers Network Issue A Cloudflare 524 timeout upstream error caused a temporary network issue affecting Kafka brokers, impacting a small subset of payment transactions. A Cloudflare 524 timeout upstream error occurred, disrupting the network connection between Cloudflare and the Kafka brokers.",P3,network,synthetic_master
"VPC Peering Route Missing A VPC peering route was missing, causing intermittent network issues for a small subset of users. Payment transactions were unaffected, but user experience was slightly impacted. The VPC peering route configuration was incomplete due to a recent network update.",P3,network,synthetic_master
"ALB 502 Bad Gateway on AWS The AWS Application Load Balancer experienced a 502 Bad Gateway error, with all backend targets marked as unhealthy, affecting a small subset of payment transactions. A misconfigured health check in the AWS ALB caused all backend services to be marked as unhealthy, leading to the 502 error.",P3,network,synthetic_master
"Payment API DNS Resolution Issue A Route53 NXDOMAIN error for payment-api.fintechflow.io affected a small subset of payment transactions in our production environment, causing temporary delays. A misconfiguration in Route53 caused the NXDOMAIN error, leading to DNS resolution failures for the payment-api subdomain.",P3,network,synthetic_master
"Cloudflare CDN Outage with Kafka Broker A network issue caused the Cloudflare CDN to fail, resulting in a Kafka broker unreachable error (ECONNREFUSED port 9092). This affected a small subset of payment transactions. A network misconfiguration led to the Cloudflare CDN dropping traffic destined for the Kafka brokers.",P3,network,synthetic_master
"Kafka Down Due to Cloudflare Timeout A Cloudflare 524 timeout upstream error led to temporary downtime of Kafka brokers, affecting a small subset of payment transactions. The Cloudflare 524 timeout caused the external load balancer to fail to properly route traffic to the Kafka brokers.",P3,network,synthetic_master
"VPC Peering Route Missing in Production A VPC peering route was missing in the production environment, affecting a small subset of payment transactions. The error appeared as a routing issue within the network stack, impacting 0.1% of daily transactions. The route was accidentally removed during a network configuration change, causing a routing issue.",P3,network,synthetic_master
"ALB 502 Bad Gateway due to unhealthy targets The AWS Application Load Balancer (ALB) experienced a 502 Bad Gateway error, with all targets marked as unhealthy, affecting a small subset of users during production hours. Misconfiguration of health checks on the backend services caused all targets to be marked as unhealthy, leading to the 502 error.",P3,network,synthetic_master
"Payment API DNS Resolution Issue Route53 NXDOMAIN error caused temporary DNS resolution failures for payment-api.fintechflow.io, impacting a small subset of payment transactions. Route53 hosted zone for payment-api.fintechflow.io was accidentally deleted by a misconfiguration change.",P3,network,synthetic_master
"Kafka Broker Unreachable via Cloudflare CDN A Kafka broker became unreachable, resulting in ECONNREFUSED errors on port 9092, affecting a small subset of payment transactions processed via the Cloudflare CDN. A misconfiguration change in Cloudflare CDN routing temporarily disrupted the Kafka broker access.",P3,network,synthetic_master
"Kafka Down Due to Cloudflare Timeout Kafka brokers experienced downtime due to a Cloudflare 524 timeout upstream, affecting a small subset of payment transactions. The Cloudflare timeout was triggered by a misconfigured upstream server, impacting Kafka communication.",P3,network,synthetic_master
"VPC Peering Route Missing A VPC peering route was missing in the network configuration, affecting a small subset of payment transactions. A misconfiguration in the AWS EKS cluster routing table led to a missing VPC peering route.",P3,network,synthetic_master
"ALB 502 Bad Gateway due to unhealthy targets An issue with the AWS Application Load Balancer resulted in 502 Bad Gateway errors, indicating that all backend targets were unhealthy, affecting a small subset of users during the incident. A misconfiguration in the backend services caused the health checks to fail, marking all targets as unhealthy.",P3,network,synthetic_master
Payment API DNS Failure Route53 NXDOMAIN error caused短暂中断支付API的DNS解析，影响了少量用户的支付交易。 Route53配置错误导致了payment-api.fintechflow.io解析失败。,P3,network,synthetic_master
"Cloudflare CDN Outage Affects Payment Processing A Cloudflare CDN outage caused Kafka broker unreachable (ECONNREFUSED) at port 9092, impacting a small subset of payment transactions. The Cloudflare CDN experienced a network issue, leading to connectivity problems with the Kafka brokers.",P3,network,synthetic_master
"Cloudflare 524 Timeout Affects Kafka Brokers A Cloudflare 524 timeout upstream issue impacted Kafka brokers, causing minor delays in transaction processing for a small subset of users. The Cloudflare 524 timeout was caused by a misconfigured SSL certificate that impacted the connection between Cloudflare and the Kafka brokers.",P3,network,synthetic_master
"VPC Peering Route Missing A missing VPC peering route caused a brief disruption in VPC peering, affecting a small subset of payment transactions. The error appeared as an alert in our monitoring system. A manual configuration change was made to the VPC peering route, which was not propagated correctly.",P3,network,synthetic_master
"ALB 502 Bad Gateway - All Targets Unhealthy The AWS Application Load Balancer experienced a 502 Bad Gateway error, indicating all backend targets were unhealthy, affecting a small subset of payment transactions. Misconfigured health checks in Kubernetes caused by recent updates to service deployments.",P3,network,synthetic_master
"Payment API DNS Issue Resolved Route53 DNS failure caused NXDOMAIN error for payment-api.fintechflow.io, affecting a small subset of payment transactions. Route53 health check failure due to misconfigured health check timing and timeout settings.",P3,network,synthetic_master
"Cloudflare CDN Outage with Kafka Broker A network issue caused the Cloudflare CDN to fail, leading to a Kafka broker unreachable error (ECONNREFUSED port 9092) and affecting a small subset of payment transactions. A misconfiguration in Cloudflare DNS settings led to a DNS resolution failure, causing the Kafka broker to become unreachable.",P3,network,synthetic_master
"Kafka Broker Down Due to Cloudflare Timeout A Cloudflare 524 timeout upstream error led to temporary unavailability of some Kafka brokers, affecting a small subset of payment transactions. A Cloudflare 524 timeout upstream issue caused temporary network instability, impacting Kafka brokers.",P3,network,synthetic_master
"VPC Peering Route Missing A VPC peering route was missing in the production environment, causing a brief disruption in payment processing for a small subset of users. The route table associated with the VPC peering connection was not updated after a recent network configuration change.",P3,network,synthetic_master
"ALB 502 Bad Gateway due to unhealthy targets The AWS ALB experienced a 502 Bad Gateway error due to all targets being marked as unhealthy, impacting a small subset of payment transactions. A misconfiguration in the health check settings of the AWS ALB led to all backend services being marked as unhealthy.",P3,network,synthetic_master
"Route53 NXDOMAIN for payment-api.fintechflow.io A Route53 NXDOMAIN error occurred for payment-api.fintechflow.io, affecting a small subset of users attempting to access the payment API. No revenue impact was observed. A misconfiguration in Route53 caused an NXDOMAIN error for the payment-api subdomain.",P3,network,synthetic_master
"Cloudflare CDN Outage A network issue with Cloudflare CDN caused Kafka brokers to become unreachable, resulting in a small subset of payment transactions being delayed for 15 minutes. An external DNS resolution issue led to Kafka brokers becoming unreachable, as indicated by ECONNREFUSED errors on port 9092.",P3,network,synthetic_master
"Kafka Down: Cloudflare 524 Timeout A network issue caused by Cloudflare 524 timeout upstream affected our Kafka brokers, impacting a small subset of payment transactions. The Cloudflare 524 timeout upstream issue led to network latency, affecting Kafka brokers and subsequently payment transactions.",P3,network,synthetic_master
"VPC Peering Route Missing A VPC peering route was missing, causing a brief disruption in payment processing for a small subset of users. The error appeared as a routing issue within the VPC peering connection, impacting approximately 0.1% of transactions. A misconfiguration in the VPC peering route table led to the missing route.",P3,network,synthetic_master
"ALB 502 Bad Gateway due to unhealthy targets The AWS Application Load Balancer experienced a 502 Bad Gateway error, indicating that all backend targets were unhealthy. This impacted a small subset of payment transactions. A health check failure in the backend services caused the ALB to mark all targets as unhealthy, leading to the 502 error.",P3,network,synthetic_master
"Route53 DNS Issue Affects Payment API Route53 NXDOMAIN error caused temporary outages for the payment-api.fintechflow.io service, impacting a small subset of transactions. Misconfigured DNS record in Route53 leading to NXDOMAIN errors for payment-api.fintechflow.io.",P3,network,synthetic_master
"Cloudflare CDN Network Issue A network outage affecting Cloudflare CDN led to a brief unavailability of our payment processing services, with an error indicating that Kafka brokers were unreachable (ECONNREFUSED, port 9092). This affected a small subset of users. Cloudflare CDN experienced a network issue, causing DNS resolution failures for the Kafka brokers.",P3,network,synthetic_master
"Cloudflare Timeout Affects Kafka A Cloudflare 524 timeout upstream issue impacted a subset of Kafka brokers, causing minor delays in transaction processing for a small number of users. An external Cloudflare 524 timeout upstream issue led to temporary network latency affecting Kafka brokers.",P3,network,synthetic_master
"VPC Peering Route Missing A VPC peering route was accidentally removed, causing a brief disruption in payment processing for a small subset of users. The route was removed during routine maintenance without proper verification.",P3,network,synthetic_master
"ALB 502 Bad Gateway due to unhealthy targets An issue with the AWS Application Load Balancer resulted in a 502 Bad Gateway error, with all targets being marked as unhealthy, affecting a small subset of payment transactions. Misconfigured health checks on the backend services caused the ALB to mark all targets as unhealthy.",P3,network,synthetic_master
"Route53 NXDOMAIN for payment-api.fintechflow.io A Route53 NXDOMAIN error occurred, causing a brief disruption to payment transactions for a small subset of users. An incorrect DNS record was deleted, causing the NXDOMAIN error for payment-api.fintechflow.io.",P3,network,synthetic_master
"Cloudflare CDN Network Outage A brief network issue affected Cloudflare CDN, causing Kafka brokers to become unreachable with an ECONNREFUSED error on port 9092, impacting a small subset of payment transactions. A DNS resolution issue led to the Cloudflare CDN failing to route traffic to the Kafka brokers.",P3,network,synthetic_master
"Cloudflare Timeout Affects Kafka A Cloudflare 524 timeout upstream error impacted some Kafka brokers, leading to minor delays in payment processing for a small subset of users. A Cloudflare 524 timeout upstream issue caused network latency, affecting the Kafka brokers handling payment transactions.",P3,network,synthetic_master
"VPC Peering Route Issue A missing VPC peering route caused intermittent network disruptions, affecting a small subset of payment transactions. A configuration error led to the missing VPC peering route, impacting network traffic between VPCs.",P3,network,synthetic_master
"ALB 502 Error Due to Unhealthy Targets The AWS Application Load Balancer experienced a 502 Bad Gateway error, indicating all backend targets were unhealthy. This affected a small subset of payment transactions, primarily impacting users accessing the platform through specific regions. A misconfiguration in the Kubernetes service causing all pods to be marked as unhealthy, leading to the ALB error.",P3,network,synthetic_master
"Payment API DNS Failure Route53 NXDOMAIN error affected payment-api.fintechflow.io, impacting a small subset of payment transactions. A recent DNS zone update mistakenly deleted the payment-api.fintechflow.io record.",P3,network,synthetic_master
"Cloudflare CDN Outage Due to an unexpected failure in the Cloudflare CDN, a small subset of users experienced issues with payment transactions. The error indicated that Kafka brokers were unreachable with ECONNREFUSED on port 9092. A misconfiguration in Cloudflare's CDN settings led to an IP blockage affecting the Kafka brokers.",P3,network,synthetic_master
"Kafka Brokers Timeout Due to Cloudflare 524 Error A Cloudflare 524 timeout upstream error impacted a small subset of Kafka brokers, resulting in temporary delays for payment transactions processed by FinTechFlow. Cloudflare 524 timeout caused network latency issues between external requests and Kafka brokers.",P3,network,synthetic_master
"VPC Peering Route Missing A VPC peering route was missing, causing a brief disruption in payment transactions for a small subset of users. An incorrect routing configuration in the AWS EKS cluster led to a missing VPC peering route.",P3,network,synthetic_master
"Payment Service JVM OutOfMemoryError The Payment service JVM experienced an OutOfMemoryError due to Java heap space exhaustion, halting all payment processing for 60 minutes. Insufficient heap space allocation for the Java application, leading to frequent OutOfMemoryErrors.",P1,memory,synthetic_master
"Payment Service OOMKilled Order service JVM experienced an OOMKilled container payment-service limit=4Gi, causing complete outage of payment processing for 60 minutes. Insufficient memory allocation for the payment-service container in the Kubernetes cluster, leading to out-of-memory errors.",P1,memory,synthetic_master
"GC Overhead Limit Exceeded: Python Transaction Worker Outage A GC overhead limit exceeded error in the Python transaction worker service caused a complete outage, halting all payment processing. This issue impacted 50 million daily transactions, resulting in significant revenue loss. Excessive memory usage due to inefficient garbage collection in the Python transaction worker service, leading to a GC overhead limit exceeded error.",P1,memory,synthetic_master
"Kafka Consumer Memory Overflow A Python worker in the Kafka consumer processing pipeline exceeded its memory limit, causing a complete outage of payment processing. The error indicated that the RSS reached 8GB, overwhelming the system. The Python worker's memory consumption was not properly managed, leading to an excessive RSS limit of 8GB, which is beyond the configured threshold in the FinTechFlow stack.",P1,memory,synthetic_master
"Kafka Consumer Heap Exhaustion The Payment service JVM experienced a memory issue due to exhausted Kafka consumer heap, halting all payment transactions. This impacted 50 million daily transactions, causing a $10k/minute revenue loss. Insufficient heap memory allocation for the Kafka consumer in the Payment service JVM, leading to heap exhaustion.",P1,memory,synthetic_master
"Order Service JVM OOM - Payment Processing Halted The Order service JVM experienced an OutOfMemoryError Java heap space payment-service, causing all payment processing to halt. This impacted 50 million daily transactions, leading to a revenue loss of $10k per minute. Inadequate memory allocation for the Order service JVM in Kubernetes pods on AWS EKS.",P1,memory,synthetic_master
"Python Transaction Worker OOMKilled The Python transaction worker experienced an OOMKilled container, halting payment processing for 1 hour. Error: OOMKilled container payment-service limit=4Gi. This impacted 50 million daily transactions. Insufficient memory allocation for the Python transaction worker container, leading to an OOMKilled error.",P1,memory,synthetic_master
"Kafka Consumer Outage Due to GC Overhead The Kafka consumer in the transaction-processor microservice experienced a complete failure due to 'GC overhead limit exceeded'. This affected all payment processing transactions, halting operations for 60 minutes. Excessive garbage collection overhead in the Java Spring Boot transaction-processor microservice led to a critical memory issue.",P1,memory,synthetic_master
"Payment Service JVM Memory Overflow The Payment service JVM experienced a memory overflow, causing a complete outage of payment processing. The error indicated that the Python worker RSS exceeded 8GB, halting all transactions. The Python worker process in the Payment service JVM consumed excessive memory, likely due to inefficient memory management or data caching strategies.",P1,memory,synthetic_master
"Kafka Consumer Heap Exhaustion Outage The Order service JVM experienced a memory issue due to Kafka consumer heap exhaustion, halting payment processing for 60 minutes and resulting in significant revenue loss. Excessive message volume in Kafka topic overwhelmed the consumer's heap memory, leading to a JVM crash.",P1,memory,synthetic_master
"Python transaction worker OOMKilled A critical OutOfMemoryError in the Java heap space of the payment-service caused the Python transaction worker to crash, halting all payment processing for 60 minutes. Insufficient heap space allocation for the Java-based payment-service in Kubernetes pods.",P1,memory,synthetic_master
"Kafka Consumer OOM Killed Payment processing halted due to OOMKilled container payment-service limit=4Gi in Kafka consumer. All transactions were impacted. Insufficient memory allocation for the payment-service container, leading to OOMKilled and subsequent service outage.",P1,memory,synthetic_master
"GC Overhead Exceeded in Payment Service JVM The Payment service JVM in the production environment experienced a complete outage due to the 'GC overhead limit exceeded' error, halting all transaction processing. This affected 50 million daily transactions, leading to a $10k/minute revenue loss. Insufficient heap memory allocation and garbage collection issues in the Payment service JVM caused the 'GC overhead limit exceeded' error.",P1,memory,synthetic_master
"Order Service JVM Memory Exceeded The Order service JVM experienced a memory overflow, causing the Python worker to exceed its RSS limit to 8GB. This impacted all payment transactions processed by the Order service. The Python worker's memory usage significantly increased due to unoptimized code and large data processing tasks.",P1,memory,synthetic_master
"Kafka Consumer Heap Exhaustion The Python transaction worker in the production environment experienced a complete memory failure, leading to the exhaustion of the Kafka consumer heap. This impacted all payment transactions processed by the affected service. Heap exhaustion due to an unhandled large message volume in the Kafka consumer, leading to memory overflow.",P1,memory,synthetic_master
"Kafka Consumer OOM Error A critical OutOfMemoryError due to Java heap space in the payment-service caused a complete outage of the Kafka consumer, halting all payment processing for 60 minutes. Insufficient heap space allocated to the payment-service JVM, leading to frequent OutOfMemoryError during high transaction volumes.",P1,memory,synthetic_master
"Payment Service JVM OOMKilled The Payment service JVM experienced an OOMKilled container due to memory overload, halting all payment transactions. The error limit was set at 4Gi, but the service exceeded this limit. Insufficient memory allocation for the Payment service JVM in Kubernetes pods, leading to an OOMKilled event.",P1,memory,synthetic_master
"Order Service JVM Out of Memory A memory issue led to a complete outage of the Order service JVM, causing 'GC overhead limit exceeded transaction-processor' errors, halting all payment processing. Insufficient heap space in the Order service JVM leading to frequent garbage collection and ultimately causing the service to crash.",P1,memory,synthetic_master
"Python Worker Memory Exceeded Python transaction worker in production environment exceeded memory limit, causing complete outage of payment processing. Error reported: Python worker RSS 8GB exceeds limit. Insufficient memory allocation for Python worker processes, leading to excessive RSS exceeding configured limits.",P1,memory,synthetic_master
"Kafka Consumer Memory Overload Due to a memory exhaustion issue, the Kafka consumer service experienced a complete outage, halting all payment processing. The error reported was 'Kafka consumer heap exhausted', impacting 50 million daily transactions. Insufficient memory allocation in the Java Spring Boot application handling Kafka messages, leading to heap exhaustion under high transaction load.",P1,memory,synthetic_master
"Payment Service JVM OOM The Payment service JVM experienced an OutOfMemoryError due to Java heap space exhaustion, halting all payment processing transactions. Insufficient heap space allocation for the Payment service JVM, leading to frequent OutOfMemoryErrors during peak transaction times.",P1,memory,synthetic_master
"Payment Service JVM OOMKilled - $10k/Min Revenue Impact The Order service JVM experienced an OutOfMemoryKill, causing the payment-service container to exceed its memory limit of 4Gi, resulting in a complete outage and halted payment processing. All transactions were impacted. Insufficient memory allocation for the payment-service container, leading to excessive memory usage and subsequent OOMKilled error.",P1,memory,synthetic_master
"GC Overhead Exceeded in Python Worker A memory issue caused by GC overhead limit exceeded in the Python transaction worker led to the complete halt of payment processing, affecting all transactions. Insufficient garbage collection handling in the Python transaction worker, causing excessive memory usage and leading to the GC overhead limit exceeded error.",P1,memory,synthetic_master
"Kafka Consumer Memory Overflow The Kafka consumer experienced a memory overflow, with a Python worker RSS reaching 8GB, halting all payment processing. This affected 50 million daily transactions, causing a revenue impact of $10k per minute. Excessive data processing in the Python worker exceeded the allocated memory limit, overwhelming the Kafka consumer in the FinTechFlow stack.",P1,memory,synthetic_master
"Kafka Consumer Heap Exhaustion Outage The Payment service JVM experienced a memory overflow due to exhausted Kafka consumer heap, halting all payment transactions for 60 minutes. Excessive message payload sizes in Kafka topics led to heap exhaustion, causing the JVM to crash.",P1,memory,synthetic_master
"Order Service JVM Memory Leak The Order service JVM experienced an OutOfMemoryError due to Java heap space exhaustion, halting all payment processing and impacting 50 million daily transactions. Insufficient heap space configuration in the Order service JVM, leading to a memory leak during high transaction volumes.",P1,memory,synthetic_master
"Python Transaction Worker OOMKilled The Python transaction worker experienced an OOMKilled container, leading to payment processing interruptions. The payment-service container limit was 4Gi, causing the service to crash under high load. The Python transaction worker's container was configured with a memory limit of 4Gi, which was insufficient for the transaction processing load, leading to OOMKilled errors.",P1,memory,synthetic_master
"Kafka Consumer Crash Due to GC Overhead Kafka consumer processing transactions in the payments pipeline crashed due to 'GC overhead limit exceeded transaction-processor'. This halted all payment processing, affecting millions of transactions per day. Insufficient heap space for garbage collection in the Java Spring Boot application running the Kafka consumer.",P1,memory,synthetic_master
"Payment Service JVM Memory Exceeded The Payment service JVM experienced a memory issue, with a Python worker process consuming 8GB of RSS memory, exceeding the allocated limit, causing a complete outage of payment processing. Insufficient memory allocation for Python workers in the Payment service JVM, leading to excessive memory consumption and subsequent service outage.",P1,memory,synthetic_master
"Kafka Consumer Heap Exhaustion The Order service JVM experienced a memory issue, leading to a complete outage of payment processing. The error message indicated that the Kafka consumer heap was exhausted, impacting all payment transactions. Insufficient heap size configuration for the Kafka consumer in the Order service JVM, leading to heap exhaustion and subsequent JVM crashes.",P1,memory,synthetic_master
"Python Worker OOM Error Halts Processing An OutOfMemoryError in the Java heap space of the payment-service caused the Python transaction worker to crash, halting all payment processing. Insufficient memory allocation for the payment-service Java process, leading to an OutOfMemoryError in production.",P1,memory,synthetic_master
"Kafka Consumer OOMKilled due to Memory Overflow Kafka consumer for payment-service OOMKilled, causing a complete outage of payment processing. The error indicated a limit of 4Gi for the container, impacting 50 million daily transactions. Insufficient memory allocation for the payment-service container, leading to OOMKilled during high transaction volumes.",P1,memory,synthetic_master
"Payment Service JVM Crash The Payment service JVM experienced a 'GC overhead limit exceeded' error, halting all transaction processing. This impacted 50 million daily transactions, causing a $10k/minute revenue loss. Insufficient heap memory allocated to the JVM, leading to excessive garbage collection and ultimately a crash.",P1,memory,synthetic_master
"Order Service JVM Memory Exceeded The Order service JVM in production experienced a memory issue, with a Python worker RSS reaching 8GB and exceeding the limit, halting payment processing for 60 minutes. Insufficient memory configuration for the Python worker in the Order service JVM.",P1,memory,synthetic_master
"Kafka Consumer Heap Exhaustion Outage The Python transaction worker in the production environment experienced a complete outage due to Kafka consumer heap exhaustion, impacting all payment transactions. Excessive message volume processed by the Kafka consumer led to heap exhaustion, overwhelming the available memory resources.",P1,memory,synthetic_master
"Kafka Consumer OutOfMemoryError The Kafka consumer in the payment-service experienced an OutOfMemoryError, causing the processing of 50 million daily transactions to halt, affecting all payment processing. Insufficient heap space configuration in the Java Spring Boot application handling high transaction volume.",P1,memory,synthetic_master
"Payment Service JVM OOMKilled The Payment service JVM experienced an OOMKilled container, affecting all payment transactions. Error: OOMKilled container payment-service limit=4Gi. Insufficient memory allocated to the Payment service JVM containers, leading to frequent out-of-memory errors and subsequent OOMKilled events.",P1,memory,synthetic_master
"Memory Exhaustion in Order Service JVM The Order service JVM experienced a 'GC overhead limit exceeded' error, halting transaction processing and impacting 50 million daily transactions. Insufficient heap memory allocation for the Java Spring Boot application, leading to excessive garbage collection and resource exhaustion.",P1,memory,synthetic_master
"Python Worker Memory Overflow A Python transaction worker in the FinTechFlow platform experienced a memory overflow, with the RSS reaching 8GB, causing a complete outage of payment processing and revenue loss of $10k per minute. Insufficient memory constraints and resource management in the Kubernetes cluster on AWS EKS.",P1,memory,synthetic_master
"Kafka Consumer Memory Exhaustion The Kafka consumer experienced a memory overflow, causing all payment processing to halt. The error indicated that the heap was exhausted, impacting all transactions. The Kafka consumer was configured with insufficient heap size, leading to memory exhaustion under high transaction load.",P1,memory,synthetic_master
"Payment Service JVM OOM, 60 Min Outage The Payment service JVM experienced an OutOfMemoryError due to Java heap space exhaustion, halting all payment processing for 60 minutes and resulting in significant revenue loss. Insufficient heap space allocation in the Payment service JVM, leading to frequent OutOfMemoryError and service downtime.",P1,memory,synthetic_master
"Order Service JVM OOMKilled The Order service JVM experienced an OOMKilled container payment-service limit=4Gi, causing all payment transactions to halt. This impacted 50 million daily transactions and resulted in a revenue loss of $10k per minute. Insufficient memory allocation in the Kubernetes pod for the Order service, leading to excessive garbage collection and eventual OOMKilled.",P1,memory,synthetic_master
"GC Overhead Exceeded in Python Worker The Python transaction worker experienced a 'GC overhead limit exceeded' error, halting all payment processing and impacting revenue by $10k per minute. Insufficient memory allocation for the Python transaction worker, leading to excessive garbage collection and a complete outage.",P1,memory,synthetic_master
"Kafka Consumer Memory Overflow The Python worker processing Kafka messages experienced a memory overflow, exceeding the 8GB limit, causing the Kafka consumer to crash and halt payment processing. The Python worker's RSS memory usage exceeded the allocated limit due to inefficient memory management and large message payloads in the Kafka topic.",P1,memory,synthetic_master
"Kafka Consumer Heap Exhausted - Payment Service JVM The Payment service JVM experienced a memory issue, with the Kafka consumer heap being exhausted, halting all payment processing for 60 minutes. Insufficient heap size configuration for the Kafka consumer in the Payment service JVM, leading to memory exhaustion.",P1,memory,synthetic_master
"Order Service JVM OutOfMemoryError The Order service JVM experienced an OutOfMemoryError Java heap space issue, causing payment processing to halt. This impacted all payment transactions processed through the Order service. Insufficient heap space allocation in the Order service JVM, leading to an OutOfMemoryError during high transaction volumes.",P1,memory,synthetic_master
"Payment Service OOMKilled The Python transaction worker experienced an OOMKilled container due to memory constraints, impacting all payment transactions in production. The Python transaction worker ran out of memory due to high transaction volume and insufficient resource allocation.",P1,memory,synthetic_master
"Kafka Consumer Crash Due to GC Overhead The Kafka consumer in our payment processing pipeline crashed due to a 'GC overhead limit exceeded' error, halting all transactions and impacting 50 million daily payment processing. Insufficient heap memory allocation for the Java Spring Boot application running the Kafka consumer, leading to excessive garbage collection overhead.",P1,memory,synthetic_master
"Payment Service JVM Memory Exceeded The Payment service JVM experienced a memory overflow, causing Python worker RSS to exceed 8GB, which halted all payment processing and impacted 50 million daily transactions. Insufficient memory allocation for Python workers in the Payment service JVM, leading to an out-of-memory error.",P1,memory,synthetic_master
"Kafka Consumer Heap Exhaustion Outage The Order service JVM experienced a memory issue, causing the Kafka consumer to exhaust its heap and resulting in a complete outage of payment processing. All transactions were impacted. Heap size for the Kafka consumer was insufficient, leading to a memory overflow in the Order service JVM.",P1,memory,synthetic_master
"Python Transaction Worker OOMKilled The Python transaction worker experienced an OutOfMemoryError, leading to Java heap space exhaustion in the payment-service. This outage impacted all payment transactions, causing a complete halt in processing. Insufficient heap space allocation for the Java payment-service container in Kubernetes, leading to an OutOfMemoryError.",P1,memory,synthetic_master
"Kafka Consumer OOMKilled, Payment Processing Halted A Kafka consumer container running the payment-service was OOMKilled due to memory limits being exceeded, causing payment processing to halt. This impacted 50 million daily transactions. The payment-service container was configured with insufficient memory limits, leading to excessive memory usage and subsequent OOMKilled event.",P1,memory,synthetic_master
"Payment Service JVM Outage due to GC Overhead The Payment service JVM in production experienced a complete outage due to the 'GC overhead limit exceeded transaction-processor' error, halting all payment transactions and causing significant revenue loss. Excessive garbage collection overhead in the Payment service JVM due to inefficient memory management and high transaction load.",P1,memory,synthetic_master
"Order Service JVM Memory Overflow The Order service JVM experienced a memory overflow, causing the Python worker's RSS to exceed 8GB and leading to a complete outage of payment processing. This affected all transactions processed by the Order service. Insufficient memory allocation for Python workers in the Order service JVM, leading to excessive memory consumption and a complete service outage.",P1,memory,synthetic_master
"Kafka Consumer Heap Exhaustion Outage The Python transaction worker experienced a complete memory failure, exhausting the Kafka consumer heap. This affected all payment transactions processed through the worker, leading to a complete outage. Heap exhaustion due to unhandled large messages in the Kafka consumer, leading to memory overflow in the Python transaction worker.",P1,memory,synthetic_master
"Kafka Consumer OutOfMemoryError A critical OutOfMemoryError in the Java heap space of the payment-service caused the Kafka consumer to fail, halting all payment processing for 60 minutes. This impacted 50 million daily transactions, resulting in a potential revenue loss of $10k per minute. Insufficient heap space allocation for the Java process handling the Kafka consumer, leading to an OutOfMemoryError in the payment-service.",P1,memory,synthetic_master
"Payment Service JVM OOMKilled The Payment service JVM experienced an OOMKilled error, halting all payment transactions. The error limit was set to 4Gi, and the issue impacted 50 million daily transactions. Insufficient memory allocation for the Payment service JVM, leading to excessive memory usage and subsequent OOMKilled error.",P1,memory,synthetic_master
"Memory Limit Exceeded in Order Service JVM The Order service JVM experienced a 'GC overhead limit exceeded' error, halting transaction processing and impacting 50 million daily transactions. Insufficient heap size configuration for high-traffic transaction processing in the Order service JVM.",P1,memory,synthetic_master
"Python Worker Memory Overflow Due to excessive memory usage, the Python transaction worker in our production environment exceeded its allocated limit, causing a complete outage of payment processing. The error 'Python worker RSS 8GB exceeds limit' was reported by Prometheus. The Python transaction worker was configured with inadequate memory limits, leading to an overflow in the production environment.",P1,memory,synthetic_master
"Kafka Consumer Memory Exhaustion Outage Due to a memory exhaustion issue, the Kafka consumer failed, halting payment processing and affecting 50 million transactions daily. The error indicated that the Java heap space was exhausted. The Java heap size was insufficient to handle the volume of transactions, leading to the Kafka consumer crashing in the production environment.",P1,memory,synthetic_master
"Payment Service JVM OOM The Payment service JVM experienced an OutOfMemoryError due to insufficient heap space, halting all payment processing and impacting revenue by $10k/minute. Insufficient heap space allocation in the Payment service JVM leading to frequent OutOfMemoryErrors.",P1,memory,synthetic_master
"Order Service JVM OOMKilled The Order service JVM experienced an OOMKilled container due to memory overload, halting payment transactions. Error: OOMKilled container payment-service limit=4Gi. Insufficient memory allocation for the Order service JVM, leading to excessive garbage collection and eventual OOMKilled state.",P1,memory,synthetic_master
"GC Overhead Limit Exceeded - Payment Processing Stopped The Python transaction worker in FinTechFlow experienced a 'GC overhead limit exceeded' error, halting all payment transactions. This impacted 50 million daily transactions, causing a revenue loss of $10k per minute. Insufficient heap memory allocation for the Python transaction worker, leading to excessive garbage collection overhead.",P1,memory,synthetic_master
"Kafka Consumer Outage Due to Memory Overflow A Python worker in the Kafka consumer service exceeded its memory limit, causing the service to crash and halting all payment processing. The Python worker’s RSS memory usage reached 8GB, surpassing the configured limit, leading to a crash.",P1,memory,synthetic_master
"Kafka Consumer Heap Exhaustion The Payment service JVM experienced a memory overflow, leading to Kafka consumer heap exhaustion, halting all payment transactions. Insufficient memory allocation for the Kafka consumer threads in the Payment service JVM, leading to heap exhaustion.",P1,memory,synthetic_master
"Order Service JVM OutOfMemoryError The Order service JVM experienced an OutOfMemoryError Java heap space, halting all payment processing. This affected 50 million daily transactions, causing a $600,000 revenue impact. Excessive memory usage due to inefficient caching and data handling in the Order service, exacerbated by high transaction volume.",P1,memory,synthetic_master
"Python Payment Worker OOMKilled A critical memory overflow caused the OOMKilled container payment-service limit=4Gi, halting all Python transaction worker processes and disrupting payment processing for 50 million transactions per day. Insufficient memory limits configured for the Python transaction worker containers, leading to excessive memory usage and OOMKilled events.",P1,memory,synthetic_master
"Kafka Consumer Crash Due to GC Overhead The Kafka consumer in the transaction-processor service experienced a 'GC overhead limit exceeded' error, causing a complete outage and halting all payment processing. Insufficient heap memory allocation for the Java Spring Boot application running the Kafka consumer, leading to excessive garbage collection.",P1,memory,synthetic_master
"Payment Service JVM Memory Overflow The Payment service JVM experienced a memory overflow, with a Python worker RSS reaching 8GB and exceeding the limit. This resulted in a complete outage of all payment processing, impacting 50 million transactions per day. The Python worker process consumed excessive memory due to inefficient resource management and large data processing tasks.",P1,memory,synthetic_master
"Kafka Consumer Heap Exhaustion The Order service JVM experienced a memory issue, causing the Kafka consumer to exhaust its heap. This impacted all payment transactions processed by the Order service. Insufficient heap size allocated to the Kafka consumer process in the Order service JVM.",P1,memory,synthetic_master
"Python Transaction Worker OOM, Halted Processing The Python transaction worker experienced an OutOfMemoryError, Java heap space in the payment-service, halting all payment processing. Over 50 million daily transactions were impacted, leading to a potential revenue loss of $10k per minute. Insufficient heap space allocation in the Java payment-service deployed on Kubernetes, causing memory overflow and subsequent crashes.",P1,memory,synthetic_master
"Kafka Consumer OOMKilled, Payment Service Down The Kafka consumer for the payment-service encountered an OOMKilled error, causing a complete outage of payment processing. This affected all transactions involving the payment service. Insufficient memory limits for the payment-service container, leading to an out-of-memory condition.",P1,memory,synthetic_master
"Memory Overload in Payment Service JVM The Payment service JVM experienced a 'GC overhead limit exceeded' error, halting transaction processing and affecting 50 million daily transactions. Insufficient memory allocation and garbage collection settings in the Java Spring Boot application.",P1,memory,synthetic_master
"Order Service JVM Memory Exceeded Due to a Python worker consuming excessive memory, the Order service JVM in the production environment experienced a memory overflow, halting payment processing. The error indicated that the RSS limit was exceeded at 8GB, impacting all transactions. The Python worker's RSS memory usage exceeded the limit due to inefficient data handling and processing.",P1,memory,synthetic_master
"Kafka Consumer Heap Exhaustion The Python transaction worker experienced a memory leak, leading to Kafka consumer heap exhaustion and a complete outage of payment processing. This impacted all transactions, halting revenue flow at a rate of $10k per minute. Heap memory exhaustion due to a memory leak in the Python codebase, exacerbated by the high volume of transactions processed through Kafka.",P1,memory,synthetic_master
"Kafka Consumer OOM Error Halted Payments The Kafka consumer experienced an OutOfMemoryError due to Java heap space issues in the payment-service, halting all payment processing and affecting 50 million daily transactions. The payment-service was running out of memory due to inefficient message handling and large data payloads in the Kafka topic.",P1,memory,synthetic_master
"Payment Service JVM OOMKilled The Payment service JVM experienced an OOMKilled container due to memory constraints, halting all payment processing. Transactions were completely halted, leading to significant revenue loss. Insufficient JVM heap size and memory pressure due to unexpected transactional load spikes.",P1,memory,synthetic_master
"Memory Leak in Order Service JVM The Order service JVM experienced a GC overhead limit exceeded error, halting transaction processing. This impacted all payment transactions, causing a complete outage. Insufficient heap size configuration for the high-volume transaction processing in the Order service.",P1,memory,synthetic_master
"Python Worker Memory Exceeded Limit The Python transaction worker exceeded its memory limit, causing a complete outage of payment processing, affecting 50 million daily transactions. The Python worker's RSS memory consumption reached 8GB, exceeding the allowed limit due to inefficient data handling and processing.",P1,memory,synthetic_master
"Kafka Consumer Memory Exhaustion The Kafka consumer in the production environment experienced a memory exhaustion issue, causing the processing of payment transactions to halt. The error 'Kafka consumer heap exhausted' appeared, impacting all payment processing. The Kafka consumer was configured with insufficient memory resources to handle the high volume of transactions processed by FinTechFlow.",P1,memory,synthetic_master
"Payment Service JVM Memory Failure The Payment service JVM experienced an OutOfMemoryError Java heap space, causing all payment transactions to fail. This impacted 50 million daily transactions, resulting in a $600k revenue loss. Insufficient heap space allocated to the Java application, leading to frequent OutOfMemoryError in the production environment.",P1,memory,synthetic_master
"Payment Service OOMKilled The Order service JVM experienced an OOMKilled container due to memory exhaustion, halting all payment transactions. The error 'OOMKilled container payment-service limit=4Gi' appeared, impacting 50 million daily transactions. Insufficient memory limits set for the payment-service container, leading to excessive memory usage and OOMKilled event.",P1,memory,synthetic_master
"Python Transaction Worker Memory Leak A memory leak in the Python transaction worker caused a 'GC overhead limit exceeded' error, halting all payment processing and affecting 50 million transactions per day. Insufficient garbage collection handling in the FastAPI microservices interfacing with PostgreSQL and Redis, leading to memory accumulation.",P1,memory,synthetic_master
"Kafka Consumer Memory Overflow The Kafka consumer experienced a memory overflow, with a Python worker RSS reaching 8GB, leading to a complete outage of payment processing. This affected all 50 million daily transactions. Python worker processes in the Kafka consumer hit memory limits due to inefficient data handling and processing logic.",P1,memory,synthetic_master
"Kafka Consumer Heap Exhaustion The Payment service JVM experienced a memory issue, leading to Kafka consumer heap exhaustion. This affected all payment transactions, halting processing. Insufficient heap size configured for the Kafka consumer in the Payment service JVM, leading to memory exhaustion.",P1,memory,synthetic_master
"Order Service JVM OutOfMemoryError The Order service JVM experienced an OutOfMemoryError due to Java heap space exhaustion, halting payment processing for 50 million transactions per day. Insufficient heap space configuration for the Order service JVM, leading to frequent OutOfMemoryErrors.",P1,memory,synthetic_master
"Python Transaction Worker OOMKilled The Python transaction worker experienced an OOMKilled container error, causing all payment transactions to halt. Error: OOMKilled container payment-service limit=4Gi. The Python transaction worker ran out of memory due to a sudden surge in transaction volume, exceeding the container's memory limit.",P1,memory,synthetic_master
"Kafka Consumer Memory Leak A memory-related issue caused by 'GC overhead limit exceeded transaction-processor' halted Kafka consumer, disrupting transaction processing for 50 million daily transactions. Insufficient heap space allocation for Java Spring Boot application handling Kafka messages, leading to frequent garbage collection and transaction processor failures.",P1,memory,synthetic_master
"Payment Service JVM Memory Overflow The Payment service JVM experienced a memory overflow, with a Python worker RSS memory usage exceeding 8GB, leading to a complete outage of payment processing. This affected all payment transactions. A Python worker process in the Payment service JVM consumed excessive memory due to inefficient resource management and large data processing tasks.",P1,memory,synthetic_master
"Kafka Consumer Heap Exhaustion The Order service JVM experienced a memory issue, leading to the Kafka consumer heap being exhausted. This outage halted all payment processing, affecting transactional services. Insufficient memory allocation for Kafka consumer in the Order service JVM, leading to heap exhaustion.",P1,memory,synthetic_master
"Python Transaction Worker OOMKilled The Python transaction worker experienced an OutOfMemoryError, leading to Java heap space issues in the payment-service, halting all payment transactions. Excessive memory usage by the Python transaction worker due to unoptimized code and high transaction volume.",P1,memory,synthetic_master
"Kafka Consumer OOMKilled, Payment Processing Down A memory overflow caused an OOMKilled container for the payment-service, halting all Kafka consumer operations and affecting payment transactions. The payment-service container exceeded its memory limit of 4Gi due to high transaction volume, leading to OOMKilled.",P1,memory,synthetic_master
"Memory Overload Caused Payment Halt The Payment service JVM experienced a GC overhead limit exceeded error, halting all payment transactions. Over 50 million transactions per day were impacted, resulting in significant revenue loss. Insufficient heap space allocation and garbage collection issues in the Payment service JVM running on Kubernetes clusters.",P1,memory,synthetic_master
"Order service JVM memory overflow A Python worker in the Order service JVM exceeded the 8GB memory limit, causing a complete outage of payment processing. All transactions were halted, impacting revenue by $10k per minute. Insufficient memory allocation for Python workers in the Order service JVM, leading to excessive memory usage and a complete outage.",P1,memory,synthetic_master
"Kafka Consumer Heap Exhaustion Outage Memory issue caused Kafka consumer heap exhaustion in the Python transaction worker, resulting in all payment processing being halted for 60 minutes. Over 500,000 transactions were impacted, leading to a revenue loss of $300,000. Inadequate memory allocation for Kafka consumer in the Python transaction worker, leading to heap exhaustion under high transaction volume.",P1,memory,synthetic_master
"Kafka Consumer OOM Error The Kafka consumer in the payment-service experienced an OutOfMemoryError, leading to a complete halt in processing payments. This affected 50 million daily transactions, causing a revenue impact of $10k per minute. Insufficient heap space allocated to the Java Spring Boot application running the Kafka consumer, leading to an OutOfMemoryError.",P1,memory,synthetic_master
"Payment Service JVM OOMKilled The Payment service JVM experienced an OOMKilled container, affecting all payment transactions and resulting in a complete outage. Insufficient memory allocation for the Payment service JVM, leading to excessive memory usage and subsequent OOMKilled container.",P1,memory,synthetic_master
"GC Overhead Limit Exceeded The Order service JVM experienced a complete outage due to 'GC overhead limit exceeded transaction-processor', affecting all payment transactions. High memory pressure in the JVM leading to excessive garbage collection, causing the transaction processor to fail.",P1,memory,synthetic_master
"Python Worker Memory Exceeded Limits The Python transaction worker experienced a memory overflow, causing it to halt processing. The error indicated that the RSS memory usage exceeded 8GB, impacting all transactions processed by this service. Insufficient memory allocation and high memory usage due to complex transaction processing logic in the Python FastAPI service.",P1,memory,synthetic_master
"Kafka Consumer Memory Exceeded The Kafka consumer heap exhausted, causing a complete outage of payment processing. All transactions were halted, impacting revenue by $10k/minute. Insufficient heap memory allocation for the Java Spring Boot application handling Kafka messages.",P1,memory,synthetic_master
"Payment Service JVM Memory Overload An OutOfMemoryError Java heap space issue in the Payment service JVM led to significant performance degradation and failed transactions, impacting customer experience. Insufficient heap space configuration for the Payment service JVM, leading to frequent OutOfMemoryErrors during high transaction volumes.",P2,memory,synthetic_master
"Payment Service JVM OOMKilled The Order service JVM experienced memory issues, resulting in an OOMKilled container payment-service limit=4Gi, impacting payment transactions. Insufficient memory allocation for the payment-service container, leading to excessive memory usage and OOMKilled error.",P2,memory,synthetic_master
"Memory Leak in Python Transaction Worker The Python transaction worker experienced a 'GC overhead limit exceeded' error, leading to significant degradation and transaction failures. This affected daily processing of payments, resulting in increased customer complaints. The error was due to memory leaks in the Python codebase, specifically within the transaction processing logic, causing excessive garbage collection overhead.",P2,memory,synthetic_master
"Python Worker Memory Exceeds Limit Kafka consumer experienced memory issues with a Python worker process consuming messages, leading to a RSS of 8GB exceeding the limit and impacting transaction processing. Python worker processes were not properly optimized, leading to excessive memory usage in the Kafka consumer.",P2,memory,synthetic_master
"Kafka Consumer Heap Exhausted The Payment service JVM experienced a memory issue, leading to the exhaustion of the Kafka consumer heap, resulting in delayed and failed transactions. Insufficient heap size allocation for the Kafka consumer in the Payment service JVM, leading to memory exhaustion.",P2,memory,synthetic_master
"Order Service JVM OutOfMemoryError The Order service JVM experienced an OutOfMemoryError, leading to Java heap space issues and causing some payment transactions to fail. Customer complaints began to rise as a result. The JVM heap size was insufficient to handle the transaction load, leading to frequent OutOfMemoryErrors.",P2,memory,synthetic_master
"Python transaction worker OOMKilled The Python transaction worker experienced an OOMKilled container payment-service limit=4Gi, causing some payment transactions to fail and customer complaints to rise. Insufficient memory allocation for the Python transaction worker container, leading to frequent OOMKilled events.",P2,memory,synthetic_master
"Memory Overload in Kafka Consumer Memory issues in the Kafka consumer caused GC overhead limit exceeded, impacting transaction-processor services and resulting in some transaction failures. Insufficient heap space allocated for Java Spring Boot application running Kafka consumer in Kubernetes cluster.",P2,memory,synthetic_master
"Payment Service JVM Memory Overflow The Payment service JVM experienced a memory overflow issue, with a Python worker RSS reaching 8GB, leading to some payment transactions failing and customer complaints increasing. Insufficient memory allocation for the Python worker process in the Payment service JVM.",P2,memory,synthetic_master
"Kafka Consumer Heap Exhausted in Order Service The Order service JVM experienced a memory issue, leading to Kafka consumer heap exhaustion. This affected payment transactions, causing delays and some failures. Insufficient heap space allocated to the Kafka consumer in the Order service JVM.",P2,memory,synthetic_master
"Python Transaction Worker OOM Error An OutOfMemoryError in the Java heap space of the payment-service impacted the Python transaction worker, leading to significant transaction processing delays and customer complaints. Insufficient heap space allocated to the Java payment-service causing memory leaks and cascading failures in the Python transaction worker.",P2,memory,synthetic_master
"Kafka Consumer OOMKilled Payment-Service Due to memory exhaustion, the payment-service container was OOMKilled, causing Kafka consumer processing to degrade significantly and leading to some payment transactions failing. Excessive memory usage by the payment-service container exceeded its limit of 4Gi in the Kubernetes cluster.",P2,memory,synthetic_master
"Memory Limit Exceeded in Payment Service JVM The Payment service JVM experienced a 'GC overhead limit exceeded' error, leading to degraded performance and transaction failures. This impacted a significant portion of daily transactions. Insufficient heap space configuration for high-traffic payment processing, causing excessive garbage collection and transaction failures.",P2,memory,synthetic_master
"Order Service JVM Memory Exceeded The Order service JVM experienced a memory overflow, with a Python worker RSS reaching 8GB, causing some transactions to fail and customer complaints to rise. Excessive memory usage by a Python worker process in the Order service JVM.",P2,memory,synthetic_master
"Kafka Consumer Heap Exhaustion The Python transaction worker in FinTechFlow experienced memory issues, leading to Kafka consumer heap exhaustion. This impacted transaction processing, resulting in delayed and failed transactions. Insufficient memory allocation for the Kafka consumer in the Python transaction worker, leading to heap exhaustion.",P2,memory,synthetic_master
"Kafka Consumer OutOfMemoryError The Kafka consumer in the payment-service experienced an OutOfMemoryError, leading to significant degradation and some transaction failures, affecting payment processing. Insufficient heap space allocation for the Java application running the Kafka consumer, causing it to fail under the load.",P2,memory,synthetic_master
"Payment Service JVM OOMKilled The Payment service JVM experienced an OOMKilled container limit=4Gi, leading to significant degradation and some transaction failures. This affected the payment processing for a large number of transactions. Insufficient memory allocation for the Payment service JVM, causing it to exceed its memory limit and be OOMKilled.",P2,memory,synthetic_master
"Order Service JVM Memory Issue The Order service JVM experienced a 'GC overhead limit exceeded' error, leading to transaction failures and increased customer complaints. Insufficient heap memory allocation in the Order service JVM configuration.",P2,memory,synthetic_master
"Python Worker Memory Exceeds Limit The Python transaction worker in the production environment experienced memory issues, with the RSS limit reaching 8GB, causing significant degradation and some transaction failures. Customers reported increased complaints due to the service disruptions affecting payment processing. Insufficient memory allocation and garbage collection issues in the Python transaction worker leading to excessive memory consumption.",P2,memory,synthetic_master
"Kafka Consumer Memory Exhausted The Kafka consumer for the payments service experienced a memory exhaustion issue, leading to the processing of some transactions failing and a rise in customer complaints. Heap memory limit was exceeded due to a surge in message volume, coupled with insufficient JVM heap size configuration.",P2,memory,synthetic_master
"Payment Service JVM OOM: Heap Space Exceeded The Payment service JVM encountered an OutOfMemoryError due to insufficient heap space, causing some payment transactions to fail and leading to an increase in customer complaints. The payment service JVM was running with insufficient heap space settings to handle the load during peak transaction times.",P2,memory,synthetic_master
"Order Service JVM OOMKilled The Order service JVM experienced an OutOfMemoryError, leading to the OOMKilled container payment-service limit=4Gi. This affected payment transactions, causing significant degradation and increasing customer complaints. Insufficient memory allocation for the payment-service container in Kubernetes, leading to excessive memory consumption and OOMKilled events.",P2,memory,synthetic_master
"Python Transaction Worker Memory Issue The Python transaction worker experienced a 'GC overhead limit exceeded' error, leading to significant degradation and some transaction failures, impacting daily payments. Insufficient memory allocation in the Python transaction worker due to inefficient garbage collection of large transaction objects.",P2,memory,synthetic_master
"Python Worker Memory Exceeded Limits Due to excessive memory consumption, the Python worker processing Kafka messages exceeded its 8GB limit, causing some transactions to fail and leading to customer complaints. Insufficient memory allocation for the Python worker processing high-volume Kafka messages.",P2,memory,synthetic_master
"Kafka Consumer Heap Exhausted The Payment service JVM experienced a memory issue, leading to the Kafka consumer heap being exhausted, causing some payment transactions to fail and increasing customer complaints. Insufficient heap size configuration for the Kafka consumer in the Payment service JVM, leading to memory exhaustion.",P2,memory,synthetic_master
"Order Service JVM Memory Issue An OutOfMemoryError Java heap space error occurred in the Order service JVM, impacting payment transactions and causing customer complaints to rise. Insufficient heap space configuration for high transaction load in the Order service.",P2,memory,synthetic_master
"Python Transaction Worker OOMKilled Due to memory constraints, the payment-service container was OOMKilled, affecting Python transaction workers and causing transaction failures. Insufficient memory limits for the payment-service container in Kubernetes, leading to OOMKilled events.",P2,memory,synthetic_master
"Kafka Consumer GC Overhead Limit Exceeded The Kafka consumer processing transactions experienced a 'GC overhead limit exceeded' error, leading to significant degradation and failing transactions. This affected payment processing for a subset of users. Insufficient heap space and high garbage collection activity in the Java Spring Boot application running the Kafka consumer.",P2,memory,synthetic_master
"Payment Service JVM Memory Overload The Payment service JVM experienced a memory overload, with Python worker RSS reaching 8GB, leading to some transactions failing and customer complaints rising. Insufficient memory configuration for high-load Python workers in the Payment service JVM.",P2,memory,synthetic_master
"Kafka Consumer Heap Exhausted The Order service JVM experienced a memory overflow, causing the Kafka consumer heap to exhaust, leading to transaction failures and customer complaints. Insufficient heap size configuration for the Kafka consumer in the Order service JVM, leading to memory overflow under high transaction load.",P2,memory,synthetic_master
"Python Transaction Worker Memory Overflow The Python transaction worker experienced an OutOfMemoryError, specifically in the payment-service component, leading to some payment transactions failing and customer complaints increasing. The transaction worker was not properly configured to handle the load, leading to excessive memory usage and an OutOfMemoryError.",P2,memory,synthetic_master
"Kafka Consumer OOMKilled Container The payment-service Kafka consumer experienced memory issues, leading to an OOMKilled container. This impacted processing of critical transactions. Excessive message volume overwhelmed the payment-service container, causing it to exceed its memory limit.",P2,memory,synthetic_master
"GC Overhead Exceeded in Payment Service JVM The Payment service JVM experienced a 'GC overhead limit exceeded' error, leading to significant degradation and transaction failures. This affected a large number of payment transactions processed daily. Insufficient garbage collection tuning in the Java Spring Boot application deployed on Kubernetes.",P2,memory,synthetic_master
"Order Service JVM Memory Exceeded The Order service JVM experienced a memory overflow, with a Python worker RSS reaching 8GB, leading to some transactions failing and customer complaints increasing. The Python worker in the Order service JVM consumed excessive memory, exceeding the 7GB limit set in the configuration.",P2,memory,synthetic_master
"Kafka Consumer Heap Exhausted The Python transaction worker in our Kafka consumer group experienced a memory issue, leading to heap exhaustion and transaction processing failures. This impacted a significant number of payment transactions. Insufficient memory allocation and garbage collection issues in the Python transaction worker service.",P2,memory,synthetic_master
"Kafka Consumer OOM: Payment Service Failure The Kafka consumer in the payment service experienced an OutOfMemoryError due to Java heap space exhaustion, leading to transaction processing failures and increased customer complaints. Insufficient memory allocation for the Java heap in the payment-service application, causing the Kafka consumer to fail and drop transactions.",P2,memory,synthetic_master
"Payment Service JVM OOMKilled The Payment service JVM experienced an OOMKilled container due to memory overload, affecting 50 million daily transactions and leading to customer complaints. Insufficient memory allocation for the Payment service JVM under heavy load in the production environment.",P2,memory,synthetic_master
"Order Service JVM Memory Overload The Order service JVM experienced a 'GC overhead limit exceeded' error, leading to transaction processing failures and customer complaints. This affected 50 million daily transactions. Insufficient heap size for the Order service JVM, causing frequent garbage collection and high GC overhead.",P2,memory,synthetic_master
"Python Worker Memory Exceeds Limit The Python transaction worker in the production environment experienced a memory issue, with the RSS limit reaching 8GB, causing some payment transactions to fail and leading to customer complaints. Insufficient memory configuration for high transaction volume in the Python worker process.",P2,memory,synthetic_master
"Kafka Consumer Memory Exhaustion The Kafka consumer in the payments processing pipeline experienced memory exhaustion, leading to significant performance degradation and failed transactions. Customers reported delays and issues with payment confirmations. Heap space allocation for the Kafka consumer was insufficient to handle the load, leading to JVM crashes and subsequent message processing failures.",P2,memory,synthetic_master
"Payment Service JVM OutOfMemoryError The Payment service JVM experienced an OutOfMemoryError due to Java heap space exhaustion, causing some payment transactions to fail and customer complaints to rise. Insufficient heap space allocation in the Payment service JVM leading to frequent garbage collection and eventually an OutOfMemoryError.",P2,memory,synthetic_master
"Payment Service JVM OOMKilled The Order service JVM experienced an OOMKilled container due to memory exhaustion, leading to transaction failures and increased customer complaints. Memory leak in Java Spring Boot application leading to excessive memory usage.",P2,memory,synthetic_master
"GC Overhead Limit Exceeded in Transaction Worker The Python transaction worker experienced a 'GC overhead limit exceeded' error, leading to significant degradation in processing speed and some transaction failures, impacting payment transactions. Excessive garbage collection due to inefficient memory management in the Python transaction worker code.",P2,memory,synthetic_master
"Kafka Consumer Memory Issue The Kafka consumer experienced a memory overflow, with the Python worker RSS reaching 8GB, leading to degraded performance and failed transactions. This affected payment processing for a significant number of customers. The Python worker’s RSS memory usage exceeded the configured limit due to inefficient data processing in the Kafka consumer.",P2,memory,synthetic_master
"Kafka Consumer Heap Exhausted in Payment Service JVM The Payment service JVM experienced a memory issue, specifically the Kafka consumer heap exhausted, leading to transaction processing delays and failures for a subset of customers. An unexpected surge in Kafka message volume overwhelmed the allocated heap space for the Kafka consumer, causing it to fail and degrade performance.",P2,memory,synthetic_master
"Order Service JVM Heap Space Exceeded The Order service JVM experienced an OutOfMemoryError due to Java heap space issues, causing some payment transactions to fail and leading to an increase in customer complaints. Insufficient JVM heap space configuration leading to excessive memory usage in the Order service.",P2,memory,synthetic_master
"Python transaction worker OOMKilled The Python transaction worker experienced an OOMKilled container due to memory exhaustion, affecting payment transactions and leading to customer complaints. Insufficient memory limits for the payment-service container, leading to excessive memory usage and OOMKilled errors.",P2,memory,synthetic_master
"Kafka Consumer Memory Overload Memory issues in the Kafka consumer caused 'GC overhead limit exceeded' errors, affecting transaction processing and leading to customer complaints. Insufficient memory allocation for the Java Spring Boot application running the Kafka consumer, leading to excessive garbage collection.",P2,memory,synthetic_master
"Payment Service JVM Memory Exceeded The Payment service JVM experienced a memory issue, with the Python worker RSS exceeding 8GB, leading to some payment transactions failing and customer complaints increasing. The Python worker process consumed excessive memory due to inefficient resource management and large data processing.",P2,memory,synthetic_master
"Order Service JVM Memory Exhausted The Order service JVM experienced a memory exhaustion issue, leading to Kafka consumer heap exhaustion. This affected payment transactions, resulting in some failures and increased customer complaints. Insufficient heap size configuration for the Order service JVM, causing the Kafka consumer to exhaust its memory.",P2,memory,synthetic_master
"Python Transaction Worker OutOfMemoryError The Python transaction worker experienced an OutOfMemoryError, leading to Java heap space issues in the payment-service. This affected a significant portion of payment transactions, resulting in degraded service and rising customer complaints. Insufficient heap space allocation for the Java payment-service, causing memory leaks and subsequent OutOfMemoryErrors in the Python transaction worker.",P2,memory,synthetic_master
"Kafka Consumer OOMKilled Container The Kafka consumer in the payment-service experienced an OOMKilled container, leading to some payment transactions failing and customer complaints rising. The payment-service container was running out of memory due to a surge in transaction volume.",P2,memory,synthetic_master
"Payment Service JVM Memory Overload The Payment service JVM experienced a GC overhead limit exceeded error, leading to significant degradation and failures in processing transactions. Insufficient heap size allocation for the Payment service JVM, causing excessive garbage collection and transaction processing failures.",P2,memory,synthetic_master
"Order Service JVM Memory Exceeded The Order service JVM experienced a memory issue, with the Python worker RSS exceeding 8GB, causing significant performance degradation and some transaction failures. Transactions involving order processing were affected, leading to customer complaints. The Python worker in the Order service JVM consumed excessive memory due to inefficient resource management and large data processing tasks.",P2,memory,synthetic_master
"Kafka Consumer Heap Exhausted The Python transaction worker experienced a memory issue, leading to Kafka consumer heap exhaustion. This affected 500,000 transactions per hour, causing some payment processing delays and customer complaints. Insufficient memory allocation for Kafka consumer in the Python transaction worker process.",P2,memory,synthetic_master
"Kafka Consumer OOM Error The Kafka consumer in the payment-service experienced an OutOfMemoryError due to Java heap space issues, leading to delayed and failed transaction processing. Insufficient heap space allocation for the Java application in the Kafka consumer microservice.",P2,memory,synthetic_master
"Payment Service OOMKilled JVM The Payment service JVM experienced memory issues, leading to OOMKilled containers. Transactions through the payment service were affected, resulting in customer complaints. Insufficient memory allocation for the Payment service JVM, leading to frequent OutOfMemory errors and container OOMKilled events.",P2,memory,synthetic_master
"Order service JVM memory issue The Order service JVM experienced a 'GC overhead limit exceeded' error, leading to transaction failures and customer complaints. This affected payment processing transactions. Insufficient heap size configuration for the Order service JVM, causing excessive garbage collection overhead in the production environment.",P2,memory,synthetic_master
"Python Worker Memory Overflow The Python transaction worker in the production environment exceeded its memory limit, causing service degradation and transaction failures. This impacted 5% of daily transactions. The Python worker RSS memory consumption reached 8GB, surpassing the allocated limit due to inefficient data handling and processing.",P2,memory,synthetic_master
"Kafka Consumer Heap Exhaustion The Kafka consumer in the production environment experienced a memory issue, leading to heap exhaustion and the failure of some transaction processing. This affected payment transactions handled by the Kafka consumer. The Kafka consumer was configured with insufficient heap size to handle the high volume of transactions, causing heap exhaustion.",P2,memory,synthetic_master
"Payment Service JVM OOM Error An OutOfMemoryError due to Java heap space exhaustion impacted the payment service, causing significant degradation and customer complaints. Insufficient heap space configuration in the payment-service JVM leading to frequent OutOfMemoryErrors during high transaction volumes.",P2,memory,synthetic_master
"Payment Service OOMKilled The Order service JVM experienced an OOMKilled container payment-service limit=4Gi, leading to significant degradation and some transaction failures affecting payment processing. Insufficient memory allocation in the payment-service container, causing JVM to exceed memory limits and be OOMKilled.",P2,memory,synthetic_master
"Python Worker OOM, GC Overhead Limit Exceeded The Python transaction worker experienced memory issues, leading to 'GC overhead limit exceeded' errors. This impacted a significant number of payment transactions, causing delays and customer complaints. Insufficient memory allocation for the Python transaction worker processes, leading to excessive garbage collection and OOM errors.",P2,memory,synthetic_master
"Kafka Consumer Memory Overflow The Kafka consumer in our production environment experienced a memory overflow, with a Python worker RSS exceeding 8GB, leading to transaction processing delays and customer complaints. Insufficient resource limits and memory leaks in the Python worker processing large messages.",P2,memory,synthetic_master
"Kafka Consumer Heap Exhaustion The Payment service JVM experienced memory issues, causing the Kafka consumer to exhaust its heap, resulting in some payment transactions failing and customer complaints rising. Insufficient heap size configuration for the Kafka consumer in the Payment service JVM.",P2,memory,synthetic_master
"Order Service JVM Memory Overflow The Order service JVM experienced an OutOfMemoryError due to insufficient heap space, causing payment transactions to fail and customer complaints to rise. The Order service JVM was not configured with sufficient heap space to handle the load of 50 million daily transactions.",P2,memory,synthetic_master
"Payment Service OOMKilled: Memory Issue The Python transaction worker experienced an OOMKilled container payment-service limit=4Gi, impacting 50 million daily transactions. Customers reported increased failure rates and transaction timeouts. Insufficient memory allocation for the payment-service container, leading to frequent OOMKilled errors.",P2,memory,synthetic_master
"Kafka Consumer Out of Memory The Kafka consumer in the transaction-processor microservice experienced a 'GC overhead limit exceeded' error, leading to significant degradation and some transactions failing, causing increased customer complaints. Insufficient memory allocation for the Java Spring Boot application handling high transaction volume in the Kafka consumer microservice.",P2,memory,synthetic_master
"Payment Service JVM Memory Overload The Payment service JVM experienced a memory issue, with a Python worker process reaching 8GB RSS, causing some transactions to fail and customer complaints to rise. Insufficient memory allocation for Python worker processes in the Payment service JVM, leading to excessive memory usage and service degradation.",P2,memory,synthetic_master
"Kafka Consumer Heap Exhausted The Order service JVM experienced a memory issue, leading to Kafka consumer heap exhaustion, causing some payment transactions to fail and increasing customer complaints. Insufficient heap space configuration for the Kafka consumer in the Order service JVM.",P2,memory,synthetic_master
"Python Transaction Worker OOM The Python transaction worker experienced an OutOfMemoryError in the payment-service, leading to transaction failures and increasing customer complaints. Insufficient heap space allocation for the Java payment-service consuming Python transaction worker resources.",P2,memory,synthetic_master
"Kafka Consumer OOMKilled Due to Memory Overflow The Kafka consumer in the payment service experienced an OOMKilled container due to memory overflow, leading to significant degradation in transaction processing and customer complaints. The payment-service container was configured with a limit of 4Gi, which was insufficient to handle the high volume of transactions, causing it to be OOMKilled.",P2,memory,synthetic_master
"Payment Service JVM GC Overhead Limit Exceeded The Payment service JVM experienced a 'GC overhead limit exceeded' error, causing significant degradation and failure of some transaction-processor tasks, affecting payment transactions. Insufficient heap memory allocation and garbage collection issues in the Payment service JVM.",P2,memory,synthetic_master
"Order Service JVM Memory Exceeded The Order service JVM experienced a memory issue, with Python worker RSS reaching 8GB, leading to significant degradation and some transaction failures, affecting customer experience. Insufficient heap size allocation for the Python worker processes within the JVM.",P2,memory,synthetic_master
"Kafka Consumer Heap Exhausted The Python transaction worker service experienced a memory issue, causing the Kafka consumer to exhaust its heap. This impacted payment transactions processed through the platform. Heap exhaustion due to high message volume and inefficient message processing logic in the Python transaction worker service.",P2,memory,synthetic_master
"Kafka Consumer OOM Error The Kafka consumer in the payment-service experienced an OutOfMemoryError Java heap space issue, causing significant degradation and failures in processing transactions. The Kafka consumer was handling a high volume of transactions without adequate memory allocation.",P2,memory,synthetic_master
"Payment Service JVM OOMKilled The Payment service JVM experienced an OOMKilled container due to memory constraints, affecting 50 million daily transactions and leading to customer complaints. Insufficient memory allocation for the Payment service JVM, leading to excessive garbage collection and eventual OOMKilled container.",P2,memory,synthetic_master
"Order Service JVM Out of Memory The Order service JVM experienced a 'GC overhead limit exceeded' error, causing transaction-processor failures and impacting 50 million daily transactions. Insufficient memory allocation for the JVM, leading to excessive garbage collection and transaction failures.",P2,memory,synthetic_master
"Python Worker Memory Overflow The Python transaction worker in the production environment exceeded its memory limit, causing performance degradation and some transaction failures. Affected transactions include inter-bank payments and direct debits. The Python worker's RSS memory usage exceeded the allocated limit due to inefficient memory management and an unexpected spike in transaction volume.",P2,memory,synthetic_master
"Kafka Consumer Memory Exhaustion The Kafka consumer experienced memory exhaustion, leading to failed transactions and increased customer complaints. The error 'Kafka consumer heap exhausted' was observed. Heap size configuration was insufficient for the volume of incoming transactions, leading to memory overflow.",P2,memory,synthetic_master
"Payment Service JVM OutOfMemoryError The Payment service JVM experienced an OutOfMemoryError due to Java heap space exhaustion, impacting a significant portion of payment transactions and leading to customer complaints. Heap size was insufficient to handle the transaction load, leading to frequent OutOfMemoryErrors.",P2,memory,synthetic_master
"Payment Service OOMKilled The Order service JVM experienced memory issues, resulting in an OOMKilled container payment-service limit=4Gi, affecting 50 million daily transactions. Insufficient memory allocation for the payment-service container, leading to excessive memory usage and subsequent OOMKilled events.",P2,memory,synthetic_master
"Python Transaction Worker Out of Memory The Python transaction worker in the FinTechFlow platform experienced a 'GC overhead limit exceeded' error, leading to significant performance degradation and failed transactions. This affected a subset of payment processing tasks. Insufficient memory allocation for the Python transaction worker processes, causing garbage collection overhead to exceed limits.",P2,memory,synthetic_master
"Kafka Consumer Memory Overflow The Kafka consumer experienced a memory overflow, with a Python worker reaching an RSS limit of 8GB, leading to some payment transactions failing and customer complaints increasing. The Python worker was not properly optimized to handle the volume of transactions, leading to excessive memory usage.",P2,memory,synthetic_master
"Kafka Consumer Heap Exhaustion in Payment Service The Payment service JVM experienced a memory issue due to the Kafka consumer heap exhaustion, leading to a significant degradation in performance and some transaction failures. Customers reported delays and errors in transaction processing. High volume of Kafka messages led to excessive memory usage in the Payment service JVM, causing heap exhaustion.",P2,memory,synthetic_master
"Order Service JVM Memory Failure The Order service JVM experienced an OutOfMemoryError due to insufficient heap space, impacting payment transactions and causing customer complaints. The Order service JVM was not configured to handle the current transaction load, leading to heap space exhaustion.",P2,memory,synthetic_master
"Payment-Service OOMKilled, Worker Performance Degraded The Python transaction worker experienced memory issues, leading to OOMKilled containers for the payment-service. This affected a significant portion of daily transactions, resulting in degraded performance and increased customer complaints. Insufficient memory allocation for the payment-service container, causing it to be OOMKilled.",P2,memory,synthetic_master
"Kafka Consumer GC Overhead Limit Exceeded The Kafka consumer in the transaction-processor microservice experienced a 'GC overhead limit exceeded' error, leading to significant degradation and some transaction failures. This impacted a portion of daily payment transactions. Insufficient heap space settings for the Java Spring Boot application running the Kafka consumer, causing excessive garbage collection.",P2,memory,synthetic_master
"Payment Service JVM Memory Exceeds Limit The Payment service JVM experienced a memory overflow, with a Python worker RSS reaching 8GB, leading to transaction failures and increased customer complaints. The Python worker in the Payment service JVM was consuming excessive memory, likely due to inefficient data handling or resource leaks.",P2,memory,synthetic_master
"Order Service JVM Memory Exhausted The Order service JVM experienced a memory overflow, leading to Kafka consumer heap exhaustion. This affected a portion of our transaction processing, causing delays and some transactions to fail. Insufficient heap space allocated to the Order service JVM, leading to heap exhaustion during high transaction volumes.",P2,memory,synthetic_master
"Python Transaction Worker OOM Error The Python transaction worker experienced an OutOfMemoryError due to Java heap space in the payment-service, causing some payment transactions to fail and leading to increased customer complaints. The Java heap space issue in the payment-service led to excessive memory consumption, affecting the Python transaction worker in the production environment.",P2,memory,synthetic_master
"Kafka Consumer OOMKilled Due to Memory Overflow The payment-service container was OOMKilled due to memory overflow, impacting the Kafka consumer and causing some transaction failures. Customer complaints related to payment processing increased significantly. The payment-service container in Kubernetes was configured with a limit of 4Gi, which was insufficient for the current load, leading to out-of-memory issues.",P2,memory,synthetic_master
"GC Overhead Exceeded in Payment Service JVM The Payment service JVM experienced a 'GC overhead limit exceeded' error, causing some transactions to fail and leading to customer complaints. This issue affected the transaction-processing component of the payment service. Insufficient heap memory allocation for the transaction-processor application, leading to excessive garbage collection and eventual failure.",P2,memory,synthetic_master
"Order Service JVM Memory Exceeded Limits The Order service JVM in the production environment experienced a memory leak, causing the Python worker RSS to exceed 8GB and resulting in transaction failures and rising customer complaints. Insufficient memory allocation and memory leak in the Python worker codebase.",P2,memory,synthetic_master
"Kafka Consumer Heap Exhausted The Python transaction worker in the production environment experienced a memory issue, leading to Kafka consumer heap exhaustion and significant degradation of transaction processing. This affected a subset of payment transactions, causing customer complaints to rise. Heap exhaustion due to inefficient message processing and insufficient memory allocation in the Python transaction worker service.",P2,memory,synthetic_master
"Kafka Consumer OOM Error The Kafka consumer in the payment-service experienced an OutOfMemoryError due to Java heap space issues, leading to some payment transactions failing and customer complaints rising. The Kafka consumer was configured with insufficient heap size to handle the high volume of transactions, causing it to run out of memory.",P2,memory,synthetic_master
"Payment Service JVM OOMKilled The Payment service JVM experienced an OOMKilled container due to memory constraints, affecting transaction processing and leading to customer complaints. Insufficient heap size allocated to the Payment service JVM, leading to frequent out-of-memory errors.",P2,memory,synthetic_master
"GC Overhead Exceeded in Order Service The Order service JVM experienced a GC overhead limit exceeded error, causing transaction failures and customer complaints. This impacted 50 million daily transactions. Insufficient garbage collection tuning leading to excessive garbage collection overhead in the production environment.",P2,memory,synthetic_master
"Python Worker Memory Exceeds Limit The Python transaction worker in the production environment exceeded its memory limit, causing RSS to spike to 8GB and resulting in transaction failures and rising customer complaints. Insufficient memory allocation for the Python worker process in the Kubernetes cluster, leading to excessive memory usage and crashes.",P2,memory,synthetic_master
"Kafka Consumer Memory Overload The Kafka consumer in our production environment experienced a heap exhaustion issue, leading to delayed and failed transaction processing. This affected a significant portion of our payment transactions, resulting in customer complaints. The Kafka consumer was configured with insufficient heap space to handle the high volume of transactions, causing memory exhaustion.",P2,memory,synthetic_master
"Payment Service JVM OOM Error An OutOfMemoryError due to Java heap space was observed in the Payment service JVM, affecting a small subset of payment transactions. Insufficient heap size configuration for high-traffic payment service pods in Kubernetes.",P3,memory,synthetic_master
"JVM OOMKilled on Payment Service A memory overflow led to the OOMKilled container payment-service limit=4Gi in the Order service JVM, affecting a small subset of payment transactions. Insufficient heap memory configuration for the payment-service container, leading to out-of-memory errors.",P3,memory,synthetic_master
"GC Overhead Exceeded in Python Worker A GC overhead limit exceeded error occurred in the Python transaction worker, affecting a small subset of transaction processing. No revenue impact was observed. Insufficient memory allocation in the Python transaction worker led to excessive garbage collection.",P3,memory,synthetic_master
"Python Worker Memory Exceeded A Python worker in the Kafka consumer processing pipeline experienced high memory usage, reaching 8GB RSS, impacting a small subset of users. The worker processed a large batch of transactions with complex data structures, exceeding the memory limit.",P3,memory,synthetic_master
"Kafka Consumer Heap Exhausted The Payment service JVM experienced a memory issue causing the Kafka consumer to exhaust its heap, impacting a small subset of payment transactions in production. Insufficient heap size allocated to the Kafka consumer process, leading to memory exhaustion.",P3,memory,synthetic_master
"JVM Heap Space OutOfMemoryError An OutOfMemoryError Java heap space issue occurred in the Order service JVM, impacting a small subset of payment transactions. The Order service JVM experienced a heap overflow due to excessive memory usage from high transaction volume during a specific time period.",P3,memory,synthetic_master
"Python Transaction Worker OOMKilled An OOMKilled container in the payment-service limit=4Gi affected a small subset of Python transaction workers, impacting a minor portion of payment transactions. Insufficient memory limits for the payment-service container in Kubernetes, leading to OOMKilled events.",P3,memory,synthetic_master
"Kafka Consumer GC Overhead Issue A 'GC overhead limit exceeded' error in the transaction-processor caused a brief outage of the Kafka consumer, affecting a small subset of transactions in production. Insufficient heap space allocation for the Java Spring Boot application handling Kafka messages.",P3,memory,synthetic_master
"Payment Service JVM Memory Exceeded The Payment service JVM experienced a memory issue, with a Python worker RSS exceeding 8GB. This affected a small subset of payment transactions. A Python worker within the Payment service JVM consumed excessive memory, surpassing the allocated limit.",P3,memory,synthetic_master
"Kafka Consumer Heap Exhaustion The Order service JVM experienced a memory issue, causing the Kafka consumer heap to exhaust, which affected a small subset of payment transactions. Insufficient heap size configuration for the Kafka consumer in the Order service JVM.",P3,memory,synthetic_master
"Python Transaction Worker OOM Error An OutOfMemoryError in the Java heap space of the payment-service caused the Python transaction worker to fail, impacting a small subset of payment transactions. Insufficient heap space allocation for the payment-service Java process.",P3,memory,synthetic_master
"Kafka Consumer OOMKilled due to Memory Leak A memory leak in the payment-service caused an OOMKilled container, affecting Kafka consumer processing. Approximately 1% of payment transactions were impacted. Insufficient memory allocation for the payment-service container, leading to excessive memory usage and subsequent OOMKilled error.",P3,memory,synthetic_master
"GC Overhead Limit Exceeded in Payment Service JVM A `GC overhead limit exceeded` error occurred in the Payment service JVM, impacting a small subset of transactions. No revenue impact was reported. Insufficient heap memory allocation for the JVM, leading to excessive garbage collection overhead.",P3,memory,synthetic_master
"Order Service JVM Memory Exceeded The Order service JVM experienced a memory issue with a Python worker RSS reaching 8GB, impacting a small subset of users. No revenue impact was observed. A Python worker process in the Order service exceeded its memory limit due to unoptimized resource usage.",P3,memory,synthetic_master
"Kafka Consumer Heap Exhausted A memory issue caused the Python transaction worker to fail, resulting in the Kafka consumer heap being exhausted. Affected payment transactions were limited to those processed by the Python worker, impacting approximately 0.1% of daily transactions. The Python transaction worker consumed more memory than allocated, leading to the Kafka consumer heap exhaustion due to insufficient resource configuration.",P3,memory,synthetic_master
"Kafka Consumer OOM Error A Java heap space error occurred in the payment-service Kafka consumer, causing temporary processing delays for a small subset of users. The payment-service Kafka consumer was configured with insufficient heap space, leading to an OutOfMemoryError.",P3,memory,synthetic_master
"Payment Service JVM OOM Killed An OOMKilled container for the payment-service JVM occurred due to memory exhaustion, affecting a small subset of payment transactions. Insufficient memory allocation for the payment-service JVM leading to memory exhaustion and container OOMKilled.",P3,memory,synthetic_master
"GC Overhead Limit Exceeded in Order Service JVM A 'GC overhead limit exceeded' error occurred in the Order service JVM, affecting a small subset of payment transactions. No revenue impact was observed. High memory pressure due to excessive garbage collection in the Order service JVM, causing the GC overhead limit to be exceeded.",P3,memory,synthetic_master
"Python Worker Memory Usage Exceeded The Python transaction worker in the production environment experienced high memory usage, with RSS reaching 8GB, causing temporary degradation in performance for a small subset of users. Insufficient memory allocation for the Python worker processes, leading to excessive RSS usage.",P3,memory,synthetic_master
"Kafka Consumer Heap Exhausted A memory issue caused the Kafka consumer to crash, affecting a small subset of payment transactions. The error 'Kafka consumer heap exhausted' was logged. Insufficient heap size configuration for the Java Spring Boot application running the Kafka consumer.",P3,memory,synthetic_master
"Payment Service JVM Heap Space Exceeded An OutOfMemoryError Java heap space issue caused the payment service JVM to fail, impacting a small subset of payment transactions in the production environment. Improperly configured JVM heap size settings led to excessive memory usage during high transaction volumes.",P3,memory,synthetic_master
"Payment Service OOMKilled An OOMKilled container payment-service limit=4Gi occurred, impacting a small subset of payment transactions in the Order service JVM. Insufficient memory allocated to the payment-service container in the Kubernetes cluster.",P3,memory,synthetic_master
"GC Overhead Exceeded in Python Worker A memory issue caused by the GC overhead limit exceeded error impacted the Python transaction worker, affecting a small subset of payment transactions in production. Insufficient garbage collection tuning for high-memory-usage transactions in the Python FastAPI worker.",P3,memory,synthetic_master
"Python Worker Memory Exceeded Limit A Python worker processing Kafka messages experienced an RSS memory usage of 8GB, exceeding the limit, causing a brief disruption in the Kafka consumer service. This affected a small subset of payment transactions. The Python worker's memory consumption was not properly managed, leading to excessive memory usage and a subsequent limit exceedance.",P3,memory,synthetic_master
"Kafka Consumer Heap Exhausted A memory issue in the Payment service JVM led to a Kafka consumer heap exhaustion, causing temporary delays in processing a small subset of payment transactions. Insufficient heap memory allocation for the Kafka consumer in the Payment service JVM.",P3,memory,synthetic_master
"Payment Service JVM OOM Error A memory issue in the Order service JVM caused an OutOfMemoryError, impacting payment transactions for a small subset of users. Insufficient heap space configuration in the Order service's Java Spring Boot application.",P3,memory,synthetic_master
"Python transaction worker OOMKilled A container for the Python transaction worker service was OOMKilled due to memory limits, affecting a small subset of payment transactions. Insufficient memory limits for the Python transaction worker container in the Kubernetes cluster.",P3,memory,synthetic_master
"Kafka Consumer GC Overhead Limit Exceeded A memory issue caused by excessive garbage collection led to the 'GC overhead limit exceeded' error in the Kafka consumer, affecting a small subset of transactions-processor services. Insufficient heap space allocation for the Kafka consumer processes, leading to frequent garbage collection and eventually the 'GC overhead limit exceeded' error.",P3,memory,synthetic_master
"Python Worker Memory Exceeded Limit The Payment service JVM experienced a memory issue where a Python worker process consumed 8GB of RSS memory, impacting a small subset of payment transactions. A Python worker in the payment processing pipeline was not properly configured to manage memory usage, leading to excessive RSS memory consumption.",P3,memory,synthetic_master
"Kafka Consumer Heap Exhaustion The Order service JVM experienced a memory issue due to Kafka consumer heap exhaustion, impacting a small subset of payment transactions. Insufficient heap size allocated to the Kafka consumer process, leading to memory overflow.",P3,memory,synthetic_master
"Python Transaction Worker OOM Error An OutOfMemoryError occurred in the Java heap space of the payment-service, impacting a small subset of Python transaction workers in the production environment. Insufficient heap space allocation in the Java application, causing the payment-service to fail.",P3,memory,synthetic_master
"Kafka Consumer OOMKilled A memory overflow led to the OOMKilled container for the payment-service, affecting a small subset of payment transactions. The payment-service consumed a large volume of data from Kafka, exceeding its memory limit.",P3,memory,synthetic_master
"Payment Service JVM OOM Error A 'GC overhead limit exceeded' error occurred in the Payment service JVM, affecting 1% of transaction-processor instances. This impacted a small subset of payment transactions. Insufficient heap memory configuration for high-transaction volume processing in the Payment service JVM.",P3,memory,synthetic_master
"Order Service JVM Memory Issue A Python worker within the Order service JVM exceeded its memory limit, causing a temporary service degradation affecting a small subset of users. Python worker task RSS memory usage exceeded the configured limit, leading to JVM OOM (Out of Memory) errors.",P3,memory,synthetic_master
"Kafka Consumer Heap Exhausted The Python transaction worker in the production environment experienced a memory issue, leading to the Kafka consumer heap being exhausted. This affected a small subset of payment transactions. Insufficient memory allocation for the Kafka consumer process in the Python transaction worker.",P3,memory,synthetic_master
"Kafka Consumer OOM Error The Kafka consumer in the payment-service experienced an OutOfMemoryError due to Java heap space issues, affecting a small subset of payment transactions. Insufficient heap space allocation for the payment-service Java application.",P3,memory,synthetic_master
"Payment Service JVM OOMKilled The Payment service JVM experienced an OOMKilled error, affecting a small subset of users during peak transaction times. The payment service JVM was configured with insufficient memory limits, leading to OOMKilled errors during high transaction volumes.",P3,memory,synthetic_master
"GC Overhead Limit Exceeded in Order Service The Order service JVM experienced a GC overhead limit exceeded error, impacting a small subset of transaction processing. Affected users reported delays in order confirmation. Insufficient garbage collection tuning for high transaction load in the Order service.",P3,memory,synthetic_master
"Python Worker Memory Exceeded The Python transaction worker in our production environment experienced a memory overflow, triggering an RSS limit of 8GB. This affected a small subset of payment transactions, though no revenue impact was observed. The Python worker's memory consumption exceeded the allocated limit due to inefficient garbage collection and large data processing tasks.",P3,memory,synthetic_master
"Kafka Consumer Memory Exhaustion The Kafka consumer experienced a memory overflow, resulting in processing delays for a small subset of payment transactions. The Kafka consumer heap exhausted due to an increase in transaction volume exceeding the configured memory limits.",P3,memory,synthetic_master
"Payment Service JVM Exceeded Heap Space An OutOfMemoryError Java heap space issue occurred in the Payment service JVM, affecting a small subset of transactions. No revenue impact was observed. The Payment service JVM ran out of heap space due to insufficient configuration of the Java heap size for high transaction volumes.",P3,memory,synthetic_master
"Payment Service JVM OOMKilled The payment-service container in the Order service JVM was OOMKilled due to memory exhaustion, affecting a small subset of payment transactions. Insufficient memory allocation for the payment-service container, leading to excessive garbage collection and eventual OOMKilled.",P3,memory,synthetic_master
"GC Overhead Limit Exceeded in Python Worker The Python transaction worker encountered a 'GC overhead limit exceeded' error, affecting a small subset of transaction processing. No revenue impact was observed. Insufficient memory allocation and garbage collection issues in the Python transaction worker, leading to excessive overhead.",P3,memory,synthetic_master
"Python Worker Memory Exceeded Limit A Python worker processing Kafka messages experienced a memory issue, with RSS reaching 8GB, affecting a small subset of transactions in the production environment. The Python worker's memory usage spiked due to inefficient data handling and large message payloads, leading to an out-of-memory error.",P3,memory,synthetic_master
"Kafka Consumer Heap Exhausted The Payment service JVM experienced a memory issue due to the Kafka consumer heap being exhausted, affecting a small subset of users during a brief 15-minute window. Insufficient heap size configuration for the Kafka consumer in the Payment service JVM.",P3,memory,synthetic_master
"Order Service JVM OOM Error An OutOfMemoryError Java heap space issue occurred in the Order service JVM, affecting payment transactions for a small subset of users. The Order service JVM experienced a Java heap space OutOfMemoryError due to unoptimized memory settings and high transaction volume.",P3,memory,synthetic_master
"Python Transaction Worker OOMKilled A memory overflow caused the payment-service container to be OOMKilled, affecting a small subset of transaction processing. The payment-service container exceeded its memory limit of 4Gi, leading to the OOMKilled error.",P3,memory,synthetic_master
"Memory Overload in Kafka Consumer A GC overhead limit exceeded error occurred in the Kafka consumer, affecting transaction processing for a small subset of users. This issue impacted the transaction-processor service. Insufficient heap size allocated to the Kafka consumer JVM, leading to excessive garbage collection.",P3,memory,synthetic_master
"Python Worker Memory Usage Exceeded A Python worker in the payment service JVM experienced a memory leak, causing its RSS to exceed the 8GB limit. This affected a small subset of transactions, impacting approximately 0.1% of users. Insufficient memory management in the Python worker, leading to excessive memory consumption.",P3,memory,synthetic_master
"Kafka Consumer Heap Exhaustion in Order Service A memory issue caused the Order service JVM to exhaust its heap space, leading to temporary outages for a small subset of users. The error message indicated that the Kafka consumer heap was full, impacting 1% of daily transactions. Insufficient heap space configuration for the Kafka consumer in the Order service JVM, leading to heap exhaustion during high transaction volumes.",P3,memory,synthetic_master
"EBS Volume Full, Causing Outage PostgreSQL data volume on the EBS volume reached ENOSPC, halting payment processing and affecting 50 million daily transactions. Insufficient disk space on the PostgreSQL data volume due to unmonitored growth of data and indexes.",P1,storage,synthetic_master
"S3 SlowDown on Transaction Logs Payment processing was halted due to S3 SlowDown throttling the transaction-logs bucket, impacting all transactions. A S3 SlowDown throttling occurred, overwhelming the transaction-logs bucket on AWS EKS.",P1,storage,synthetic_master
"Kafka EBS Volume Stuck, Payment Processing Halted An EBS volume attached to our Kafka cluster became stuck in a detaching state, causing complete failure of Kafka log storage. This impacted all payment transactions, leading to a complete outage. The EBS volume was stuck in a detaching state due to a misconfiguration in our Kubernetes cluster, leading to the failure of Kafka services.",P1,storage,synthetic_master
"PostgreSQL WAL Disk Full Outage PostgreSQL Write-Ahead Log (WAL) disk full due to Kafka log retention, causing complete payment processing outage. Affected transactions halted for 1 hour, impacting 50 million daily transactions. Kafka log retention settings misconfiguration led to excessive WAL data accumulation, filling the PostgreSQL storage.",P1,storage,synthetic_master
"PostgreSQL Checkpoint Delayed EBS Volume Failure A PostgreSQL checkpoint delay on the EBS volume caused a complete outage, halting all payment processing. The checkpoint took 45 minutes, severely impacting transactions. Insufficient EBS volume IOPS and throughput, leading to prolonged PostgreSQL checkpoint times in production.",P1,storage,synthetic_master
"S3 Transaction Logs Outage due to ENOSPC A storage full issue on the PostgreSQL data volume caused by ENOSPC on /dev/xvda1 led to the S3 transaction logs becoming unavailable, halting all payment processing for 60 minutes. Insufficient disk space on the PostgreSQL data volume due to unexpected data growth and failure to automate volume expansion.",P1,storage,synthetic_master
"Kafka Log Storage Outage Due to S3 SlowDown Payment processing was halted due to S3 SlowDown throttling the transaction-logs bucket, affecting Kafka log storage in production. S3 SlowDown caused by high traffic on the transaction-logs bucket, impacting Kafka log storage in the FinTechFlow stack.",P1,storage,synthetic_master
"EBS Volume Detach Stuck, PostgreSQL WAL Down The PostgreSQL Write-Ahead Log (WAL) service experienced a complete outage due to an EBS volume stuck in the detaching state, halting all payment transactions. An EBS volume attached to the PostgreSQL instance became stuck in the detaching state, causing the service to become unresponsive.",P1,storage,synthetic_master
"EBS Volume Failure Disrupts Payment Processing An EBS volume failure due to Kafka log retention causing disk full led to a complete outage of payment processing, impacting all transactions. Kafka log retention settings not properly configured, leading to excessive disk usage on the EBS volume.",P1,storage,synthetic_master
"S3 Transaction Logs Down, Impacting Payment Processing PostgreSQL checkpoint taking 45 minutes caused S3 transaction logs to fail, halting all payment transactions and resulting in a $10k/minute revenue loss. PostgreSQL checkpoint duration exceeded S3 write timeout, causing transaction logs to back up and fail.",P1,storage,synthetic_master
"Kafka Storage Outage Kafka log storage experienced a complete outage due to ENOSPC on /dev/xvda1 PostgreSQL data volume, halting all payment processing and causing significant revenue loss. Insufficient disk space on the PostgreSQL data volume leading to ENOSPC errors, affecting Kafka log storage.",P1,storage,synthetic_master
"PostgreSQL WAL Storage Outage PostgreSQL Write-Ahead Log (WAL) service experienced a complete outage, causing S3 SlowDown throttling on the transaction-logs bucket, halting all payment processing transactions. S3 SlowDown throttling on the transaction-logs bucket due to high write traffic, overwhelming the PostgreSQL WAL service.",P1,storage,synthetic_master
"EBS Volume Stuck in Detaching State An EBS volume attached to a critical payment processing node became stuck in the detaching state, halting all transactions and causing a complete outage. A misconfiguration in the Kubernetes deployment caused the node to restart, triggering the EBS volume detachment process which got stuck.",P1,storage,synthetic_master
"S3 Logs Disk Full - Payment Processing Halted A disk full issue in S3 transaction logs storage caused by Kafka log retention settings led to a complete outage of payment processing, affecting all transactions. Kafka log retention settings were not properly configured, leading to excessive log data accumulation in S3.",P1,storage,synthetic_master
"Kafka Log Storage Failure A PostgreSQL checkpoint taking 45 minutes caused a complete outage of Kafka log storage, halting all payment processing. This impacted 50 million transactions per day, resulting in a $10k/minute revenue loss. PostgreSQL checkpoint taking an unusually long time due to a misconfigured checkpoint interval in the FinTechFlow stack.",P1,storage,synthetic_master
"PostgreSQL WAL Storage Exhausted The PostgreSQL WAL data volume experienced an ENOSPC error, halting all payment transactions. This impacted 50 million daily transactions and caused a $10k/minute revenue loss. Insufficient storage space on the PostgreSQL data volume /dev/xvda1, leading to the ENOSPC error.",P1,storage,synthetic_master
"EBS Volume Failure Disrupts Payment Processing An EBS volume failure caused a complete outage of payment processing, resulting in S3 SlowDown throttling of the transaction-logs bucket, affecting all transactions. Insufficient EBS volume capacity and S3 SlowDown throttling due to excessive transaction logs.",P1,storage,synthetic_master
"EBS Volume Stuck, S3 Logs Outage The EBS volume attached to our S3 transaction logs storage suffered a critical failure, getting stuck in a detaching state. This impacted all payment transactions by halting log storage, leading to a complete outage. The EBS volume experienced a network connectivity issue, causing it to become unresponsive and stuck in a detaching state, disrupting the S3 transaction logs.",P1,storage,synthetic_master
"Kafka Log Storage Failure Due to Kafka log retention policies not being updated, the storage disk became full, halting all payment processing and causing significant revenue loss. Kafka log retention policies were not updated to accommodate the current transaction volume, leading to disk full conditions.",P1,storage,synthetic_master
"PostgreSQL Checkpoint Failure PostgreSQL WAL checkpointing failed, causing a 45-minute delay in transaction processing. This impacted all payment transactions, halting revenue generation. Insufficient disk I/O capacity and delayed checkpointing due to high transaction volume on PostgreSQL.",P1,storage,synthetic_master
"EBS Volume Full, Causing PostgreSQL Outage The PostgreSQL data volume on the EBS volume reached ENOSPC, halting all payment processing and affecting 50 million daily transactions. The PostgreSQL data volume on the EBS volume was not properly monitored, leading to an out-of-space condition (ENOSPC) that halted critical services.",P1,storage,synthetic_master
"S3 SlowDown on Transaction Logs The transaction logs storage in S3 experienced a SlowDown throttling, halting payment processing for 60 minutes. This impacted all payment transactions, leading to a revenue loss of $10k per minute. Insufficient S3 request rate limits under high transaction load, exacerbated by AWS EKS auto-scaling.",P1,storage,synthetic_master
"EBS Volume Detach Stuck - Kafka Outage The Kafka log storage experienced an outage due to an EBS volume stuck in a detaching state, halting all payment processing. This affected 50 million daily transactions, resulting in a $10k/minute revenue impact. An EBS volume used for Kafka storage was stuck in a detaching state, leading to a complete outage.",P1,storage,synthetic_master
"PostgreSQL WAL Storage Failure A disk full error in Kafka log retention led to the PostgreSQL Write-Ahead Log (WAL) storage failure, halting all payment processing for 60 minutes. Kafka log retention settings were not properly configured, leading to insufficient disk space and triggering a disk full error.",P1,storage,synthetic_master
"EBS Volume Failure Halts Payment Processing An EBS volume failure led to a complete outage, causing all payment processing to halt. The PostgreSQL checkpoint took 45 minutes, significantly impacting operations. A misconfiguration in the EBS volume led to an extended checkpoint duration, causing the storage volume to fail and halt all payment transactions.",P1,storage,synthetic_master
"S3 Transaction Logs Outage - ENOSPC on PostgreSQL Data Volume A complete outage of S3 transaction logs occurred due to an ENOSPC error on the PostgreSQL data volume, halting all payment processing and resulting in significant revenue loss. Insufficient disk space on the /dev/xvda1 volume hosting the PostgreSQL data, leading to ENOSPC errors and subsequent data unavailability.",P1,storage,synthetic_master
"Kafka Log Storage Outage Due to S3 SlowDown The Kafka log storage service experienced a complete outage due to S3 SlowDown throttling the transaction-logs bucket, halting all payment transactions for 60 minutes. The transaction-logs bucket in S3 was throttled due to excessive SlowDown requests, impacting Kafka's ability to write logs.",P1,storage,synthetic_master
"PostgreSQL WAL EBS Volume Stuck PostgreSQL write-ahead log (WAL) EBS volume became stuck in detaching state, halting all payment processing transactions for 60 minutes. EBS volume detachment process failed due to network issues between AWS EKS and S3, causing WAL logs to be inaccessible.",P1,storage,synthetic_master
"EBS Volume Full Due to Kafka Logs An EBS volume failure due to Kafka log retention caused a complete outage, halting all payment transactions. Error: Kafka log retention led to disk full. Kafka log retention settings were not adjusted for the high transaction volume, leading to disk full on the EBS volume.",P1,storage,synthetic_master
"S3 Transaction Logs Outage PostgreSQL checkpoint delays led to S3 transaction logs unavailability, halting payment processing and causing revenue loss of $10k/minute. PostgreSQL checkpoint taking 45 minutes due to a large transaction volume and insufficient tuning.",P1,storage,synthetic_master
"Kafka Storage Exhaustion Halted Transactions Due to an ENOSPC error on the PostgreSQL data volume, Kafka log storage ran out of space, halting all payment processing and causing a complete outage. Insufficient disk space on the /dev/xvda1 volume, leading to ENOSPC errors on the PostgreSQL data volume, which impacted Kafka log storage.",P1,storage,synthetic_master
"PostgreSQL WAL Failure Due to S3 SlowDown PostgreSQL write-ahead log (WAL) service outage caused by S3 SlowDown throttling transaction-logs bucket, halting payment processing and affecting 50 million transactions per day. S3 SlowDown throttling the transaction-logs bucket, leading to write failures in PostgreSQL.",P1,storage,synthetic_master
"EBS Volume Stuck in Detaching State An EBS volume used for transaction processing was stuck in detaching state, causing a complete outage of payment processing and impacting revenue at $10k/minute. A misconfigured CloudFormation stack led to an EBS volume not detaching properly during a scheduled maintenance window.",P1,storage,synthetic_master
"S3 Transaction Logs Disk Full Outage Kafka log retention misconfiguration led to S3 transaction logs filling up, halting all payment processing for 60 minutes, impacting 50 million transactions daily. Kafka log retention setting was set too aggressively, causing frequent S3 log uploads and filling the storage volume.",P1,storage,synthetic_master
"Kafka Outage Due to PostgreSQL Checkpoint PostgreSQL checkpoint delay caused Kafka log storage issues, halting payment processing and impacting 50 million transactions per day. PostgreSQL checkpoint taking 45 minutes during a maintenance window, overwhelming the Kafka system.",P1,storage,synthetic_master
"PostgreSQL WAL Disk Full, Payment Processing Halted The PostgreSQL WAL data volume experienced an ENOSPC error, leading to a complete outage of payment processing. This affected all transactions, resulting in a revenue impact of $10k per minute. Insufficient disk space on the PostgreSQL data volume due to excessive log accumulation without proper rotation or cleanup.",P1,storage,synthetic_master
"EBS Volume Failure Halts Payment Processing An EBS volume failure caused a complete outage of payment processing, leading to significant revenue loss. The S3 SlowDown throttling transaction-logs bucket error was detected, impacting all transactions. Insufficient EBS volume capacity and misconfigured S3 SlowDown settings led to a complete outage.",P1,storage,synthetic_master
"EBS Volume Stuck, S3 Logs Down An EBS volume attached to our transaction processing S3 logs was found stuck in detaching state, causing S3 transaction logs to be inaccessible and halting payment processing. This impacted 50 million transactions per day. The EBS volume was improperly terminated by a misconfigured script, leading to its state being stuck in detaching.",P1,storage,synthetic_master
"Kafka Disk Full Causes Outage Kafka log storage experienced a disk full error, halting payment processing and impacting 50 million daily transactions. Revenue loss was estimated at $10k per minute. Insufficient disk space due to Kafka log retention settings not being properly managed.",P1,storage,synthetic_master
"PostgreSQL Checkpoint Failure A PostgreSQL WAL checkpoint took 45 minutes, causing a complete outage of payment processing and resulting in significant revenue loss. Insufficient disk I/O capacity and misconfigured checkpoint settings in the FinTechFlow PostgreSQL cluster.",P1,storage,synthetic_master
"EBS Volume Full, PostgreSQL Data Volume ENOSPC FinTechFlow experienced a complete outage due to an ENOSPC error on the PostgreSQL data volume of the EBS volume, halting all payment transactions. This impacted our 50 million daily transactions and led to a $10k/minute revenue impact. Insufficient disk space on the PostgreSQL data volume due to unmonitored growth in data storage.",P1,storage,synthetic_master
"S3 SlowDown Throttles Transaction Logs The S3 transaction logs bucket experienced a SlowDown throttling error, halting payment processing for 1 hour. This impacted all payment transactions, causing a significant revenue loss. Excessive write traffic to the S3 transaction-logs bucket triggered AWS S3 SlowDown throttling.",P1,storage,synthetic_master
"Kafka EBS Volume Detached Kafka log storage experienced an outage due to an EBS volume stuck in detaching state, halting all payment processing. This affected 50 million transactions per day, causing a revenue impact of $10k per minute. EBS volume stuck in detaching state leading to Kafka unavailability in production.",P1,storage,synthetic_master
"PostgreSQL WAL Disk Full PostgreSQL Write-Ahead Log (WAL) storage failure halted payment processing. Error indicated Kafka log retention caused disk space exhaustion. Kafka log retention settings did not account for WAL volume, leading to disk full.",P1,storage,synthetic_master
"EBS Volume Failure Halts Payments PostgreSQL checkpoint failure on an EBS volume led to a 45-minute outage, halting all payment processing and resulting in a $10k/minute revenue impact. PostgreSQL checkpoint taking 45 minutes due to excessive disk I/O on an EBS volume, causing a timeout and subsequent failure.",P1,storage,synthetic_master
"S3 Transaction Logs Outage Due to ENOSPC A critical ENOSPC error on the PostgreSQL data volume (/dev/xvda1) caused S3 transaction logs to be unavailable, halting all payment processing and resulting in significant revenue loss. Insufficient disk space on the PostgreSQL data volume, leading to ENOSPC errors and the unavailability of S3 transaction logs.",P1,storage,synthetic_master
"S3 SlowDown on Transaction-Logs Bucket Kafka log storage experienced an outage due to S3 SlowDown throttling, impacting all payment transactions. S3 SlowDown throttling on the transaction-logs bucket caused data write failures, affecting Kafka log storage.",P1,storage,synthetic_master
"PostgreSQL WAL EBS Volume Detached The PostgreSQL Write-Ahead Log (WAL) service experienced a complete outage due to an EBS volume stuck in detaching state, halting all payment processing transactions. An EBS volume attached to the PostgreSQL database instance became stuck in the detaching state, leading to a loss of WAL data and a complete outage.",P1,storage,synthetic_master
"EBS Volume Failure Disrupts Payment Processing An EBS volume failure caused by Kafka log retention leading to disk full impacted payment processing, halting all transactions for 60 minutes. Kafka log retention settings overflowed the EBS volume, leading to a full disk error.",P1,storage,synthetic_master
"S3 Transaction Logs Outage PostgreSQL checkpoint delays caused an S3 transaction logs outage, halting all payment processing. Errors indicated PostgreSQL checkpoints were taking 45 minutes to complete. PostgreSQL checkpoint delays due to insufficient resources and inefficient query workloads in the FinTechFlow stack.",P1,storage,synthetic_master
"Kafka Storage Exhaustion Outage Due to an ENOSPC error on the PostgreSQL data volume (/dev/xvda1), Kafka log storage was exhausted, causing a complete outage of payment processing. This impacted all 50 million daily transactions. Insufficient disk space on the PostgreSQL data volume due to excessive log storage accumulation.",P1,storage,synthetic_master
"PostgreSQL WAL Storage Failure A S3 SlowDown throttling error in the transaction-logs bucket caused the PostgreSQL Write-Ahead Log to fail, halting all payment processing for 60 minutes. Insufficient S3 write throughput capacity in the transaction-logs bucket, leading to throttling errors.",P1,storage,synthetic_master
"EBS Volume Stuck in Detaching State An EBS volume attached to a critical payment processing service became stuck in a detaching state, halting all payment transactions for 1 hour and resulting in significant revenue loss. A misconfigured AWS EBS volume detachment process triggered a timeout, causing the volume to become unresponsive and hang in the detaching state.",P1,storage,synthetic_master
"S3 Logs Full Due to Kafka Retention Kafka log retention settings triggered an S3 storage overflow, halting all payment processing. This affected 50 million daily transactions. Kafka log retention settings exceeded S3 storage capacity, leading to a full disk condition.",P1,storage,synthetic_master
"Kafka Log Storage Failure Kafka log storage experienced a critical failure, causing a 45-minute PostgreSQL checkpoint, halting all payment processing and resulting in significant revenue loss. PostgreSQL checkpoint taking 45 minutes due to excessive transaction volume and insufficient optimization.",P1,storage,synthetic_master
"PostgreSQL WAL Storage Failure A storage issue caused by ENOSPC on /dev/xvda1 led to the PostgreSQL WAL volume filling up, halting all payment processing transactions. Insufficient disk space on the PostgreSQL data volume due to excessive write activity and lack of monitoring.",P1,storage,synthetic_master
"EBS Volume Failure Disrupts Payment Processing An EBS volume failure in the transaction-logs bucket caused S3 SlowDown throttling, halting payment processing for 60 minutes and resulting in a $10k/minute revenue impact. Insufficient EBS volume capacity leading to throttling during high transaction volumes.",P1,storage,synthetic_master
"EBS Volume Stuck, Halted Transactions An EBS volume attached to the S3 transaction logs in the production environment became stuck in detaching state, halting all payment processing and causing significant revenue loss. The EBS volume was undergoing maintenance and was improperly detached, leading to a stuck state that interrupted the S3 transaction logs.",P1,storage,synthetic_master
"Kafka Disk Full Halted Payment Processing Kafka log retention settings caused disk full, leading to complete outage of payment processing. All transactions were halted, impacting revenue by $10k/minute. Incorrect Kafka log retention settings overwhelmed storage capacity, triggering disk full on the Kafka cluster.",P1,storage,synthetic_master
"PostgreSQL WAL Checkpoint Failure PostgreSQL's Write-Ahead Log (WAL) encountered a critical issue, with checkpoints taking 45 minutes, halting all payment transactions. This outage affected 50 million daily transactions, resulting in a $10k/minute revenue impact. Insufficient resources and misconfigured checkpoint settings in the PostgreSQL cluster, leading to prolonged checkpoint times.",P1,storage,synthetic_master
"PostgreSQL EBS Volume Full - Critical Payment Processing Outage An ENOSPC error occurred on the PostgreSQL data volume (/dev/xvda1) on our EBS volume, causing a complete outage of payment processing and halting all transactions. This affected the critical financial operations of FinTechFlow. Insufficient storage space on the PostgreSQL data volume due to unmanaged growth of transaction logs and backups.",P1,storage,synthetic_master
"S3 SlowDown on Transaction Logs FinTechFlow experienced a complete outage due to S3 SlowDown throttling the transaction-logs bucket, halting payment processing and causing significant revenue loss. An S3 SlowDown event triggered throttling on the transaction-logs bucket, overwhelming the storage capacity and disrupting payment processing.",P1,storage,synthetic_master
"Kafka EBS Volume Stuck, Payment Processing Halted An EBS volume attached to our Kafka cluster became stuck in a detaching state, causing a complete outage of our Kafka log storage service. This impacted all payment transactions, leading to a significant financial impact. An EBS volume failure and misconfiguration during the detachment process caused the Kafka service to go down.",P1,storage,synthetic_master
"PostgreSQL WAL Storage Exhaustion PostgreSQL Write-Ahead Log (WAL) storage failed due to Kafka log retention settings, causing a complete outage of payment processing. All transactions were halted, impacting revenue by $10k/minute. Kafka log retention settings were not properly configured, leading to excessive WAL file accumulation and storage exhaustion.",P1,storage,synthetic_master
"EBS Volume Failure Halted Payment Processing A critical EBS volume failure caused PostgreSQL checkpoint operations to take 45 minutes, halting payment processing and impacting 50 million daily transactions. Insufficient EBS volume performance and lack of proper scaling mechanisms in the PostgreSQL setup.",P1,storage,synthetic_master
"S3 Transaction Logs Outage Due to ENOSPC An ENOSPC error occurred on the PostgreSQL data volume, causing S3 transaction logs to become unavailable. This impacted all payment processing transactions, halting revenue generation. Insufficient disk space on the PostgreSQL data volume /dev/xvda1 led to the ENOSPC error, preventing S3 transaction logs from being stored.",P1,storage,synthetic_master
"Kafka Log Storage Failure On June 15, 2023, Kafka log storage experienced a complete outage due to S3 SlowDown throttling on the transaction-logs bucket, halting all payment processing. The S3 SlowDown throttling was triggered by excessive write requests to the transaction-logs bucket, overwhelming the storage system.",P1,storage,synthetic_master
"PostgreSQL WAL Storage Failure A critical storage failure caused by an EBS volume stuck in detaching state led to a complete outage of the PostgreSQL WAL service, halting all payment processing and resulting in significant revenue loss. The EBS volume attached to the PostgreSQL instance was stuck in a detaching state, leading to a complete loss of write-ahead logs and subsequent failure of the database service.",P1,storage,synthetic_master
"EBS Volume Outage Causing Transaction Halt An EBS volume failure led to a disk full error in Kafka, halting all payment processing and resulting in significant revenue loss. Kafka log retention settings were not properly configured, leading to excessive disk usage and subsequent volume failure.",P1,storage,synthetic_master
"S3 Transaction Logs Outage PostgreSQL checkpoint delays caused an S3 transaction logs outage, halting all payment processing. Over 50 million transactions were affected, resulting in a $10k/minute revenue impact. PostgreSQL checkpoint delays due to excessive write traffic overwhelmed the system, leading to S3 transaction log unavailability.",P1,storage,synthetic_master
"Kafka Storage Failure Disrupts Payment Processing A disk full error (ENOSPC on /dev/xvda1) on the PostgreSQL data volume caused the Kafka log storage to fail, halting payment processing for 60 minutes. Insufficient disk space on the PostgreSQL data volume led to ENOSPC errors, impacting Kafka log storage.",P1,storage,synthetic_master
"PostgreSQL WAL Service Interrupted PostgreSQL Write-Ahead Log (WAL) service experienced an outage due to S3 SlowDown throttling on the transaction-logs bucket, halting payment processing for 60 minutes. S3 SlowDown throttling on the transaction-logs bucket led to delayed WAL writes, causing the PostgreSQL service to fail.",P1,storage,synthetic_master
"EBS Volume Detached, Halted Payments An EBS volume in our production environment became stuck in a detaching state, causing a complete outage in payment processing. This impacted all transactions, resulting in significant revenue loss. A misconfiguration in the Kubernetes deployment caused the EBS volume attachment to fail, leading to it getting stuck in a detaching state.",P1,storage,synthetic_master
"S3 Transaction Logs Outage Payment processing was halted due to S3 transaction logs storage failure, caused by Kafka log retention filling up disk space. Kafka log retention settings misconfigured, leading to disk full on the S3 storage volume.",P1,storage,synthetic_master
"Kafka Log Storage Failure Kafka log storage failure caused a complete outage, halting all payment processing. PostgreSQL checkpoint issues led to a 45-minute recovery time, impacting revenue by $10k per minute. PostgreSQL checkpoint process taking 45 minutes, causing a delay in recovery and impacting Kafka log storage.",P1,storage,synthetic_master
"PostgreSQL Data Volume Full, Halted Transactions A critical storage issue occurred in the PostgreSQL WAL data volume, displaying the error ENOSPC on /dev/xvda1. This affected all payment processing transactions, causing a complete outage. Insufficient disk space on the PostgreSQL data volume due to a sudden increase in transaction logs.",P1,storage,synthetic_master
"EBS Volume Failure Halts Payment Processing An EBS volume failure caused a SlowDown error in the transaction-logs bucket, leading to a complete outage of payment processing. Over 50 million transactions per day were impacted, resulting in a $10k/minute revenue loss. The EBS volume failure led to an S3 SlowDown throttling error, impacting the transaction-logs bucket critical for transaction processing.",P1,storage,synthetic_master
"EBS Volume Stuck in Detaching State An EBS volume attached to our S3 transaction logs storage in the production environment became stuck in detaching state, causing S3 access issues and halting payment transactions. The error 'EBS volume stuck in detaching state' appeared, impacting all payment processing. The issue was caused by a misconfigured EBS volume detachment process triggered by a scheduled task, leading to the volume becoming stuck in the detaching state.",P1,storage,synthetic_master
"Kafka Log Storage Disk Full Kafka log retention policy misconfiguration caused disk full, halting payment processing for 60 minutes. Over 10,000 transactions were impacted, resulting in a revenue loss of $600,000. Misconfigured Kafka log retention settings led to excessive log accumulation, triggering disk full on the EKS node.",P1,storage,synthetic_master
"PostgreSQL WAL Checkpoint Failure A PostgreSQL checkpoint took 45 minutes, halting payment processing and causing a complete outage. All transactions were affected, leading to significant revenue loss. Insufficient disk I/O capacity and excessive write load on the PostgreSQL database, specific to FinTechFlow's high transaction volume.",P1,storage,synthetic_master
"EBS Volume Full Causing PostgreSQL Errors The EBS volume for the PostgreSQL data on the production environment hit the ENOSPC error, leading to transaction failures and increasing customer complaints. Insufficient disk space on the EBS volume hosting the PostgreSQL data due to high transaction volume and insufficient monitoring.",P2,storage,synthetic_master
"S3 SlowDown on Transaction Logs The S3 transaction logs bucket experienced a SlowDown throttling, impacting transaction processing and causing delays in payment transactions. The SlowDown throttling was triggered due to excessive write requests to the S3 transaction-logs bucket.",P2,storage,synthetic_master
"EBS Volume Stuck Causing Kafka Outages The Kafka log storage experienced significant degradation due to an EBS volume stuck in a detaching state, leading to some payment transactions failing and increasing customer complaints. The EBS volume issue was caused by a misconfiguration during an automated backup process, leading to the volume being left in a detaching state.",P2,storage,synthetic_master
"PostgreSQL WAL Disk Full PostgreSQL Write-Ahead Log (WAL) disk space was full due to Kafka log retention policies, leading to transaction failures and customer complaints. Kafka log retention policies were not properly configured, leading to excessive WAL generation and consumption, causing disk full on PostgreSQL.",P2,storage,synthetic_master
"EBS Volume Performance Degradation PostgreSQL checkpoint processes took 45 minutes, causing significant performance degradation and some transaction failures in the production environment. Insufficient IOPS and throughput on the EBS volume, leading to prolonged PostgreSQL checkpoint times.",P2,storage,synthetic_master
"S3 Logs Storage Full: ENOSPC on PostgreSQL Volume The PostgreSQL data volume (/dev/xvda1) on the S3 transaction logs service experienced a full disk error (ENOSPC), leading to some transaction logs failing to be written. This impacted payment transactions, causing delays and complaints from customers. Insufficient disk space on the PostgreSQL data volume (/dev/xvda1) due to accumulation of transaction logs.",P2,storage,synthetic_master
"Kafka Log Storage Degradation Due to S3 SlowDown throttling on the transaction-logs bucket, Kafka log storage experienced significant degradation, leading to some transaction failures and rising customer complaints. The S3 SlowDown throttling was triggered by excessive write operations to the transaction-logs bucket, impacting Kafka log storage performance.",P2,storage,synthetic_master
"EBS Volume Stuck, PostgreSQL WAL Degraded A critical EBS volume became stuck in a detaching state, causing degradation in PostgreSQL WAL replication and failing some payment transactions. This impacted a significant portion of our daily 50 million transactions. An unhandled AWS EBS event caused the volume to become stuck, disrupting the PostgreSQL WAL replication process.",P2,storage,synthetic_master
"EBS Volume Full Due to Kafka Log Retention The EBS volume experienced a full state, caused by excessive Kafka log retention, leading to some payment transactions failing and customer complaints increasing. Kafka log retention settings were not configured to trigger alerts or cleanup on the EBS volume, leading to it filling up.",P2,storage,synthetic_master
"S3 Transaction Logs Degradation PostgreSQL checkpoint took 45 minutes, causing delays in S3 transaction logs, affecting 50 million daily transactions and leading to customer complaints. Insufficient database resources leading to long-running checkpoints, impacting S3 log ingestion.",P2,storage,synthetic_master
"Kafka Log Storage Out of Space Kafka log storage experienced a storage full error (ENOSPC on /dev/xvda1 PostgreSQL data volume), leading to transaction failures and customer complaints. The PostgreSQL data volume was affected, impacting payment transactions. Insufficient disk space on the PostgreSQL data volume, causing ENOSPC errors and subsequent issues with Kafka log storage.",P2,storage,synthetic_master
"PostgreSQL WAL Failure - S3 SlowDown Throttling PostgreSQL Write-Ahead Log (WAL) processing degraded significantly due to S3 SlowDown throttling in the transaction-logs bucket, impacting payment transactions and leading to customer complaints. S3 SlowDown throttling caused rate limiting on the transaction-logs bucket, overwhelming the PostgreSQL WAL processing.",P2,storage,synthetic_master
"EBS Volume Stuck Detaching An EBS volume attached to a PostgreSQL database instance in the payments microservice became stuck in a detaching state, causing significant performance degradation and some transaction failures. Affected transactions include B2B payment processing. The EBS volume became unresponsive, leading to a stuck detaching state, which impacted the PostgreSQL database service.",P2,storage,synthetic_master
"Kafka Log Retention Overflowed S3 Logs Due to Kafka log retention settings, the S3 transaction logs filled up, causing some transactions to fail and increasing customer complaints. Inadequate Kafka log retention configuration led to excessive log data being stored in S3, triggering disk full events.",P2,storage,synthetic_master
"Kafka Log Storage Degradation Kafka log storage experienced significant performance issues, with PostgreSQL checkpoint operations taking 45 minutes. This impacted 50 million daily transactions, leading to customer complaints. PostgreSQL checkpoint operations taking 45 minutes caused delays in Kafka log storage, affecting transaction processing.",P2,storage,synthetic_master
"PostgreSQL WAL Storage Full - ENOSPC on /dev/xvda1 The PostgreSQL Write-Ahead Log (WAL) data volume reached full capacity, causing ENOSPC errors. This impacted transactional integrity and led to some payment transactions failing, resulting in customer complaints. The PostgreSQL data volume /dev/xvda1 reached full capacity due to insufficient disk space and high transactional activity.",P2,storage,synthetic_master
"EBS Volume Failure Slows Transaction Logs An EBS volume issue caused S3 SlowDown throttling on the transaction-logs bucket, leading to delays and some transaction failures. This impacted payment processing for a significant number of users. Insufficient EBS volume capacity and misconfigured auto-scaling settings triggered S3 SlowDown throttling.",P2,storage,synthetic_master
"EBS Volume Stuck Detaching Impacting S3 Logs An EBS volume attached to a Kubernetes node in the EKS cluster became stuck in a detaching state, causing delays in S3 transaction logs and resulting in some payment transactions failing. Customer complaints began to rise as a consequence. The EBS volume was left in a detaching state due to a Kubernetes node failure, which triggered an unclean shutdown and left the volume in a stuck state.",P2,storage,synthetic_master
"Kafka Disk Full Due to Log Retention Kafka log storage experienced a disk full issue due to log retention settings, causing some payment transactions to fail and leading to customer complaints. Improper Kafka log retention configuration led to excessive log accumulation, causing disk space to fill up.",P2,storage,synthetic_master
"PostgreSQL Checkpoint Blockage A PostgreSQL checkpoint took 45 minutes, significantly degrading performance and causing some payment transactions to fail. This impacted the payment processing pipeline, leading to customer complaints. A large transaction log file in PostgreSQL caused the checkpoint to take an extended period, leading to performance degradation.",P2,storage,synthetic_master
"EBS Volume Full Causing ENOSPC Errors The PostgreSQL data volume on the EBS volume reached its storage limit, causing ENOSPC errors and leading to some payment transactions failing. Customer complaints regarding payment issues increased significantly. The EBS volume associated with the PostgreSQL data storage reached its capacity limit due to growing transactional data and lack of timely resizing.",P2,storage,synthetic_master
"S3 SlowDown on Transaction Logs S3 SlowDown error appeared in the transaction-logs bucket, causing significant degradation in transaction processing and customer complaints. High write traffic to the S3 transaction-logs bucket exceeded the configured throttling limits.",P2,storage,synthetic_master
"Kafka Storage Failure Disrupts Transaction Processing An EBS volume attached to our Kafka cluster became stuck in a detaching state, causing significant degradation in Kafka log storage. This impacted 50 million daily transactions, leading to customer complaints. An EBS volume stuck in a detaching state due to a misconfigured AWS CloudFormation template.",P2,storage,synthetic_master
"PostgreSQL WAL Disk Full PostgreSQL Write-Ahead Log (WAL) storage issues caused significant degradation in transaction processing, leading to some transactions failing and customer complaints increasing. The error was due to Kafka log retention policies causing disk full. Kafka log retention policies setting retention to a very low value led to excessive log data being generated, which in turn filled up the PostgreSQL WAL storage.",P2,storage,synthetic_master
"EBS Volume Performance Impacting Transactions PostgreSQL checkpoint processes on the EBS volume were taking 45 minutes, leading to significant degradation in transaction processing and customer complaints. High I/O contention on the EBS volume due to excessive checkpointing, causing performance bottlenecks.",P2,storage,synthetic_master
"S3 Transaction Logs Storage Full PostgreSQL data volume experienced ENOSPC error, leading to S3 transaction logs storage issues and some payment transactions failing. Customer complaints began to rise. Insufficient disk space on the PostgreSQL data volume /dev/xvda1 due to unexpected growth in transaction logs.",P2,storage,synthetic_master
"Kafka Log Storage Performance Degradation Kafka log storage experienced significant performance degradation, with S3 SlowDown throttling the transaction-logs bucket, leading to failed transactions and increased customer complaints. The S3 SlowDown throttling was triggered by excessive write requests, overwhelming the transaction-logs bucket's capacity.",P2,storage,synthetic_master
"EBS Volume Detach Issue Disrupts PostgreSQL WAL A critical EBS volume in our PostgreSQL WAL system became stuck in a detaching state, causing significant degradation in transaction processing and resulting in some transactions failing. Customer complaints regarding payment issues increased. The EBS volume was likely stuck due to a misconfiguration in the Kubernetes pod managing the PostgreSQL instance.",P2,storage,synthetic_master
"EBS Volume Full Due to Kafka Log Retention An EBS volume in the production environment experienced a disk full condition due to excessive Kafka log retention. This impacted payment transactions, leading to some failures and increasing customer complaints. The Kafka log retention policy was not properly configured, leading to excessive log accumulation and disk space exhaustion.",P2,storage,synthetic_master
"S3 Transaction Logs Degradation PostgreSQL checkpoint delays caused significant delays in S3 transaction log uploads, impacting 10% of daily transactions and leading to customer complaints. PostgreSQL checkpoint delays due to increased transaction load and insufficient resources.",P2,storage,synthetic_master
"Kafka Log Storage Degradation Due to ENOSPC Kafka log storage experienced significant degradation, with the error ENOSPC appearing on the PostgreSQL data volume. This impacted payment transactions, leading to some failures and increasing customer complaints. Insufficient disk space on the PostgreSQL data volume caused ENOSPC errors, impacting Kafka log storage.",P2,storage,synthetic_master
"PostgreSQL WAL S3 SlowDown Throttling The PostgreSQL Write-Ahead Log (WAL) service experienced significant degradation due to S3 SlowDown throttling on the transaction-logs bucket, impacting 50 million daily transactions and leading to customer complaints. S3 SlowDown throttling occurred due to excessive write requests to the transaction-logs bucket, overwhelming the AWS EKS storage resources.",P2,storage,synthetic_master
"EBS Volume Stuck in Detaching State An EBS volume used for transaction processing became stuck in a detaching state, causing significant degradation of payment transactions and rising customer complaints. A misconfiguration in Kubernetes led to the volume being improperly detached from the EC2 instance.",P2,storage,synthetic_master
"S3 Transaction Logs Disk Full Kafka log retention settings caused disk space exhaustion in S3 transaction logs, leading to some payment transactions failing and increasing customer complaints. Incorrect Kafka log retention configuration led to excessive data accumulation in S3 buckets, causing disk full.",P2,storage,synthetic_master
"Kafka Log Storage Degradation Kafka log storage experienced significant performance issues, leading to delayed transaction processing and customer complaints. PostgreSQL checkpoint operations took 45 minutes, impacting transactional consistency. PostgreSQL checkpoint operations taking an unusually long time due to high transaction volume and lack of proper tuning.",P2,storage,synthetic_master
"PostgreSQL WAL Space Exhausted PostgreSQL WAL on the primary node experienced ENOSPC errors, leading to transaction failures and increased customer complaints. Insufficient disk space on the /dev/xvda1 volume hosting the PostgreSQL data directory.",P2,storage,synthetic_master
"EBS Volume Degradation Impacts Transaction Logs The EBS volume hosting transaction logs experienced degraded performance, resulting in S3 SlowDown throttling. This impacted our transaction log storage, leading to some payment transactions failing and customer complaints increasing. Insufficient EBS volume capacity and misconfigured auto-scaling triggered S3 SlowDown throttling during peak transaction times.",P2,storage,synthetic_master
"EBS Volume Stuck, S3 Logs Degraded An EBS volume attached to our transaction log S3 bucket became stuck in a detaching state, leading to significant degradation of S3 transaction logs and causing some payment transactions to fail. Customer complaints regarding transaction delays and errors increased. The EBS volume issue was due to a misconfiguration in the automation script managing the attachment and detachment of volumes during maintenance.",P2,storage,synthetic_master
"Kafka Log Storage Disk Full Kafka log retention policies caused disk space to fill up, leading to degraded log storage and some payment transactions failing. Affected services included those handling B2B payment processing. Improperly configured Kafka log retention policies leading to disk full on the Kafka cluster.",P2,storage,synthetic_master
"PostgreSQL Checkpoint Failure PostgreSQL Write-Ahead Log (WAL) checkpoint took 45 minutes, causing significant degradation in payment processing and customer complaints. A misconfigured checkpoint interval in the PostgreSQL database led to a long-running checkpoint process.",P2,storage,synthetic_master
"EBS Volume Full Causing ENOSPC Errors PostgreSQL data volume on the EBS volume reached full capacity, triggering ENOSPC errors. This affected payment processing transactions, leading to some transaction failures and increased customer complaints. Insufficient disk space on the PostgreSQL data volume due to unmonitored data growth.",P2,storage,synthetic_master
"S3 SlowDown on Transaction Logs The S3 transaction logs bucket experienced throttling due to excessive requests, causing delays in processing and leading to some payment transactions failing. Customer complaints increased as a result. The excessive number of requests to the S3 transaction-logs bucket triggered AWS S3 SlowDown throttling, overwhelming the bucket's processing capacity.",P2,storage,synthetic_master
"Kafka Storage Issue Disrupts Log Processing An EBS volume attached to Kafka nodes became stuck in detaching state, causing significant degradation in log storage and processing. This affected 50 million daily transactions, leading to customer complaints and service disruptions. The EBS volume issue was caused by a misconfiguration in the Kubernetes cluster, leading to the volume becoming stuck in detaching state.",P2,storage,synthetic_master
"PostgreSQL WAL Disk Full due to Kafka Logs PostgreSQL Write-Ahead Log (WAL) disk space was exhausted due to Kafka log retention policies. This affected transaction processing and led to some payment transactions failing and customer complaints increasing. Kafka log retention causing disk full, leading to WAL space exhaustion on PostgreSQL.",P2,storage,synthetic_master
"EBS Volume Performance Degradation PostgreSQL checkpoint operations on the EBS volume took 45 minutes, leading to significant performance degradation and some transaction failures. This affected payment processing in the production environment. Insufficient IOPS capacity on the EBS volume, leading to prolonged checkpoint operations during peak transaction times.",P2,storage,synthetic_master
"S3 Transaction Logs Storage Full Due to an ENOSPC error on the /dev/xvda1 PostgreSQL data volume, S3 transaction logs became unavailable, impacting payment processing and leading to customer complaints. Insufficient disk space on the PostgreSQL data volume led to ENOSPC errors, causing S3 transaction logs to fail.",P2,storage,synthetic_master
"Kafka S3 SlowDown Throttling Due to an S3 SlowDown throttling issue in the transaction-logs bucket, Kafka log storage experienced significant degradation, leading to some transaction failures and rising customer complaints. The S3 SlowDown throttling was triggered by excessive write operations to the transaction-logs bucket, overwhelming the storage capacity and causing degradation.",P2,storage,synthetic_master
"EBS Volume Stuck, PostgreSQL WAL Degraded PostgreSQL Write-Ahead Log (WAL) performance was severely impacted due to an EBS volume stuck in a detaching state, causing some payment transactions to fail and customer complaints to rise. An EBS volume attached to a PostgreSQL database node was stuck in a detaching state, leading to I/O bottlenecks and degraded performance.",P2,storage,synthetic_master
"EBS Volume Full Due to Kafka Log Retention The EBS volume failed due to Kafka log retention policies causing disk full, impacting payment transactions and leading to customer complaints. Inadequate Kafka log retention configuration led to excessive storage consumption on the EBS volume.",P2,storage,synthetic_master
"S3 Transaction Logs Degradation PostgreSQL checkpoint delays of 45 minutes caused storage issues, affecting S3 transaction logs and resulting in some transaction failures and rising customer complaints. PostgreSQL checkpoint delays led to a backlog in transaction log processing, impacting S3 storage.",P2,storage,synthetic_master
"Kafka Storage Overload - ENOSPC on /dev/xvda1 Due to unexpected growth in Kafka log storage, FinTechFlow experienced an ENOSPC error on the PostgreSQL data volume, leading to some payment transactions failing and rising customer complaints. Insufficient disk space on the PostgreSQL data volume due to unexpected growth in Kafka log storage.",P2,storage,synthetic_master
"PostgreSQL WAL S3 SlowDown PostgreSQL Write-Ahead Log (WAL) transactions failed due to S3 SlowDown throttling the transaction-logs bucket, affecting payment processing. S3 SlowDown throttling the transaction-logs bucket caused write delays, impacting PostgreSQL WAL operations.",P2,storage,synthetic_master
"EBS Volume Detach Failure in Production An EBS volume associated with the payment processing service was stuck in a detaching state, causing significant degradation in transaction processing and leading to customer complaints. The EBS volume was being detached during a routine maintenance task, but encountered an issue with the underlying AWS EKS node, causing it to hang in the detaching state.",P2,storage,synthetic_master
"S3 Transaction Logs Disk Full Kafka log retention caused disk full on S3 transaction logs, leading to degraded performance and some transaction failures. Affected payments were processed through the Java Spring Boot and Python FastAPI services. Kafka log retention settings exceeded the available storage on S3, triggering disk full conditions.",P2,storage,synthetic_master
"Kafka Log Storage Performance Degradation Kafka log storage experienced performance issues, with PostgreSQL checkpoint operations taking 45 minutes. This impacted payment transactions, leading to delays and customer complaints. PostgreSQL checkpoint operations were excessively long due to high transaction volume, overwhelming the database and affecting Kafka performance.",P2,storage,synthetic_master
"PostgreSQL WAL Space Exhausted The PostgreSQL WAL data volume experienced an ENOSPC error, leading to significant degradation in transaction processing and customer complaints. Insufficient disk space on the PostgreSQL data volume /dev/xvda1, causing ENOSPC errors.",P2,storage,synthetic_master
"EBS Volume Performance Degradation An EBS volume performance issue caused S3 SlowDown throttling on the transaction-logs bucket, leading to some payment transactions failing and customer complaints increasing. Insufficient EBS volume IOPS leading to S3 SlowDown throttling during high transaction loads.",P2,storage,synthetic_master
"EBS Volume Stuck in Detaching State An EBS volume attached to an S3 transaction logs instance was stuck in a detaching state, leading to temporary degradation of transaction logs and some failed transactions. This impacted payment processing in our B2B platform, resulting in customer complaints. The EBS volume was stuck in a detaching state due to a misconfigured AWS EKS node group in our Kubernetes cluster.",P2,storage,synthetic_master
"Kafka Log Storage Disk Full Kafka log storage experienced a disk full issue due to log retention settings, causing some payment transactions to fail and leading to increased customer complaints. Incorrect Kafka log retention configuration led to excessive log accumulation and disk full conditions.",P2,storage,synthetic_master
"PostgreSQL WAL Checkpoint Failure PostgreSQL Write-Ahead Log (WAL) encountered a checkpoint taking 45 minutes, leading to significant degradation in transaction processing and customer complaints. Insufficient disk I/O capacity and inadequate checkpoint settings in the production environment.",P2,storage,synthetic_master
"EBS Volume Overprovisioned, Causing ENOSPC Errors The EBS volume for PostgreSQL data experienced an ENOSPC error on /dev/xvda1, leading to significant degradation in payment transaction processing and increasing customer complaints. Insufficient storage capacity due to overprovisioning and high transaction volume on the PostgreSQL data volume.",P2,storage,synthetic_master
"S3 SlowDown on Transaction Logs Due to S3 SlowDown throttling, transaction logs in the S3 transaction-logs bucket experienced significant delays, leading to some payment transactions failing and increasing customer complaints. Insufficient S3 quota and misconfigured throttling policies in the FinTechFlow environment.",P2,storage,synthetic_master
"Kafka EBS Volume Detach Issue An EBS volume attached to a Kafka node in our EKS cluster became stuck in a detaching state, causing significant degradation in Kafka log storage and affecting some payment transactions. The EBS volume was being detached by a maintenance task but failed to complete due to a network issue.",P2,storage,synthetic_master
"PostgreSQL WAL Disk Full Due to Kafka Log Retention PostgreSQL Write-Ahead Log (WAL) storage issues caused by Kafka log retention settings led to significant degradation of payment processing, with some transactions failing and customer complaints increasing. Kafka log retention settings configured to retain data for an excessively long period, leading to excessive WAL generation and storage consumption.",P2,storage,synthetic_master
"EBS Volume Performance Degradation PostgreSQL checkpoint operations on the EBS volume took 45 minutes, causing significant degradation and some transaction failures, affecting payment processing. A PostgreSQL checkpoint taking 45 minutes on the EBS volume led to performance issues.",P2,storage,synthetic_master
"S3 Logs Disk Space Exhausted The PostgreSQL data volume experienced ENOSPC errors, leading to storage exhaustion and affecting S3 transaction logs. This impacted payment processing and generated customer complaints. Insufficient disk space on the PostgreSQL data volume due to unexpected growth in log data.",P2,storage,synthetic_master
"Kafka Log Storage Slowdown Kafka log storage experienced significant degradation due to S3 SlowDown throttling on the transaction-logs bucket, affecting payment transactions processing. The S3 SlowDown throttling was triggered by high write traffic to the transaction-logs bucket, impacting Kafka's performance.",P2,storage,synthetic_master
"PostgreSQL WAL EBS Volume Detached An EBS volume attached to the PostgreSQL WAL storage was stuck in a detaching state, causing significant degradation in transaction processing and customer complaints. The EBS volume was undergoing a manual resize operation that was interrupted, causing it to get stuck in a detaching state.",P2,storage,synthetic_master
"EBS Volume Overprovisioned Due to Kafka Logs An EBS volume reached its limit due to excessive Kafka log retention, leading to a disk full error and significant degradation in payment processing. Transactions through the B2B payment processing platform were impacted, resulting in increased customer complaints. Kafka log retention settings were not optimized, leading to excessive disk usage on the EBS volume in the production environment.",P2,storage,synthetic_master
"S3 Transaction Logs Degradation PostgreSQL checkpoint delays led to S3 transaction logs backlog, causing significant degradation in transaction processing and customer complaints. PostgreSQL checkpoint taking 45 minutes due to high transaction volume and insufficient resource allocation.",P2,storage,synthetic_master
"Kafka Storage Failure - ENOSPC Error The Kafka log storage experienced a storage full error (ENOSPC on /dev/xvda1 PostgreSQL data volume), leading to some payment transactions failing and increasing customer complaints. Insufficient disk space on the PostgreSQL data volume causing ENOSPC errors, impacting Kafka's ability to process and store payment logs.",P2,storage,synthetic_master
"PostgreSQL WAL S3 SlowDown Throttling PostgreSQL Write-Ahead Log (WAL) transactions failed due to S3 SlowDown throttling on the transaction-logs bucket, impacting payment processing. S3 SlowDown throttling on the transaction-logs bucket caused write operations to be rate-limited, leading to WAL transactions failing.",P2,storage,synthetic_master
"EBS Volume Stuck in Detaching State An EBS volume attached to a critical payment processing service became stuck in a detaching state, leading to significant degradation in service and a rise in customer complaints. A misconfigured automated snapshot process attempted to detach the volume while it was still in use, leading to the state issue.",P2,storage,synthetic_master
"S3 Transaction Logs Disk Full Kafka log retention caused disk full in S3 transaction logs, leading to significant degradation and some transaction failures. Affected payment transactions saw increased latency and downtime. Insufficient disk space due to Kafka log retention settings not being adjusted for S3 storage.",P2,storage,synthetic_master
"Kafka Log Storage Degradation Kafka log storage experienced significant performance issues, with PostgreSQL checkpoints taking 45 minutes. This affected 50 million daily transactions, leading to customer complaints. PostgreSQL checkpoints taking 45 minutes due to high write load and insufficient resources, impacting Kafka's ability to process transactions efficiently.",P2,storage,synthetic_master
"PostgreSQL WAL Storage Exhausted The PostgreSQL WAL data volume reached ENOSPC on /dev/xvda1, leading to significant degradation in transaction processing and some failing. This impacted a subset of payment transactions. Insufficient disk space on the PostgreSQL data volume, causing ENOSPC errors.",P2,storage,synthetic_master
"EBS Volume Throttling Payment Logs An EBS volume issue caused throttling in the transaction-logs bucket, resulting in some payment transactions failing and customer complaints increasing. Insufficient EBS volume capacity leading to S3 SlowDown throttling during high transaction periods.",P2,storage,synthetic_master
"EBS Volume Stuck in Detaching State The EBS volume attached to the S3 transaction logs S3 bucket became stuck in a detaching state, causing significant degradation in transaction logging and some payment transactions to fail. Customer complaints began to rise due to the increased error rate. A misconfigured CloudFormation stack caused the EBS volume to enter an unexpected state, leading to the failure of transaction logs.",P2,storage,synthetic_master
"Kafka Log Storage Disk Full Kafka log storage in our production environment experienced a disk full error due to log retention settings, leading to significant degradation in transaction processing and customer complaints. Improper Kafka log retention settings caused disk full, impacting transaction processing.",P2,storage,synthetic_master
"PostgreSQL Checkpoint Delayed PostgreSQL Write-Ahead Log (WAL) experienced a significant checkpoint delay, taking 45 minutes, affecting transaction processing and leading to customer complaints. Insufficient disk I/O resources and high transactional load leading to WAL checkpoint delays.",P2,storage,synthetic_master
"EBS Volume Full Causing ENOSPC Error PostgreSQL data volume on EBS reached full capacity, causing ENOSPC errors. Transactions related to user account management and billing were temporarily affected. Insufficient disk space on the PostgreSQL data volume due to unmonitored database growth.",P3,storage,synthetic_master
"S3 SlowDown on Transaction Logs A SlowDown throttling error appeared in the S3 transaction-logs bucket, affecting a small subset of payment transactions in production. Insufficient S3 throughput capacity due to unexpected surge in transaction volume.",P3,storage,synthetic_master
"Kafka Log Storage Issue An EBS volume used for Kafka log storage became stuck in a detaching state, affecting a small subset of payment transactions. The EBS volume was manually detached without properly terminating the associated EC2 instance, causing it to get stuck.",P3,storage,synthetic_master
"PostgreSQL WAL Disk Full Due to Kafka Log Retention PostgreSQL Write-Ahead Log (WAL) space was exhausted due to Kafka log retention policies, impacting a small subset of payment transactions in the production environment. Kafka log retention settings were not properly configured to clean up old logs, leading to disk space exhaustion.",P3,storage,synthetic_master
"PostgreSQL Checkpoint Delays on EBS Volume A PostgreSQL checkpoint on the EBS volume took 45 minutes, impacting 1% of payment transactions in the production environment. The checkpoint was triggered by a large transaction load, causing delays in the EBS volume.",P3,storage,synthetic_master
"S3 Transaction Logs Storage Issue An ENOSPC error on the PostgreSQL data volume (/dev/xvda1) affected S3 transaction logs, impacting a small subset of users. Insufficient disk space on the PostgreSQL data volume due to unexpected growth in transaction logs.",P3,storage,synthetic_master
"Kafka Log Storage Performance Hit Due to S3 SlowDown throttling on the transaction-logs bucket, some Kafka log storage operations were delayed, affecting a small subset of payment transactions. S3 SlowDown throttling transaction-logs bucket due to high traffic on the S3 bucket, causing delays in Kafka log storage.",P3,storage,synthetic_master
"PostgreSQL WAL EBS Volume Detached The PostgreSQL Write-Ahead Log (WAL) EBS volume was stuck in a detaching state, causing temporary service disruptions for a small subset of users. No revenue impact was observed. Improper EBS volume detachment process triggered an AWS event that left the volume in a stuck state.",P3,storage,synthetic_master
"EBS Volume Full Due to Kafka Log Retention An EBS volume in the production environment reached full capacity due to Kafka log retention policies. This affected a small subset of payment transactions, primarily those processed through the Kafka topic used for transactional data. Improperly configured Kafka log retention policies leading to excessive log accumulation on the EBS volume.",P3,storage,synthetic_master
"S3 Logs Temporarily Unavailable PostgreSQL checkpoint process took 45 minutes, causing S3 transaction logs to be temporarily unavailable for a subset of users. No payment transactions were directly impacted. The PostgreSQL checkpoint process was resource-intensive, leading to increased latency and affecting S3 transaction logs in the production environment.",P3,storage,synthetic_master
"Kafka Disk Space Exhausted Due to ENOSPC on /dev/xvda1 PostgreSQL data volume, Kafka log storage experienced a temporary outage, affecting a small subset of payment transactions. Insufficient disk space on the PostgreSQL data volume, leading to ENOSPC errors and subsequent Kafka log storage issues.",P3,storage,synthetic_master
"PostgreSQL WAL Slowdown due to S3 Throttling PostgreSQL Write-Ahead Log (WAL) transactions experienced slowdowns due to S3 SlowDown throttling in the transaction-logs bucket, impacting a small subset of payment transactions. The S3 bucket storing PostgreSQL WAL transactions reached its request rate limit, causing throttling and delays.",P3,storage,synthetic_master
"EBS Volume Stuck Detaching An EBS volume in our production environment became stuck in a detaching state, affecting a small subset of payment transactions. The issue was detected by Prometheus and alerted via PagerDuty. A misconfigured Kubernetes pod attempting to terminate an instance while the EBS volume was still attached.",P3,storage,synthetic_master
"Kafka Log Retention Caused Disk Full Kafka log retention settings led to disk full issues in S3 transaction logs, affecting a small subset of users during a 15-minute period. Misconfigured Kafka log retention policies caused excessive log accumulation in the S3 bucket, leading to disk full conditions.",P3,storage,synthetic_master
"PostgreSQL Checkpoint Delayed Transactions A PostgreSQL checkpoint took 45 minutes, causing a temporary delay in Kafka log storage. This impacted a small subset of transactions, with no significant revenue impact. A slow PostgreSQL checkpoint during a maintenance window overloaded the system resources, affecting Kafka log storage.",P3,storage,synthetic_master
"PostgreSQL WAL Disk Space Exhausted The PostgreSQL WAL data volume experienced an ENOSPC error, leading to temporary write failures for payment transactions. This affected a small subset of users during the incident. Insufficient disk space on the PostgreSQL data volume due to unexpected growth in transaction logs.",P3,storage,synthetic_master
"EBS Volume Throttling Transaction-Logs An EBS volume in the transaction-logs bucket experienced throttling due to S3 SlowDown, impacting a small subset of payment transactions. Insufficient EBS volume capacity and S3 SlowDown misconfiguration in the transaction-logs bucket.",P3,storage,synthetic_master
"EBS Volume Stuck in Detaching State An EBS volume attached to an S3 transaction logs instance got stuck in the detaching state, causing temporary disruptions to log storage. This issue affected a small subset of transactions. A misconfiguration in the EBS detachment process led to the volume getting stuck in the detaching state.",P3,storage,synthetic_master
"Kafka Log Storage Disk Full Kafka log retention caused disk full in production, impacting log storage. Affected users experienced minor delays in transaction processing. Insufficient disk space due to unoptimized Kafka log retention settings.",P3,storage,synthetic_master
"PostgreSQL Checkpoint Delayed A PostgreSQL checkpoint took 45 minutes, causing a temporary delay in transaction processing. The issue affected a small subset of users, primarily those making payments during the incident. Insufficient disk I/O capacity in the PostgreSQL cluster, leading to prolonged checkpoint times.",P3,storage,synthetic_master
"EBS Volume Full: ENOSPC on PostgreSQL Data Volume PostgreSQL data volume on an EBS volume experienced ENOSPC errors, impacting a small subset of payment transactions. Users reported delays and failed transactions. Insufficient disk space on the EBS volume hosting the PostgreSQL data, leading to ENOSPC errors.",P3,storage,synthetic_master
"S3 SlowDown on Transaction-Logs Bucket A S3 SlowDown throttling was detected in the transaction-logs bucket, impacting a small subset of users. This affected the processing of payment transactions. The S3 transaction-logs bucket experienced high write traffic, triggering the S3 SlowDown mechanism.",P3,storage,synthetic_master
"EBS Volume Stuck Detaching, Brief Disruption An EBS volume in our Kafka log storage system became stuck in a detaching state, briefly disrupting data writes. This affected a small subset of transactions, but no revenue impact was observed. A misconfiguration in the EBS volume detachment process triggered by an unexpected AWS event.",P3,storage,synthetic_master
"PostgreSQL WAL Disk Full Due to Kafka Log Retention PostgreSQL Write-Ahead Log (WAL) space was exhausted due to Kafka log retention causing excessive disk usage, impacting a small subset of payment transactions. Kafka log retention settings were not properly configured, leading to excessive disk usage and affecting PostgreSQL WAL.",P3,storage,synthetic_master
"PostgreSQL Checkpoint Delayed A PostgreSQL checkpoint took 45 minutes, causing a temporary EBS volume delay. This affected a small subset of transactions, primarily related to payment processing. Insufficient EBS volume IOPS leading to delayed PostgreSQL checkpoint.",P3,storage,synthetic_master
"S3 Transaction Logs Storage Issue An ENOSPC error occurred on the PostgreSQL data volume (/dev/xvda1), affecting S3 transaction logs. This issue impacted a small subset of users, though no revenue impact was observed. Insufficient disk space on the PostgreSQL data volume leading to ENOSPC errors.",P3,storage,synthetic_master
"S3 SlowDown on Transaction-Logs Bucket Due to S3 SlowDown throttling, the Kafka log storage experienced temporary latency, affecting a small subset of payment transactions in production. S3 SlowDown occurred due to excessive write operations on the transaction-logs bucket, overwhelming the S3 service limits.",P3,storage,synthetic_master
"PostgreSQL WAL EBS Volume Detachment Issue An EBS volume attached to our PostgreSQL database instance experienced a stuck detaching state, causing a temporary disruption in the Write-Ahead Log (WAL) service. This affected a small subset of payment transactions. Insufficient EBS volume detach/reattach capacity due to concurrent operations on the PostgreSQL instance.",P3,storage,synthetic_master
"EBS Volume Disk Full Due to Kafka Log Retention A storage issue arose due to Kafka log retention policies filling an EBS volume, impacting a small subset of payment transactions in the production environment. Misconfigured Kafka log retention policies leading to excessive log accumulation on the EBS volume.",P3,storage,synthetic_master
"PostgreSQL Checkpoint Delays Impact S3 Logs A PostgreSQL checkpoint process took 45 minutes, impacting the S3 transaction logs. This affected a small subset of user transactions. A long-running PostgreSQL checkpoint was triggered, causing delays in S3 log uploads.",P3,storage,synthetic_master
"Kafka Storage Space Exhausted Due to ENOSPC on /dev/xvda1 PostgreSQL data volume, Kafka log storage experienced a minor issue affecting a small subset of users, with no revenue impact. Insufficient disk space on the PostgreSQL data volume caused ENOSPC errors, impacting Kafka log storage.",P3,storage,synthetic_master
"PostgreSQL WAL S3 SlowDown Throttling PostgreSQL write-ahead logs experienced S3 SlowDown throttling, impacting transaction-logs bucket, affecting a small subset of payment transactions. Insufficient S3 bucket policies and rate limits for handling high transaction volumes, leading to throttling.",P3,storage,synthetic_master
"EBS Volume Stuck During Detach An EBS volume in our production environment became stuck in a detaching state, causing a brief disruption to transaction processing. No revenue impact was observed, but a small subset of payment transactions were delayed. The EBS volume was not properly terminated, causing it to remain in a detaching state.",P3,storage,synthetic_master
"Kafka Log Retention Caused Disk Full Due to an issue with Kafka log retention, the S3 transaction logs storage reached its limit, affecting a small subset of payment transactions. The Kafka log retention policy was not properly configured, leading to excessive log accumulation in the S3 storage.",P3,storage,synthetic_master
"Kafka Logs Disruption PostgreSQL checkpoint delays caused Kafka log storage issues, affecting a small subset of transaction logs. Users experienced brief delays in transaction confirmations. PostgreSQL checkpoint taking 45 minutes during peak transaction times.",P3,storage,synthetic_master
"PostgreSQL WAL Space Exhausted The PostgreSQL WAL data volume experienced ENOSPC errors, causing temporary disruptions in payment processing for a small subset of users. Insufficient disk space on the /dev/xvda1 volume hosting the PostgreSQL data.",P3,storage,synthetic_master
"EBS Volume Throttling Causes Transaction Delays Due to S3 SlowDown throttling on the transaction-logs bucket, a subset of payment transactions experienced delays. This issue affected approximately 1% of daily transactions. Insufficient EBS volume capacity and misconfiguration of S3 SlowDown settings in the Kubernetes cluster.",P3,storage,synthetic_master
"EBS Volume Stuck in Detaching State An EBS volume associated with S3 transaction logs became stuck in a detaching state, affecting a small subset of payment transactions. No revenue impact was observed. A misconfigured Auto Scaling group triggered a detach operation that failed to complete, causing the EBS volume to become stuck.",P3,storage,synthetic_master
"Kafka Log Retention Error Caused Disk Full Kafka log retention settings led to disk space exhaustion, impacting log storage for a brief period. This affected a small subset of payment transactions. Improper configuration of Kafka log retention policies resulted in excessive log accumulation, triggering disk full warnings.",P3,storage,synthetic_master
"PostgreSQL Checkpoint Delayed A PostgreSQL checkpoint process took 45 minutes, affecting a small subset of payment transactions in the production environment. The error appeared as a significant delay in the Write-Ahead Log (WAL) checkpoint, impacting around 1% of transactions. The checkpoint delay was caused by a high volume of transactions and insufficient resources allocated to the PostgreSQL cluster.",P3,storage,synthetic_master
"Payment Service API V2 Charge Fails The Payment service experienced a complete outage with HTTP 500 errors on the /api/v2/charge endpoint, halting all payment transactions. This affected 50 million daily transactions and resulted in a $10k/minute revenue impact. A misconfigured database connection in the Java Spring Boot application led to connection pool exhaustion, causing the service to fail.",P1,application,synthetic_master
"Circuit Breaker Tripped, Halting Payments All payment processing was halted due to a circuit breaker opening in the fraud-detection-service, affecting the Order service. Transactions were blocked to prevent potential fraud. Circuit breaker in the fraud-detection-service opened, triggering a cascade failure in the Order service.",P1,application,synthetic_master
"Transaction Processor CrashLoopBackOff The transaction processor experienced a complete outage, resulting in all payment transactions being halted. The error indicated a 'CrashLoopBackOff' in the Kubernetes pod, affecting 50 million daily transactions. A configuration error in the Spring Boot application led to unhandled exceptions, causing the pod to crash and restart repeatedly.",P1,application,synthetic_master
"Fraud Detection Service Down The Fraud detection service experienced a complete outage, causing order service timeouts after 30 seconds, affecting all payment transactions. A misconfigured Redis cache led to a cascading timeout in the order service, affecting the Fraud detection service in production.",P1,application,synthetic_master
"Notification Service Queue Overflow The Notification service experienced a queue overflow with 2.4 million messages, causing a complete outage and halting all payment processing. This impacted revenue by $10k per minute during the incident. Queue depth exceeded capacity due to a surge in incoming transactions and an unexpected delay in processing.",P1,application,synthetic_master
"Payment Service HTTP 500 Outage The Payment service experienced a complete outage, resulting in HTTP 500 errors on /api/v2/charge. All payment transactions were halted, impacting revenue at a rate of $10k per minute. A race condition in the Java Spring Boot backend caused a deadlock, leading to the HTTP 500 errors.",P1,application,synthetic_master
"Circuit Breaker Triggered, Payment Processing Halted A circuit breaker for the fraud-detection-service opened, causing the Order service to fail, halting all payment processing. This impacted 50 million transactions per day, resulting in significant revenue loss. The circuit breaker was triggered due to excessive error rates in the fraud-detection-service, leading to a cascade failure in the Order service.",P1,application,synthetic_master
"Transaction Processor CrashLoopBackOff The Transaction processor experienced a complete outage, resulting in all payment processing being halted. The error 'CrashLoopBackOff' appeared in Kubernetes, affecting all payment transactions. A configuration error in the Spring Boot application led to repeated container restarts, causing the CrashLoopBackOff error.",P1,application,synthetic_master
"Fraud Detection Service Outage The Fraud detection service experienced a complete outage, causing all payment transactions to timeout after 30 seconds. This impacted 50 million daily transactions, resulting in significant revenue loss. A configuration error in the Kubernetes service mesh led to misrouting of requests, causing timeouts in the downstream Order service.",P1,application,synthetic_master
"Notification Service Queue Overflow Notification service experienced a queue overflow, causing 2.4M messages to backlog. All payment notifications were affected, halting transaction confirmations. Excessive load on notification queue due to unexpected surge in transaction volume and improper queue management.",P1,application,synthetic_master
"Payment Service HTTP 500 Error On March 15, 2023, the Payment service experienced a complete outage, resulting in HTTP 500 errors on the /api/v2/charge endpoint, halting all payment processing. This affected 50 million transactions per day, leading to a revenue impact of $10k per minute. A misconfiguration in the Java Spring Boot backend led to a cascading failure in the transaction processing pipeline.",P1,application,synthetic_master
"Circuit Breaker Tripped in Order Service A circuit breaker in the Order service tripped due to a high fraud-detection-service error rate, halting all payment processing transactions. Over 50 million transactions were impacted, resulting in significant revenue loss. Circuit breaker opened due to excessive errors from the fraud-detection-service, causing a complete outage in the Order service.",P1,application,synthetic_master
"Transaction Processor CrashLoopBackOff The transaction processor experienced a complete outage due to multiple instances crashing with 'CrashLoopBackOff' errors, halting all payment processing and impacting revenue by $10k per minute. A configuration issue in the Kubernetes deployment caused the transaction processor containers to restart indefinitely, leading to the 'CrashLoopBackOff' error.",P1,application,synthetic_master
"Fraud Detection Service Outage The Fraud detection service experienced a complete outage, causing all payment processing to halt. The error indicated an order service timeout after 30 seconds downstream, affecting all transactions. A misconfigured Kubernetes service causing a DNS resolution issue, leading to the timeout and subsequent outage.",P1,application,synthetic_master
"Notification Service Queue Overflow Notification service queue depth reached 2.4M messages, halting payment processing for 60 minutes. All transactions involving notifications were affected, leading to a $10k/minute revenue impact. Queue management system failed to process messages efficiently, causing a backlog in the production environment.",P1,application,synthetic_master
"Payment Service HTTP 500 Error On June 15, 2023, the Payment service experienced a complete outage, causing HTTP 500 errors on /api/v2/charge. This affected all payment transactions, leading to a significant revenue impact of $10k/minute. A database connection issue within the Java Spring Boot application led to failed transactions and HTTP 500 errors.",P1,application,synthetic_master
"Order Service Outage due to Circuit Breaker The Order service experienced a complete outage, halting all payment processing and resulting in significant revenue loss. The circuit breaker opened due to a high fraud-detection-service error rate. Circuit breaker opened in the Order service due to excessive errors from the fraud-detection-service, causing a cascading failure.",P1,application,synthetic_master
"Transaction Processor Crash The Transaction processor service experienced a CrashLoopBackOff error, halting all payment processing and impacting 50 million transactions per day. Revenue loss was estimated at $10k per minute during the outage. A configuration error in the Kubernetes deployment caused repeated failures, leading to the CrashLoopBackOff error.",P1,application,synthetic_master
"Fraud Detection Service Outage The Fraud detection service experienced a complete outage, causing order service timeouts after 30 seconds, affecting all payment transactions. High CPU load on the Kubernetes cluster led to resource starvation, affecting the Fraud detection service.",P1,application,synthetic_master
"Notification Service Queue Overflow The Notification service experienced a queue overflow, with 2.4 million messages, halting payment processing and causing a complete outage. Queue overflow due to high transaction volume and inadequate scaling of the notification service on Kubernetes.",P1,application,synthetic_master
"Payment Service Outage - HTTP 500 on /api/v2/charge The Payment service in production experienced a complete outage, resulting in HTTP 500 errors on the /api/v2/charge endpoint. This impacted all payment transactions, causing a revenue loss of $10k per minute. A critical database connection failure in the PostgreSQL instance led to a cascading failure of dependent services.",P1,application,synthetic_master
"Circuit Breaker Triggered on Fraud Detection Due to a circuit breaker opening in the fraud-detection-service, the Order service experienced a complete outage, halting all payment processing. This impacted 50 million daily transactions and caused a revenue loss of $10k per minute. The circuit breaker opened due to a high failure rate in the fraud-detection-service, triggering a cascade failure in the Order service.",P1,application,synthetic_master
"Transaction Processor Crash, Halted 50M Trans/day The Transaction processor service experienced a CrashLoopBackOff, halting all payment processing and affecting 50 million transactions per day. Revenue impact was $10k per minute during the outage. A configuration error in the Kubernetes deployment caused the containers to fail repeatedly, leading to CrashLoopBackOff.",P1,application,synthetic_master
"Fraud Detection Service Crash The Fraud detection service failed, causing payment processing to halt. An order service timeout after 30s downstream was observed, affecting all payment transactions. A deadlock in the Kafka consumer group handling fraud detection requests led to a service crash, impacting downstream services including the order service.",P1,application,synthetic_master
"Notification Service Queue Overflow The Notification service experienced a queue overflow, with 2.4M messages pending, halting all payment notifications and causing a complete outage. This impacted all payment transactions, resulting in significant revenue loss. The Notification service queue became overwhelmed due to a sudden surge in transaction volume, overwhelming the system’s processing capacity.",P1,application,synthetic_master
"Payment Service API V2 Charge 500 Error The Payment service experienced a complete outage with HTTP 500 errors on the /api/v2/charge endpoint, halting all payment processing. This affected 50 million daily transactions, causing a revenue loss of $10k per minute. A race condition in the Java Spring Boot application led to database connection pool exhaustion, causing HTTP 500 errors.",P1,application,synthetic_master
"Circuit Breaker Tripped, Order Service Down The Order service experienced a complete outage due to the fraud-detection-service circuit breaker being open, halting all payment processing and affecting 50 million transactions per day. Circuit breaker in the Order service was triggered due to a high error rate in the fraud-detection-service, causing the entire system to fail.",P1,application,synthetic_master
"Transaction Processor Crash The transaction processor in FinTechFlow's production environment experienced a CrashLoopBackOff, halting all payment processing and affecting 50 million daily transactions. A configuration error in the Kubernetes deployment caused the container to fail repeatedly, leading to CrashLoopBackOff.",P1,application,synthetic_master
"Fraud Detection Service Down The Fraud detection service experienced a complete outage, causing payment processing to halt. An order service timeout after 30s downstream was reported. A Kubernetes pod misconfiguration led to resource exhaustion, causing the Fraud detection service to crash.",P1,application,synthetic_master
"Notification Service Queue Overflow Notification service queue depth exceeded 2.4 million messages, halting all payment processing. Over 50 million daily transactions were impacted, resulting in significant revenue loss. Queue overflow due to insufficient scaling and unexpected surge in notification requests.",P1,application,synthetic_master
"Payment Service HTTP 500 on /api/v2/charge On 2023-10-05, the Payment service in FinTechFlow experienced a complete outage, causing HTTP 500 errors on the /api/v2/charge endpoint. This affected all payment transactions, leading to a revenue loss of $10k per minute. A critical database query failure in the Java Spring Boot backend led to a cascading error, overwhelming the payment service.",P1,application,synthetic_master
"Circuit Breaker Triggered, Order Service Down All payment transactions through the Order service were halted due to a circuit breaker opening in the fraud-detection-service. This impacted 50 million daily transactions, leading to significant revenue loss. Circuit breaker open in fraud-detection-service due to excessive error rates, triggering cascading failure in Order service.",P1,application,synthetic_master
"Transaction Processor Crash, Halted All Payments The Transaction processor experienced a complete outage due to CrashLoopBackOff, affecting all payment transactions. Revenue impact was $10k per minute. Kubernetes pod restarts due to configuration issue in deployment YAML, causing CrashLoopBackOff.",P1,application,synthetic_master
"Fraud Detection Service Outage The Fraud detection service experienced a complete outage, causing order service timeouts after 30 seconds, affecting all payment transactions. A Redis database failure led to a cascading timeout in the order service, impacting the fraud detection service.",P1,application,synthetic_master
"Notification Service Queue Overflow The Notification service experienced a queue overflow, with 2.4 million messages, leading to a complete outage of payment processing and revenue loss of $10k per minute. Queue depth exceeded capacity due to a surge in transaction volume and misconfigured queue scaling settings.",P1,application,synthetic_master
"Payment Service HTTP 500 Error The Payment service in FinTechFlow experienced a complete outage with HTTP 500 errors on /api/v2/charge, impacting all payment transactions. This error halted revenue for $10k per minute. A configuration issue in the Java Spring Boot backend led to unhandled exceptions being thrown during request processing.",P1,application,synthetic_master
"Circuit Breaker Opened, Halting Payments All payment processing was halted due to a circuit breaker opening on the fraud-detection-service. This impacted 50 million daily transactions, causing significant revenue loss. A circuit breaker in the fraud-detection-service was triggered, causing a cascading failure in the Order service.",P1,application,synthetic_master
"Transaction Processor CrashLoopBackOff The Transaction processor service experienced a complete outage, with multiple instances crashing and failing to start, halting all payment transactions. The error 'CrashLoopBackOff' appeared in Kubernetes, impacting 50 million daily transactions. A configuration issue in the Kubernetes deployment YAML led to the transaction processor containers restarting indefinitely.",P1,application,synthetic_master
"Fraud Detection Service Outage Fraud detection service experienced a complete outage, causing the order service to timeout after 30 seconds, affecting all payment transactions. Elasticsearch cluster overload due to high transaction volume, leading to latency spikes and service timeouts.",P1,application,synthetic_master
"Notification Service Queue Overflow The Notification service experienced a queue overflow with 2.4 million messages, halting all payment processing. This impacted 50 million daily transactions, resulting in a $600,000 revenue loss. Queue depth exceeded capacity due to unexpected surge in transaction volume and processing delays, overwhelming the Notification service queue.",P1,application,synthetic_master
"Payment Service API V2 Charge Failed The Payment service in FinTechFlow experienced a complete outage due to an HTTP 500 error on the /api/v2/charge endpoint, halting all payment processing. This affected 50 million daily transactions, leading to a $10k/minute revenue impact. A deadlock occurred in the Java Spring Boot application due to concurrent database operations on the PostgreSQL backend.",P1,application,synthetic_master
"Circuit Breaker Tripped, Halted Payment Processing On [Date], a circuit breaker in the fraud-detection-service opened, causing a complete outage of the Order service. This impacted all payment transactions, leading to significant revenue loss. The circuit breaker in the fraud-detection-service opened due to a high-failure rate, triggering a cascading outage in the Order service.",P1,application,synthetic_master
"Transaction Processor Crash - P1 Outage The Transaction processor experienced a critical crash, showing 'CrashLoopBackOff' errors. This halted all payment processing, impacting 50 million transactions per day. Kubernetes pod restarts due to configuration misalignment between Spring Boot and Docker image versions.",P1,application,synthetic_master
Fraud Detection Service Outage A complete outage of the Fraud detection service impacted all payment transactions. An order service timeout after 30s downstream was reported. Elasticsearch cluster overload due to high transaction volume and missing horizontal scaling.,P1,application,synthetic_master
"Notification Service Queue Overflow The Notification service experienced a queue overflow, with 2.4 million messages in the queue, halting payment processing and causing a complete outage. A sudden surge in notification requests overwhelmed the queue management system, leading to a buildup of 2.4 million messages.",P1,application,synthetic_master
"Payment Service HTTP 500 Error The Payment service in FinTechFlow experienced a complete outage, resulting in all payment transactions being halted. Engineers observed an HTTP 500 error on the /api/v2/charge endpoint, impacting revenue by $10k per minute. A critical database connection issue caused the payment service to fail, leading to the HTTP 500 error on the /api/v2/charge endpoint.",P1,application,synthetic_master
"Circuit Breaker Triggered, Payment Processing Halted At 14:00 UTC on [Date], the circuit breaker in the Order service opened due to a high-failure rate with the fraud-detection-service, halting all payment processing and affecting 50 million daily transactions. A surge in fraudulent transactions triggered the circuit breaker in the fraud-detection-service, causing the Order service to open its circuit breaker and fail.",P1,application,synthetic_master
"Transaction Processor CrashDisrupts Payments The Transaction processor experienced a CrashLoopBackOff, leading to a complete outage of all payment processing. This impacted 50 million daily transactions, halting revenue generation at a rate of $10k per minute. Insufficient memory resources in the Kubernetes pod caused the Java Spring Boot application to CrashLoopBackOff.",P1,application,synthetic_master
"Fraud Detection Service Outage A complete outage of the Fraud detection service halted all payment processing, causing a $10k/minute revenue impact due to order service timeouts after 30 seconds downstream. A misconfigured timeout setting in the order service led to timeouts, cascading failures in the fraud detection service.",P1,application,synthetic_master
"Notification Service Queue Overflow The Notification service experienced a queue overflow, with 2.4M messages, halting payment processing for 60 minutes and impacting 50 million daily transactions. The Notification service queue depth exceeded capacity due to a sudden surge in transaction volume and misconfiguration of the queue processing rate.",P1,application,synthetic_master
"Payment Service HTTP 500 Outage On [Date], the Payment service experienced a complete outage, resulting in HTTP 500 errors on the /api/v2/charge endpoint. This affected all payment transactions, halting revenue flow at a rate of $10k per minute. A configuration issue in the Spring Boot application led to unhandled exceptions being propagated to the API layer.",P1,application,synthetic_master
"Circuit Breaker Opened in Fraud Detection All payment processing was halted due to a circuit breaker opening in the fraud-detection service, impacting 50 million daily transactions. Circuit breaker opened in fraud-detection-service due to high error rates, causing a cascading failure to the Order service.",P1,application,synthetic_master
"Transaction Processor Crash - All Payments Down The Transaction processor in FinTechFlow's production environment experienced a CrashLoopBackOff, halting all payment transactions. This issue impacted 50 million daily transactions, resulting in a significant revenue loss. A configuration error in the Kubernetes manifest led to the deployment of an incorrect container image, causing the CrashLoopBackOff.",P1,application,synthetic_master
"Fraud Detection Service Failure The Fraud detection service experienced a complete outage, causing all payment transactions to halt. The order service timeout after 30s downstream was reported, impacting 50 million daily transactions. A configuration error in the Kafka consumer caused it to stall, leading to timeouts and eventual service failure.",P1,application,synthetic_master
"Notification Service Queue Overflow The Notification service experienced a queue overflow with 2.4M messages, halting all payment notifications and causing a complete outage. This impacted all payment transactions. The notification queue was not scaled properly to handle the volume of transactions, leading to overflow.",P1,application,synthetic_master
"Payment Service API V2 Charge Endpoint Fails Payment processing was halted due to an HTTP 500 error on the /api/v2/charge endpoint, affecting all payment transactions. A critical database query failure in the Java Spring Boot backend triggered a cascading error, impacting the FastAPI service running on Kubernetes.",P1,application,synthetic_master
"Circuit Breaker Tripped, Halted Payments Circuit breaker on the fraud-detection-service opened, causing Order service to fail and all payment transactions to halt. Over 50 million daily transactions were impacted. Circuit breaker opened due to high error rate in fraud-detection-service, cascading failure in the Order service.",P1,application,synthetic_master
"Transaction Processor Crash, Halted All Payments The Transaction processor experienced a CrashLoopBackOff, halting all payment transactions. This outage impacted 50 million transactions per day, causing a revenue loss of $10k per minute. A configuration error in the Kubernetes deployment caused the Transaction processor pods to CrashLoopBackOff.",P1,application,synthetic_master
"Fraud Detection Service Outage The Fraud detection service experienced a complete outage, causing the Order service to timeout after 30 seconds, resulting in halted payment processing for 60 minutes. A misconfiguration in the Kafka topic led to message backlog, overwhelming the Fraud detection service.",P1,application,synthetic_master
"Notification Service Queue Overflow The Notification service experienced a queue overflow, with 2.4 million messages pending, halting all payment processing and causing a $10k/minute revenue impact. The Notification service queue was not properly scaled to handle the transaction volume, leading to a queue overflow and service failure.",P1,application,synthetic_master
"Payment Service HTTP 500 Outage The Payment service experienced a complete outage, resulting in HTTP 500 errors on /api/v2/charge. This impacted all payment transactions, halting revenue generation and causing significant financial loss. A misconfigured Kubernetes service causing an unexpected load balancer health check failure, leading to all backend instances being marked as unhealthy and traffic being routed away from the payment service.",P1,application,synthetic_master
"Circuit Breaker Trip Disrupts Order Service An error triggered the circuit breaker for the fraud-detection-service, halting all transactions through the Order service. This impacted 50 million daily transactions, leading to significant revenue loss. Circuit breaker open due to high error rate in fraud-detection-service, causing cascading failure in Order service.",P1,application,synthetic_master
"Transaction Processor Crash, Halting Payments The Transaction processor experienced a CrashLoopBackOff, causing a complete outage and halting all payment processing. This impacted 50 million daily transactions, resulting in a revenue loss of $10k per minute. A configuration error in the Spring Boot application led to repeated crashes, triggering Kubernetes to restart the pod indefinitely.",P1,application,synthetic_master
"Fraud Detection Service Outage The Fraud detection service experienced a complete outage, causing all payment processing to halt. The error reported was an order service timeout after 30 seconds downstream, impacting 50 million daily transactions. A misconfigured Kubernetes service mesh caused increased latency, leading to timeouts in the order service, which is critical for the fraud detection process.",P1,application,synthetic_master
"Notification Service Queue Overflow The Notification service experienced a queue overflow, with a depth of 2.4 million messages, causing complete payment processing outages. All transactions were halted, leading to significant revenue losses. Excessive message volume and insufficient queue handling capacity in the Kafka cluster.",P1,application,synthetic_master
"Payment Service API Crash The Payment service experienced a complete outage, resulting in HTTP 500 errors on the /api/v2/charge endpoint, halting all payment transactions. This impacted 50 million daily transactions and resulted in a $10k/minute revenue loss. A deadlock occurred in the Java Spring Boot application due to concurrent database transactions using PostgreSQL.",P1,application,synthetic_master
"Circuit Breaker Opened, Fraud Detection Down All payment processing was halted due to a circuit breaker opening in the fraud-detection-service. This error impacted the Order service, preventing transactions from completing. Circuit breaker open fraud-detection-service due to excessive error rates triggering the Hystrix fallback in the Order service.",P1,application,synthetic_master
"Transaction Processor Crash The transaction processor experienced a complete outage, causing all payment processing to halt. The error indicated a 'CrashLoopBackOff' in the Kubernetes pod, affecting 50 million daily transactions. A configuration issue in HashiCorp Vault led to incorrect environment variables being passed to the Kubernetes pod, causing repeated container failures.",P1,application,synthetic_master
"Fraud Detection Service Outage The Fraud detection service experienced a complete outage, causing order service timeouts after 30 seconds, impacting all payment transactions. A cascading failure due to increased load on the Fraud detection service caused by recent configuration changes in the Kubernetes cluster.",P1,application,synthetic_master
"Notification Service Queue Overflow The Notification service experienced a queue overflow, with 2.4 million messages pending, causing all payment processing to halt in production. This impacted revenue by $10k per minute. The notification service queue became overwhelmed due to a surge in transaction volume and delayed processing.",P1,application,synthetic_master
"Payment Service Outage The Payment service experienced a complete outage, causing HTTP 500 errors on /api/v2/charge. This affected all payment transactions, halting revenue for the company. A critical bug in the Java Spring Boot application led to a deadlock in the transaction processing logic.",P1,application,synthetic_master
"Circuit Breaker Trip Halted Payment Processing All payment processing was halted due to a circuit breaker opening in the fraud-detection service, affecting order service transactions. Circuit breaker opened in fraud-detection-service due to excessive error rate, triggering fallback logic and cascading failure.",P1,application,synthetic_master
"Transaction Processor Crash The Transaction processor in the production environment crashed, displaying a 'CrashLoopBackOff' error, halting all payment transactions. This affected 50 million daily transactions, causing a revenue loss of $10k per minute. The crash was due to a configuration issue in the Kubernetes deployment, specifically an incorrect CPU limit setting in the deployment manifest.",P1,application,synthetic_master
"Fraud Detection Service Outage A complete outage of the Fraud detection service halted all payment processing for 60 minutes, affecting 50 million transactions per day. The error reported was an Order service timeout after 30 seconds downstream. A misconfigured timeout setting in the Order service caused excessive latency, triggering a cascading failure in the Fraud detection service.",P1,application,synthetic_master
"Notification Service Queue Overflow The Notification service experienced a queue overflow, with 2.4 million messages pending, halting all payment notifications. This impacted 50 million daily transactions, causing a $10k/minute revenue loss. Excessive load on the Notification service queue due to an unhandled surge in transaction requests.",P1,application,synthetic_master
"Payment Service API V2 Charge Fails The Payment service in FinTechFlow experienced a complete outage, causing HTTP 500 errors on the /api/v2/charge endpoint. This impacted all payment transactions, leading to significant revenue loss. A critical database connection failure due to a misconfiguration in the PostgreSQL cluster.",P1,application,synthetic_master
"Circuit Breaker Opened, Fraud Detection Service Down All payment processing was halted due to a circuit breaker opening in the fraud-detection-service, impacting Order service transactions. The circuit breaker triggered an outage affecting 50 million daily transactions. Circuit breaker opened in the fraud-detection-service due to excessive error rates, causing downstream services to fail.",P1,application,synthetic_master
"Transaction Processor CrashLoopBackOff The transaction processor experienced a complete outage, resulting in all payment processing being halted. The error indicated 'CrashLoopBackOff', impacting 50 million daily transactions and causing a revenue loss of $10k per minute. A configuration error in the Java Spring Boot application led to repeated crashes, causing the Kubernetes pods to enter CrashLoopBackOff state.",P1,application,synthetic_master
"Fraud Detection Service Failure The Fraud detection service experienced a complete outage, causing all payment transactions to be halted. An error in the order service led to downstream timeouts after 30 seconds, affecting 50 million daily transactions. A timeout issue in the Order service due to high load and misconfigured timeouts in the Java Spring Boot application.",P1,application,synthetic_master
"Notification Service Queue Overflow The Notification service experienced a queue overflow, with a depth of 2.4M messages, halting all payment notifications and causing a complete outage. This impacted all payment transactions, leading to significant revenue losses. Queue overflow due to high transaction volume and misconfigured scaling settings in Kubernetes.",P1,application,synthetic_master
"Payment Service HTTP 500 Error Payment service experienced a complete outage, resulting in HTTP 500 errors on /api/v2/charge, halting all payment transactions and causing a revenue loss of $10k per minute. Database connection pool exhaustion due to unexpected surge in transaction volume, overwhelming the PostgreSQL database.",P1,application,synthetic_master
"Circuit Breaker Tripped, Halting Payments All payment processing was halted due to a circuit breaker opening in the fraud-detection-service, impacting the Order service. This error interrupted critical transactions. Circuit breaker opened in fraud-detection-service due to excessive failure rate, causing upstream services to fail.",P1,application,synthetic_master
"Transaction Processor Crash The Transaction processor experienced a CrashLoopBackOff error, halting all payment processing. This affected 50 million daily transactions, causing a $10k/minute revenue impact. Misconfigured Kubernetes deployment caused repeated container restarts due to a misaligned volume mount in the Spring Boot application.",P1,application,synthetic_master
"Fraud Detection Service Outage On [Date], the Fraud detection service experienced a complete outage, causing payment processing to halt. The primary error was an order service timeout after 30s downstream, affecting all payment transactions. A misconfigured Kubernetes service mesh caused the order service to timeout, leading to a cascade failure in the Fraud detection service.",P1,application,synthetic_master
"Notification Service Queue Overflow The Notification service experienced a queue overflow, with 2.4M messages, causing a complete outage of payment notifications and halting all payment processing. Queue depth exceeded the maximum capacity due to a surge in transaction volume and delayed processing.",P1,application,synthetic_master
"Payment Service Outage A critical application error caused the Payment service to experience a complete outage, resulting in HTTP 500 errors on /api/v2/charge. This impacted all payment transactions. A database connection issue in the Java Spring Boot application led to a cascading failure in the payment processing pipeline.",P1,application,synthetic_master
"Circuit Breaker Triggered, Payment Processing Halted A circuit breaker in the Order service opened due to a fraud-detection-service error, halting all payment processing. This impacted 50 million transactions per day, causing a revenue loss of $10k per minute. Circuit breaker opened in the Order service due to an error in the fraud-detection-service, triggered by a high number of failed transactions.",P1,application,synthetic_master
"Transaction Processor Crash The Transaction Processor service crashed, showing 'CrashLoopBackOff' errors, halting all payment transactions. Over 50 million daily transactions were impacted, resulting in a $10k/minute revenue loss. A configuration misalignment between Kubernetes and HashiCorp Vault led to incorrect secrets being injected, causing the Java Spring Boot application to fail repeatedly.",P1,application,synthetic_master
"Fraud Detection Outage Complete fraud detection service outage, causing order service timeouts and halting payment processing. Error: Order service timed out after 30s downstream. Elasticsearch cluster overloaded due to excessive query load, causing timeouts in downstream services.",P1,application,synthetic_master
"Notification Service Queue Overflow The Notification service experienced a queue overflow, leading to the backlog of 2.4M messages. This impacted payment processing, halting all transactions during the incident. The notification service queue depth exceeded its capacity due to an unexpected surge in message volume.",P1,application,synthetic_master
"Payment Service HTTP 500 Outage The Payment service experienced a complete outage, resulting in HTTP 500 errors on /api/v2/charge, impacting all payment transactions. This affected 50 million daily transactions and caused a revenue loss of $10k per minute. A database connection pool exhaustion issue in the Java Spring Boot backend led to a cascade of errors, overwhelming the payment service's capacity.",P1,application,synthetic_master
"Circuit Breaker Opened, Fraud Detection Service Down A circuit breaker opened in the fraud-detection service, halting payment processing through the Order service. This impacted all payment transactions, causing a complete outage. A configuration error in the circuit breaker mechanism triggered an unexpected opening, cascading effects on the Order service.",P1,application,synthetic_master
"Transaction Processor Crash The Transaction processor experienced a complete outage, showing 'CrashLoopBackOff' errors in Kubernetes. This impacted all payment transactions, leading to significant revenue loss. A configuration error in Kubernetes caused the Transaction processor pods to repeatedly restart, leading to the 'CrashLoopBackOff' state.",P1,application,synthetic_master
"Fraud Detection Service Outage On [Date], the Fraud detection service experienced a complete outage, causing all payment processing to halt. The error indicated an Order service timeout after 30 seconds downstream, affecting 50 million daily transactions. A misconfigured Kubernetes service for the Order service led to timeout issues, impacting the Fraud detection service in the production environment.",P1,application,synthetic_master
"Notification Service Queue Overflow The Notification service experienced a queue overflow, leading to 2.4 million unprocessed messages. This impacted payment notifications, halting all transaction processing. Queue depth exceeded capacity due to high transaction volume and processing delays, overwhelming the service's ability to handle.",P1,application,synthetic_master
"Payment Service HTTP 500 Outage The Payment service experienced an HTTP 500 error on /api/v2/charge, causing a complete outage and halting all payment processing. This affected 50 million daily transactions, resulting in a revenue loss of $10k per minute. A deadlock condition in the Java Spring Boot application due to misconfigured database connection pool settings.",P1,application,synthetic_master
"Circuit Breaker Error Halted Payment Processing A circuit breaker opened in the fraud-detection-service, halting all payment transactions through the Order service. This affected 50 million daily transactions, causing a $10k/minute revenue impact. Circuit breaker triggered due to unexpected high load on the fraud-detection-service, overwhelming the Order service and causing a complete outage.",P1,application,synthetic_master
"Transaction Processor CrashLoopBackOff The transaction processor experienced a complete outage, resulting in all payment processing being halted. The error indicated a CrashLoopBackOff, affecting 50 million daily transactions. A configuration error in the Kubernetes deployment caused the transaction processor pods to repeatedly restart, leading to a CrashLoopBackOff.",P1,application,synthetic_master
"Fraud Detection Service Crash The Fraud detection service experienced a complete outage, halting all payment processing. An error in the Order service caused a timeout of 30 seconds downstream, affecting transaction validation. A misconfigured timeout in the Order service led to a 30-second timeout, cascading into the Fraud detection service failure.",P1,application,synthetic_master
"Notification Service Queue Overflow A critical issue in the Notification service caused a queue overflow with 2.4M messages, halting payment processing and impacting 50 million transactions per day. Queue overflow due to high traffic and inadequate scaling of the Notification service on Kubernetes.",P1,application,synthetic_master
"Payment Service HTTP 500 Error The Payment service experienced a significant degradation, with HTTP 500 errors appearing on the /api/v2/charge endpoint, affecting transaction processing and leading to customer complaints. A misconfiguration in the FastAPI service caused an exception handling issue, leading to unhandled HTTP 500 errors.",P2,application,synthetic_master
"Order Service Degradation Due to Fraud-Detection Circuit Breaker The Order service experienced significant degradation, with the circuit breaker opening due to a fraud-detection service failure, leading to some transaction failures and increased customer complaints. The fraud-detection service experienced high latency, causing the circuit breaker to open and fail the Order service requests.",P2,application,synthetic_master
"Transaction Processor CrashLoopBackOff The transaction processor experienced a CrashLoopBackOff, causing significant degradation and some transactions to fail. This impacted 50 million daily payment transactions, leading to increased customer complaints. A configuration error in the Kubernetes deployment caused the containers to fail repeatedly, leading to CrashLoopBackOff.",P2,application,synthetic_master
"Fraud Detection Service Timeout The Fraud detection service experienced timeouts, causing order service failures and impacting transaction processing. Timeout errors appeared as order service requests timed out after 30 seconds downstream. A high volume of concurrent requests overwhelmed the Fraud detection service, leading to timeouts and affecting downstream services like the Order service.",P2,application,synthetic_master
"Notification Service Queue Overflow The Notification service experienced a queue overflow with 2.4M messages, leading to significant degradation and customer complaints. This impacted payment notifications and failed transactions. Elasticsearch index roll-over failed, causing queue backlog in the Notification service.",P2,application,synthetic_master
"Payment Service API V2 Charge Failed The Payment service experienced HTTP 500 errors on the /api/v2/charge endpoint, leading to failed transactions and rising customer complaints. A deadlock in the Java Spring Boot backend caused by concurrent database operations on PostgreSQL.",P2,application,synthetic_master
"Circuit Breaker Triggered Fraud Detection The Order service experienced a significant degradation due to a circuit breaker opening in the fraud-detection service, affecting transaction processing and leading to customer complaints. A high volume of suspicious transactions triggered the fraud-detection service’s circuit breaker, causing it to fail open and disrupting the Order service.",P2,application,synthetic_master
"Transaction Processor CrashLoopBackOff The transaction processor experienced a CrashLoopBackOff, causing significant degradation in payment processing and leading to customer complaints. This issue affected 50 million daily transactions. A configuration issue in the Kubernetes deployment caused the transaction processor pods to repeatedly fail to start, leading to CrashLoopBackOff.",P2,application,synthetic_master
"Fraud Detection Service Timeout The Fraud detection service experienced a timeout error after 30 seconds, leading to significant degradation in service and impacting payment transactions. A misconfigured timeout setting in the Java Spring Boot application led to delayed processing and timeouts.",P2,application,synthetic_master
"Notification Service Queue Overflow The Notification service experienced a queue overflow, with 2.4M messages in the queue, leading to some transaction failures and increasing customer complaints. A misconfigured rate limiter in the Java Spring Boot backend caused an excessive number of notifications to be queued, overwhelming the system.",P2,application,synthetic_master
"Payment Service HTTP 500 Error The Payment service experienced a significant degradation, with HTTP 500 errors occurring on the /api/v2/charge endpoint, affecting transaction processing and leading to rising customer complaints. A database connection issue caused by a misconfigured PostgreSQL connection pool in the Java Spring Boot application.",P2,application,synthetic_master
"Circuit Breaker Open in Fraud Detection The fraud-detection circuit breaker opened, causing order service failures and impacting 50 million daily transactions, leading to customer complaints. Circuit breaker open in fraud-detection-service due to high error rate triggering fallback path.",P2,application,synthetic_master
"Transaction Processor CrashLoopBackOff The Transaction processor in FinTechFlow’s production environment experienced a CrashLoopBackOff, causing significant degradation in payment processing and customer complaints to rise. The issue was caused by a configuration error in the Spring Boot application leading to an infinite restart loop in Kubernetes.",P2,application,synthetic_master
"Fraud Detection Service Timeout The Fraud detection service experienced timeouts, causing the Order service to fail after 30 seconds, impacting 5% of payment transactions. A misconfigured timeout in the Kafka consumer caused the service to stall, leading to downstream timeouts.",P2,application,synthetic_master
"Notification Service Queue Overflow The Notification service experienced a significant queue depth, reaching 2.4 million messages, leading to some transaction failures and rising customer complaints. Queue overflow due to high transaction volume and unexpected surge in notification requests.",P2,application,synthetic_master
"Payment Service API V2 Charge 500 Error The Payment service experienced a degradation, with HTTP 500 errors appearing on the /api/v2/charge endpoint, affecting a significant number of transactions. A misconfigured load balancer in Kubernetes on AWS EKS misdirected traffic to unhealthy instances.",P2,application,synthetic_master
"Circuit Breaker Tripped in Fraud Detection Due to a circuit breaker opening in the fraud-detection-service, the Order service experienced significant degradation, leading to some transaction failures and increased customer complaints. Circuit breaker open due to high error rate in fraud-detection-service, triggering cascading failure in Order service.",P2,application,synthetic_master
"Transaction Processor CrashLoopBackOff The Transaction processor experienced multiple CrashLoopBackOff events, leading to significant transaction processing failures. This impacted 5% of daily transactions, resulting in customer complaints. Insufficient memory resources in Kubernetes pods due to recent container image updates.",P2,application,synthetic_master
"Fraud Detection Service Timeout The Fraud detection service experienced timeouts after 30 seconds, causing order service failures and impacting payment transactions. Customers reported increased transaction processing delays and errors. High load on the Kafka topic handling fraud events led to delayed processing, triggering timeouts in the order service.",P2,application,synthetic_master
"Notification Queue Overflow The Notification service experienced a queue depth of 2.4M messages, causing significant degradation and some transaction failures, impacting payment notifications. Queue overflow due to high transaction volume and insufficient scaling of the Notification service in Kubernetes.",P2,application,synthetic_master
"Payment Service API V2 Charge 500 Error On [Date], the Payment service experienced a degradation in performance, with HTTP 500 errors appearing on the /api/v2/charge endpoint. This affected a significant portion of our transaction processing, leading to customer complaints. A misconfiguration in the Java Spring Boot application led to an overflow in the Redis cache, causing the /api/v2/charge endpoint to fail.",P2,application,synthetic_master
"Circuit Breaker Triggered in Order Service The Order service experienced a significant degradation due to a circuit breaker opening for the fraud-detection-service, impacting 50 million daily transactions and leading to customer complaints. Circuit breaker opened in the Order service due to excessive failures in the fraud-detection-service, causing a cascading failure.",P2,application,synthetic_master
"Transaction Processor CrashLoopBackOff The Transaction processor service experienced a CrashLoopBackOff error, causing significant delays and failures in processing payments. This affected 5% of daily transactions, leading to customer complaints. A configuration issue in Kubernetes led to the deployment rolling back and restarting the pod indefinitely.",P2,application,synthetic_master
"Fraud Detection Service Timeout The Fraud detection service experienced a timeout issue, causing order service timeouts after 30 seconds. This impacted 10% of payment transactions. Excessive load on the Fraud detection service due to a surge in transaction volume, leading to timeouts.",P2,application,synthetic_master
"Notification Queue Overflow The Notification service experienced a queue overflow with 2.4M messages, leading to significant degradation and some transaction failures. The Notification service queue depth reached 2.4M messages, overwhelming the system and causing processing delays.",P2,application,synthetic_master
"Payment Service HTTP 500 Errors The Payment service experienced HTTP 500 errors on the /api/v2/charge endpoint, causing some transactions to fail and leading to a rise in customer complaints. A database connection pool exhaustion due to a sudden spike in transaction volume, overwhelming the PostgreSQL database.",P2,application,synthetic_master
"Circuit Breaker Tripped in Fraud Detection The fraud-detection service circuit breaker opened, causing order service disruptions and failed transactions. Affected were payment processing and order creation for multiple merchants. Circuit breaker opened due to excessive failures in the fraud-detection service, leading to cascading issues in the order service.",P2,application,synthetic_master
"Transaction Processor CrashLoopBackOff The transaction processor experienced a CrashLoopBackOff issue, causing some payment transactions to fail. Customer complaints regarding transaction delays and failures increased. A configuration error in the Kubernetes deployment caused the transaction processor pods to restart repeatedly, leading to the CrashLoopBackOff state.",P2,application,synthetic_master
"Fraud Detection Service Timeout The Fraud detection service experienced a timeout issue, causing order service requests to fail after 30 seconds. This impacted 5% of transactions, leading to customer complaints. A configuration misalignment between the Fraud detection service and the Order service caused a timeout, leading to failed transactions.",P2,application,synthetic_master
"Notification Queue Overflow The Notification service experienced a queue overflow with 2.4M messages, leading to significant degradation and some transaction failures. This impacted payment notifications for a subset of our 50 million daily transactions. Queue depth exceeded the maximum capacity due to unexpected high load and misconfigured auto-scaling settings.",P2,application,synthetic_master
"Payment Service API v2 Charge Fails The Payment service experienced HTTP 500 errors on the /api/v2/charge endpoint, causing some transactions to fail and increasing customer complaints. A race condition in the Java Spring Boot backend caused concurrent database updates to fail, resulting in HTTP 500 errors.",P2,application,synthetic_master
"Circuit Breaker Tripped in Fraud Detection The fraud-detection-service circuit breaker opened, causing delays and failures in the Order service, affecting payment transactions and leading to customer complaints. High load on the fraud-detection-service triggered the circuit breaker, leading to communication failures with the Order service.",P2,application,synthetic_master
"Transaction Processor CrashLoopBackOff The transaction processor experienced a critical failure, resulting in CrashLoopBackOff errors. This impacted 5% of daily payment transactions, causing customer complaints to rise significantly. A misconfigured Kubernetes deployment caused the transaction processor pods to restart repeatedly, leading to CrashLoopBackOff errors.",P2,application,synthetic_master
"Fraud Detection Service Timeout The Fraud detection service experienced a timeout error after 30 seconds, causing significant degradation in transaction processing and leading to customer complaints. A misconfigured timeout setting in the Java Spring Boot application caused the service to timeout after 30 seconds, impacting downstream services including the Order service.",P2,application,synthetic_master
"Notification Queue Overflow The Notification service experienced a significant queue overflow, with 2.4M messages pending. This affected 50 million daily transactions, leading to customer complaints. The Notification service queue depth exceeded capacity due to a sudden surge in transaction volume.",P2,application,synthetic_master
"Payment Service HTTP 500 Error On [Date], the Payment service experienced a significant degradation, with HTTP 500 errors appearing on the /api/v2/charge endpoint, impacting 50 million daily transactions. A race condition in the Java Spring Boot backend caused a deadlock, leading to unhandled exceptions and HTTP 500 errors.",P2,application,synthetic_master
"Circuit Breaker Tripped on Fraud Detection Due to a circuit breaker opening in the fraud-detection-service, the Order service experienced a significant degradation, causing some transaction failures and rising customer complaints. The circuit breaker opened to prevent a cascading failure in the fraud-detection-service due to excessive request errors.",P2,application,synthetic_master
"Transaction Processor CrashLoopBackOff The Transaction processor in FinTechFlow's production environment experienced multiple CrashLoopBackOff errors, leading to significant degradation and some failing transactions. This impacted over 10% of daily transactions. Insufficient memory resources in Kubernetes pods due to recent scaling up of transaction volume.",P2,application,synthetic_master
"Fraud Detection Service Timeout The Fraud detection service experienced a timeout issue, causing the order service to fail after 30 seconds, impacting payment transactions. A misconfiguration in the timeout settings for the Kafka consumer led to delayed message processing, triggering the 30-second timeout.",P2,application,synthetic_master
"Notification Service Queue Overflow The Notification service queue depth exceeded 2.4 million messages, leading to significant degradation and some transaction failures. This impacted customer notifications, causing increased complaints. Queue overflow due to high transaction volume and slow processing, exacerbated by misconfiguration of queue settings in Kubernetes.",P2,application,synthetic_master
"Payment Service API v2 Charge Failing The Payment service experienced a significant degradation, resulting in HTTP 500 errors on the /api/v2/charge endpoint. This impacted a substantial number of payment transactions, leading to increased customer complaints. A misconfiguration in the Spring Boot application led to an unhandled exception being thrown during request processing.",P2,application,synthetic_master
"Circuit Breaker Tripped, Order Service Degraded The fraud-detection service circuit breaker opened, causing the Order service to degrade significantly and leading to some transaction failures. This impacted payment transactions, resulting in customer complaints. The circuit breaker opened due to excessive error rates in the fraud-detection service, triggering a cascading failure in the Order service.",P2,application,synthetic_master
"Transaction Processor CrashLoopBackOff The Transaction processor experienced a significant degradation, with multiple instances showing CrashLoopBackOff errors. This impacted 5% of payment transactions, leading to increased customer complaints. Insufficient memory resources in the Kubernetes cluster, leading to container crashes and restarts.",P2,application,synthetic_master
"Fraud Detection Timeout Outages The Fraud detection service experienced timeouts after 30 seconds, leading to significant degradation in transaction processing. This issue impacted order service transactions, resulting in customer complaints and service degradation. High latency in Redis cache requests caused timeouts in the Fraud detection service, affecting downstream order service transactions.",P2,application,synthetic_master
"Notification Queue Overflow The Notification service experienced a significant queue overflow, with 2.4M messages pending, leading to degraded service and failed transactions. A bug in the Kafka consumer caused it to fall behind, leading to the queue depth exceeding the system's capacity.",P2,application,synthetic_master
"Payment Service HTTP 500 Error The payment service experienced an HTTP 500 error on the /api/v2/charge endpoint, leading to some transactions failing and increasing customer complaints. A database connection issue due to a misconfiguration in the PostgreSQL database service, causing the Payment service to fail.",P2,application,synthetic_master
"Circuit Breaker Triggered in Fraud Detection Due to a high fraud detection alert, the circuit breaker for the fraud-detection-service was triggered, causing some order processing transactions to fail. This affected a significant number of transactions in the Order service. High fraud detection alerts led to a circuit breaker opening, disrupting order processing transactions.",P2,application,synthetic_master
"Transaction Processor Crashes, Impacting Payments The transaction processor experienced multiple CrashLoopBackOff events, leading to significant payment transaction failures and rising customer complaints. Kubernetes deployment issues caused by misconfigured resource limits in the YAML manifest, leading to the CrashLoopBackOff error.",P2,application,synthetic_master
"Fraud Detection Service Timeout The Fraud detection service experienced a timeout issue, causing the Order service to fail after 30 seconds, impacting 20% of payment transactions. A misconfigured Kubernetes service discovery in the Fraud detection service caused it to timeout after 30 seconds when querying the Order service.",P2,application,synthetic_master
"Notification Queue Overflow The Notification service experienced a queue overflow with 2.4 million messages, leading to a significant degradation in service and customer complaints. The Notification service queue reached capacity due to a surge in transaction volume and inadequate scaling.",P2,application,synthetic_master
"Payment Service Error 500 The Payment service experienced a critical issue with HTTP 500 errors on the /api/v2/charge endpoint, leading to significant transaction failures and increasing customer complaints. A misconfiguration in the Spring Boot application led to an unexpected exception being thrown when processing charge requests.",P2,application,synthetic_master
"Circuit Breaker Tripped on Fraud-Detection The Circuit breaker in the fraud-detection-service tripped, causing the Order service to fail, resulting in some payment transactions being declined and increasing customer complaints. High traffic caused the circuit breaker to open, leading to failed requests to the fraud-detection-service.",P2,application,synthetic_master
"Transaction Processor CrashLoopBackOff The Transaction processor service experienced multiple CrashLoopBackOff errors, causing significant degradation and failure of payment transactions. Over 100,000 transactions failed during the incident, leading to an increase in customer complaints. A memory leak in the Java Spring Boot application led to excessive CPU and memory usage, causing the pods to restart repeatedly.",P2,application,synthetic_master
"Fraud Detection Service Timeout The Fraud detection service experienced a timeout issue, causing the Order service to fail after 30 seconds. This affected payment transactions and led to customer complaints. A misconfiguration in the Kafka consumer caused the service to stall, leading to timeouts and downstream failures.",P2,application,synthetic_master
"Notification Service Queue Overflow The Notification service experienced a queue overflow with 2.4M messages, leading to significant degradation and some transaction failures, impacting customer notifications. Queue depth exceeded the configured threshold due to a sudden surge in notification requests.",P2,application,synthetic_master
"Payment Service HTTP 500 Errors The Payment service experienced HTTP 500 errors on the /api/v2/charge endpoint, causing some transactions to fail and leading to an increase in customer complaints. A deadlock issue in the Java Spring Boot application due to concurrent thread execution and database locks.",P2,application,synthetic_master
"Circuit Breaker Tripped on Fraud-Detection The fraud-detection service circuit breaker opened in the Order service, causing significant degradation and some transaction failures. Affected payment transactions experienced delays and errors. High load on the fraud-detection service triggered the circuit breaker, leading to service degradation.",P2,application,synthetic_master
"Transaction Processor CrashLoopBackOff The Transaction processor experienced a CrashLoopBackOff error, leading to significant degradation in payment processing. This impacted 5% of daily transactions, resulting in customer complaints. Kubernetes deployment configuration issue caused the Java Spring Boot containers to restart indefinitely.",P2,application,synthetic_master
"Fraud Detection Service Timeout The Fraud detection service experienced a timeout error, causing order service timeouts after 30 seconds and impacting 50,000 payment transactions in production. A misconfigured timeout setting in the Fraud detection service led to downstream timeouts in the Order service.",P2,application,synthetic_master
"Notification Service Queue Overflow The Notification service experienced a queue overflow with 2.4M messages, leading to significant degradation and some transaction failures. This impacted all payment notifications, causing customer complaints to rise. High message volume and misconfiguration of queue handling in the Notification service led to overflow.",P2,application,synthetic_master
"Payment Service API V2 Charge 500 Error The Payment service experienced a significant degradation with HTTP 500 errors on the /api/v2/charge endpoint, impacting transaction processing and leading to rising customer complaints. A database connection issue due to a misconfigured PostgreSQL connection pool, leading to excessive retries and overwhelming the system.",P2,application,synthetic_master
"Circuit Breaker Triggered in Fraud Detection A circuit breaker opened in the fraud-detection service, causing some order service transactions to fail and leading to increased customer complaints. High error rate from fraud-detection service triggered the circuit breaker, leading to degraded service.",P2,application,synthetic_master
"Transaction Processor CrashLoopBackOff The Transaction processor experienced a CrashLoopBackOff, causing significant degradation in payment processing. This issue impacted 5% of daily transactions, leading to customer complaints. A configuration error in the Kubernetes deployment caused the container to fail repeatedly, leading to CrashLoopBackOff.",P2,application,synthetic_master
"Fraud Detection Timeout Causes Transaction Failures A timeout issue in the Fraud detection service led to order service timeouts after 30 seconds, impacting 10% of daily transactions and triggering customer complaints. Excessive query load on PostgreSQL database, causing delays that exceeded the 30-second timeout threshold.",P2,application,synthetic_master
"Notification Service Queue Overflow The Notification service experienced a significant queue overflow, with 2.4 million messages in the queue, leading to a degradation in service and some transaction failures. This impacted payment notifications and customer communications. Queue overflow due to high transaction volume and processing delays in the Notification service.",P2,application,synthetic_master
"Payment Service API V2 Charge Failed The Payment service experienced a significant degradation, with HTTP 500 errors appearing on the /api/v2/charge endpoint, impacting a substantial number of transactions. A configuration issue in the FastAPI microservice caused a misrouting of requests to an unimplemented endpoint.",P2,application,synthetic_master
"Circuit Breaker Triggered, Order Service Degraded The circuit breaker in the fraud-detection-service opened due to excessive failures, leading to a significant degradation of the Order service. This affected 50 million daily transactions, resulting in rising customer complaints. Circuit breaker opened in fraud-detection-service due to high failure rate, triggering cascading failures in downstream services.",P2,application,synthetic_master
"Transaction Processor CrashLoopBackOff The Transaction processor experienced a CrashLoopBackOff error in the Kubernetes cluster, causing significant degradation in payment processing and customer complaints. A misconfigured environment variable in the Kubernetes deployment caused the container to fail repeatedly, leading to the CrashLoopBackOff error.",P2,application,synthetic_master
"Fraud Detection Service Timeout The Fraud detection service experienced a timeout error after 30 seconds, leading to significant degradation and some failed transactions. Affected payment transactions included those processed through the order service. A high volume of concurrent requests overwhelmed the Kafka topic consumer, causing timeouts in the Fraud detection service.",P2,application,synthetic_master
"Notification Service Queue Overflow The Notification service experienced a queue overflow with 2.4 million messages, leading to significant degradation and some transaction failures. This impacted payment notifications, causing customer complaints to rise. Excessive message volume overwhelmed the queue due to a sudden surge in event-driven processing.",P2,application,synthetic_master
"Payment Service HTTP 500 Error The Payment service experienced a significant degradation, with HTTP 500 errors appearing on the /api/v2/charge endpoint, affecting 50 million daily transactions and leading to rising customer complaints. A Redis cache overflow triggered a cascade of errors, overwhelming the payment processing pipeline.",P2,application,synthetic_master
"Circuit Breaker Tripped, Order Service Degraded The circuit breaker for the fraud-detection-service opened, causing significant degradation in the Order service. This impacted payment transactions, leading to customer complaints. The circuit breaker opened due to excessive error rates from the fraud-detection-service, overwhelming the Order service.",P2,application,synthetic_master
"Transaction Processor CrashLoopBackOff The Transaction processor experienced a series of CrashLoopBackOff errors, leading to significant degradation of service and customer complaints regarding failed transactions. A misconfiguration in the Kubernetes deployment caused the container to fail repeatedly, triggering CrashLoopBackOff.",P2,application,synthetic_master
"Fraud Detection Timeout Causes Service Degradation The fraud detection service experienced timeouts after 30 seconds, leading to a significant degradation in service and affecting 5% of payment transactions. Customer complaints regarding delayed or failed transactions increased. Kubernetes service mesh misconfiguration leading to downstream timeout in the order service.",P2,application,synthetic_master
"Notification Service Queue Overflow The Notification service experienced a queue overflow with 2.4 million messages, leading to significant degradation and some transaction failures, impacting payment notifications. The queue depth exceeded capacity due to a sudden surge in incoming notifications and an insufficient scaling mechanism.",P2,application,synthetic_master
"Payment Service API v2 Charge Fails The Payment service experienced HTTP 500 errors on the /api/v2/charge endpoint, affecting transaction processing and leading to customer complaints. A race condition in the Java Spring Boot application led to database constraint violations, causing HTTP 500 errors.",P2,application,synthetic_master
"Circuit Breaker Triggered in Order Service The Order service experienced a significant degradation due to a circuit breaker opening in the fraud-detection-service, leading to some transaction failures and increasing customer complaints. A high fraud detection rate triggered the circuit breaker in the Order service, causing the downstream dependency to fail and impacting transaction processing.",P2,application,synthetic_master
"Transaction Processor CrashLoopBackOff The transaction processor experienced a CrashLoopBackOff, leading to significant degradation and some failing transactions, impacting customer payments. A configuration error in Kubernetes caused the transaction processor pods to restart continuously.",P2,application,synthetic_master
"Fraud Detection Service Timeout The Fraud detection service experienced a timeout error, causing order service timeouts after 30 seconds. This impacted payment transactions, leading to customer complaints. A configuration issue in the Kafka consumer caused the service to backlog messages, leading to timeouts and service degradation.",P2,application,synthetic_master
"Notification Service Queue Overflow The Notification service experienced a queue overflow with 2.4 million messages, leading to significant degradation and failed transactions. Payment notifications were the most affected. Queue overflow due to high transaction volume and insufficient scaling of the Notification service infrastructure.",P2,application,synthetic_master
"Payment Service HTTP 500 Error The Payment service experienced a significant degradation with HTTP 500 errors on /api/v2/charge, impacting 20% of transactions. Customer complaints began to rise, indicating an urgent need for resolution. A misconfiguration in the Java Spring Boot backend led to an unexpected exception handling issue, causing the service to crash and return HTTP 500 errors.",P2,application,synthetic_master
"Circuit Breaker Opened in Fraud Detection The fraud-detection-service circuit breaker opened, causing a significant degradation in the Order service, leading to failed transactions and rising customer complaints. High fraud detection alerts triggered due to a recent surge in suspicious transactions, causing the circuit breaker to open and temporarily fail requests.",P2,application,synthetic_master
"Transaction Processor CrashLoopBackOff The transaction processor experienced a CrashLoopBackOff issue, causing some payment transactions to fail and leading to an increase in customer complaints. A configuration misalignment between the Spring Boot application and Kubernetes deployment caused the CrashLoopBackOff.",P2,application,synthetic_master
"Fraud Detection Service Timeout The Fraud detection service experienced a timeout issue, causing the order service to fail after 30 seconds, leading to some payment transactions failing and increasing customer complaints. A misconfigured Kubernetes service causing excessive retries and timeouts in the Fraud detection service.",P2,application,synthetic_master
"Notification Service Queue Overflow The Notification service experienced a queue overflow, with a depth of 2.4M messages, leading to some transaction failures and increased customer complaints. A sudden surge in transaction volume overwhelmed the Notification service queue, causing it to overflow.",P2,application,synthetic_master
"Payment Service HTTP 500 Errors On March 15, 2023, the Payment service experienced a significant degradation, with HTTP 500 errors appearing on the /api/v2/charge endpoint, affecting a large number of payment transactions. A misconfiguration in the Spring Boot application led to an unexpected exception being thrown when processing certain charge requests.",P2,application,synthetic_master
"Circuit Breaker Tripped in Fraud Detection A circuit breaker in the fraud-detection-service opened, causing the order service to fail for several transactions. This affected payment processing and led to customer complaints. The circuit breaker opened due to a high volume of failing requests to the fraud-detection-service, overwhelming the system's error threshold.",P2,application,synthetic_master
"Transaction Processor CrashLoopBackOff The transaction processor experienced a critical failure, repeatedly crashing and restarting, leading to significant degradation in transaction processing and customer complaints. The error 'CrashLoopBackOff' appeared in Kubernetes, affecting all payment transactions. A configuration issue in the Spring Boot application led to null pointer exceptions, causing the transaction processor pods to repeatedly crash.",P2,application,synthetic_master
"Fraud Detection Service Timeout The Fraud detection service experienced a timeout issue causing the Order service to fail after 30 seconds, impacting transaction processing and leading to customer complaints. A configuration error in the Kafka consumer caused a backlog of messages, leading to increased processing time and subsequent timeouts.",P2,application,synthetic_master
"Notification Service Queue Overflow The Notification service experienced a queue overflow with 2.4 million messages, leading to significant degradation and some transaction failures affecting customers. Insufficient scaling of the Notification service queue due to unexpected transaction volume growth.",P2,application,synthetic_master
"Payment Service API v2/charge 500 Error On [Date], the Payment service experienced a significant degradation, with HTTP 500 errors appearing on the /api/v2/charge endpoint. This affected 20% of payment transactions, leading to customer complaints and service disruptions. A misconfiguration in the FastAPI gateway handling the /api/v2/charge endpoint led to unhandled exceptions being propagated to clients.",P2,application,synthetic_master
"Circuit Breaker Triggered in Fraud Detection On [Date], the circuit breaker in the fraud-detection-service was triggered, leading to degraded service in the Order service. This impacted 50,000 transactions, causing customer complaints to rise. High traffic to the fraud-detection-service caused a timeout, opening the circuit breaker and cascading failures to the Order service.",P2,application,synthetic_master
"Transaction Processor CrashLoopBackOff in Production The transaction processor experienced a critical failure, resulting in multiple CrashLoopBackOff events and significant transaction processing delays. This affected over 10% of daily transactions, leading to customer complaints and service degradation. A configuration issue in Kubernetes caused the container to fail repeatedly, triggering CrashLoopBackOff.",P2,application,synthetic_master
"Fraud Detection Timeout Issues The Fraud detection service experienced timeouts after 30 seconds, causing delays in transaction processing and customer complaints. This affected payment transactions that rely on real-time fraud checks. Resource constraints in the Kubernetes cluster led to timeout errors in the Fraud detection service due to high load.",P2,application,synthetic_master
"Notification Queue Overflow The Notification service experienced a queue overflow with 2.4M messages, leading to some transaction failures and increased customer complaints. Excessive message volume due to a surge in transactional events triggering notifications, overwhelming the queue management system.",P2,application,synthetic_master
"Payment Service HTTP 500 Error The Payment service experienced HTTP 500 errors on the /api/v2/charge endpoint, leading to failed transactions and increased customer complaints. A misconfiguration in the Java Spring Boot application led to an overflow in the transaction processing queue, causing the service to crash.",P2,application,synthetic_master
"Circuit Breaker Tripped in Fraud Detection The Order service experienced significant degradation due to a circuit breaker opening in the fraud-detection-service, causing some transaction failures and increasing customer complaints. Circuit breaker opened in the fraud-detection-service due to excessive failed requests, leading to degraded Order service performance.",P2,application,synthetic_master
"Transaction Processor CrashLoopBackOff The Transaction processor experienced multiple CrashLoopBackOff errors, leading to significant degradation of service and failed transactions. Payment processing was affected, resulting in customer complaints. A configuration issue in the Kubernetes deployment caused the containers to repeatedly fail to start, triggering CrashLoopBackOff.",P2,application,synthetic_master
"Fraud Detection Service Timeout The Fraud detection service experienced a timeout issue, causing the Order service to fail after 30 seconds. This impacted payment transactions, leading to customer complaints and service degradation. A misconfiguration in the timeout settings for the Kafka consumer caused the service to stall, leading to timeouts and failures.",P2,application,synthetic_master
"Notification Service Queue Overflow The Notification service experienced a queue overflow, with 2.4 million messages in the queue, leading to significant degradation and transaction failures. This affected customer notifications, causing rising customer complaints. Excessive load on the Notification service queue due to unexpected traffic spikes and misconfigured rate limiting.",P2,application,synthetic_master
"Payment Service API v2 Error A 500 error occurred on the /api/v2/charge endpoint, affecting a small subset of payment transactions in the production environment. A misconfiguration in the FastAPI application caused an unhandled exception during request processing.",P3,application,synthetic_master
"Circuit Breaker Triggered in Fraud Detection A circuit breaker opened in the fraud-detection-service, leading to temporary order service disruptions affecting a small subset of transactions. High load on fraud-detection-service triggered the circuit breaker, leading to service degradation in the order service.",P3,application,synthetic_master
"Transaction Processor CrashLoopBackOff The Transaction processor experienced a CrashLoopBackOff error, affecting a small subset of payment transactions. No revenue impact was observed. A misconfiguration in the Kubernetes deployment led to the container failing to start properly, causing repeated restarts.",P3,application,synthetic_master
"Order Service Timeout Disrupts Fraud Detection The Fraud detection service experienced a timeout issue with the Order service after 30 seconds, affecting a small subset of fraud checks. No revenue impact was observed, but user trust and minor delays were impacted. A configuration error in the Kubernetes service mesh caused a misrouting of requests to the Order service, leading to timeouts.",P3,application,synthetic_master
"Notification Service Queue Overflow The Notification service experienced a queue overflow with 2.4 million messages, affecting a small subset of users. No revenue impact was observed. The queue overflow was caused by a sudden surge in notifications due to an unexpected event trigger, overwhelming the existing capacity.",P3,application,synthetic_master
"Payment Service API V2 Charge 500 Error On June 15th, the Payment service in the production environment experienced an HTTP 500 error on the /api/v2/charge endpoint, affecting a small subset of users. A misconfigured Redis cache led to stale data being used in the payment processing pipeline.",P3,application,synthetic_master
"Circuit Breaker Tripped in Fraud Detection A circuit breaker opened in the fraud-detection service, causing a brief disruption in order processing for a small subset of transactions. The fraud-detection service experienced high load, triggering the circuit breaker to prevent cascading failures.",P3,application,synthetic_master
"Transaction Processor CrashLoopBackOff The transaction processor experienced a CrashLoopBackOff issue, leading to temporary processing delays for a small subset of users. Users reported delays in transaction confirmations. A configuration error in the Kubernetes deployment caused the container to fail to start properly, resulting in repeated restarts.",P3,application,synthetic_master
"Order Service Timeout During Fraud Detection A timeout error occurred in the Order service, causing delays in fraud detection for a small subset of transactions. The error appeared as a 30-second timeout, affecting payment processing. A network latency issue between the Order service and the database led to the timeout.",P3,application,synthetic_master
"Notification Queue Depth Exceeded The Notification service queue depth reached 2.4 million messages, causing processing delays. This issue affected a small subset of users, primarily those who triggered notifications around the incident time. A high volume of notification requests was generated in a short period, overwhelming the queue processing capacity.",P3,application,synthetic_master
"HTTP 500 Error in v2 Charge API On 2023-10-01, the Payment service experienced an HTTP 500 error on the /api/v2/charge endpoint, impacting a small subset of users. This issue caused failures in certain payment transactions. A database connection timeout in the Java Spring Boot application led to the HTTP 500 error when processing the /api/v2/charge endpoint.",P3,application,synthetic_master
"Circuit Breaker Tripped in Fraud Detection A circuit breaker in the fraud-detection-service tripped, causing temporary downtime in the Order service. This affected a small subset of payment transactions. Circuit breaker opened due to high failure rate in the fraud-detection-service, triggered by a recent spike in malformed requests.",P3,application,synthetic_master
"Transaction Processor CrashLoopBackOff The transaction processor experienced a CrashLoopBackOff issue, causing temporary delays in processing a small subset of transactions. No revenue impact was observed. A configuration issue in Kubernetes caused the container to repeatedly fail to start, leading to the CrashLoopBackOff error.",P3,application,synthetic_master
"Order Service Timeout Affects Fraud Detection The Fraud detection service experienced an issue where the Order service timed out after 30 seconds, impacting a small subset of payment transactions. A misconfigured timeout setting in the Order service caused it to timeout after 30 seconds, leading to the failure of downstream services in the fraud detection pipeline.",P3,application,synthetic_master
"Notification Service Queue Overflow The Notification service experienced a queue overflow with 2.4 million messages, impacting a small subset of users. This issue affected payment notifications but did not impact revenue. The Notification service queue depth exceeded its capacity due to an unexpected surge in transaction volume and misconfigured queue handling logic.",P3,application,synthetic_master
"Payment Service API V2 Charge 500 Error On [Date], the Payment service experienced an HTTP 500 error on the /api/v2/charge endpoint, affecting a small subset of users. Transactions for these users were impacted, resulting in failed payment attempts. A race condition in the Java Spring Boot service caused overlapping transactions, leading to internal server errors.",P3,application,synthetic_master
"Circuit Breaker Opened in Fraud Detection Circuit breaker opened in the fraud-detection-service, affecting a small subset of order processing transactions in the production environment. High fraud detection load triggered the circuit breaker, leading to temporary service degradation.",P3,application,synthetic_master
"Transaction Processor CrashLoopBackOff The transaction processor experienced a CrashLoopBackOff error, leading to temporary processing delays for a small subset of users. No revenue impact was observed. A configuration issue in the Kubernetes deployment caused the container to fail repeatedly, resulting in the CrashLoopBackOff error.",P3,application,synthetic_master
"Order Service Timeout Disrupts Fraud Detection The Fraud detection service experienced an issue where the Order service timed out after 30 seconds, affecting a small subset of payment transactions. A misconfigured timeout setting in the Order service caused it to fail and timeout after 30 seconds, triggering a chain reaction in the fraud detection process.",P3,application,synthetic_master
"Notification Service Queue Overflow The Notification service experienced a queue overflow, reaching 2.4 million messages, impacting a small subset of users during production hours. Queue management issue in the Notification service leading to excessive message accumulation.",P3,application,synthetic_master
"Payment Service API Error A HTTP 500 error occurred on the /api/v2/charge endpoint, affecting a small subset of payment transactions in the production environment. A deadlock condition in the Java Spring Boot application, due to improperly managed database transactions.",P3,application,synthetic_master
"Circuit Breaker Triggered in Fraud Detection A circuit breaker in the fraud-detection-service was triggered, causing intermittent issues with the Order service. This affected a small subset of payment transactions, primarily those involving suspicious activity checks. The circuit breaker was activated due to a high number of failed requests to the fraud-detection-service, leading to service degradation.",P3,application,synthetic_master
"Transaction Processor CrashLoopBackOff The transaction processor experienced a CrashLoopBackOff error, affecting a small subset of payment transactions in the production environment. A misconfiguration in the Kubernetes deployment caused the transaction processor containers to fail repeatedly.",P3,application,synthetic_master
"Order Service Timeout During Fraud Detection The fraud detection service experienced a timeout issue with the order service, causing delays in transaction processing for a small subset of users. The error appeared as a 30-second timeout in the order service, impacting payment transactions. A misconfigured timeout setting in the order service led to delays in responding to fraud detection requests.",P3,application,synthetic_master
"Notification Service Queue Depth Exceeded Notification service experienced an issue with a queue depth of 2.4 million messages, impacting a small subset of users. This affected payment notifications but no revenue impact was observed. Excessive message backlog due to a sudden surge in transaction notifications and a misconfigured queue depth threshold.",P3,application,synthetic_master
"Payment Service HTTP 500 Error on /api/v2/charge On 2023-10-10, the Payment service experienced an HTTP 500 error on the /api/v2/charge endpoint, affecting a small subset of users. This issue impacted approximately 1% of daily transactions. A misconfigured Redis cache eviction policy led to cache misses, causing the backend service to fail and return HTTP 500 errors.",P3,application,synthetic_master
"Circuit Breaker Triggered for Fraud Detection A circuit breaker opened in the fraud-detection service, causing a brief outage in the Order service. Affected transactions were minor, impacting only 1% of daily payments. A high volume of suspicious transactions triggered the circuit breaker in the fraud-detection service, causing it to fail open.",P3,application,synthetic_master
"Transaction Processor CrashLoopBackOff The transaction processor experienced a CrashLoopBackOff, resulting in a brief outage affecting a small subset of payment transactions. A configuration error in the Kubernetes deployment caused the transaction processor containers to restart indefinitely.",P3,application,synthetic_master
"Order Service Timeout in Fraud Detection The Fraud detection service experienced an issue where the Order service timed out after 30 seconds, impacting a small subset of payment transactions. A misconfiguration in the Order service's timeout settings caused it to time out after 30 seconds, leading to downstream failures in the Fraud detection service.",P3,application,synthetic_master
"Notification Queue Depth Exceeded The Notification service experienced high queue depth, with 2.4 million messages, impacting payment notifications for a small subset of users. The notification queue became overwhelmed due to a sudden surge in transactional events and failed to process messages promptly.",P3,application,synthetic_master
"Payment Service HTTP 500 Error On [incident date], the Payment service experienced a HTTP 500 error on the /api/v2/charge endpoint, affecting a small subset of users during peak transaction times. A misconfiguration in the Java Spring Boot application led to a stack overflow error during high transaction volumes.",P3,application,synthetic_master
"Circuit Breaker Trip in Fraud Detection A circuit breaker opened in the fraud-detection-service, causing temporary disruptions in the order service for a small subset of users. This impacted a limited number of payment transactions. The circuit breaker was triggered due to a high volume of suspected fraudulent transactions, overwhelming the fraud-detection-service.",P3,application,synthetic_master
"Transaction Processor CrashLoopBackOff The transaction processor service experienced a CrashLoopBackOff error in production, impacting a small subset of users. No revenue impact was observed. Configuration issue in the Kubernetes deployment caused the container to fail to start, resulting in a CrashLoopBackOff.",P3,application,synthetic_master
"Order Service Timeout Causes Fraud Detection Issues The Fraud Detection service experienced a timeout issue with the Order service, resulting in delays for 5% of transactions. No revenue impact was observed, but user experience was slightly affected. A high load on the Order service caused a timeout, triggering retries in the Fraud Detection service.",P3,application,synthetic_master
"Notification Service Queue Overflow The Notification service experienced a queue overflow with 2.4M messages, impacting a small subset of users. No revenue impact was observed. An unexpected spike in message volume led to the queue depth exceeding its capacity.",P3,application,synthetic_master
"Payment Service API V2 Charge 500 Error On 2023-10-10, a HTTP 500 error occurred in the Payment service API v2/charge endpoint, impacting a small subset of users. This affected approximately 0.05% of payment transactions. A race condition in the Java Spring Boot backend caused a database constraint violation, leading to the HTTP 500 error.",P3,application,synthetic_master
"Circuit Breaker Tripped in Fraud Detection A circuit breaker tripped in the fraud-detection-service, causing the Order service to fail for a small subset of users. This affected a minor number of transactions, primarily those involving suspicious activity checks. The circuit breaker opened due to a high rate of failed requests to the fraud-detection-service, indicating potential issues in fraud detection logic or upstream service availability.",P3,application,synthetic_master
"Transaction Processor CrashLoopBackOff The Transaction processor service experienced a CrashLoopBackOff issue, leading to temporary downtime for a small subset of payment transactions. The error appeared as a repeated restart cycle in Kubernetes. A configuration mistake in the deployment YAML caused the transaction processor containers to fail to start properly, resulting in repeated restarts.",P3,application,synthetic_master
"Order Service Timeout Affects Fraud Detection The Fraud detection service experienced an issue where order service timeouts occurred after 30 seconds, impacting a small subset of transactions. No revenue impact was observed, but affected users reported delays in fraud assessments. A misconfigured timeout setting in the order service caused delays in processing requests, leading to timeouts in the fraud detection service.",P3,application,synthetic_master
"Notification Queue Depth Exceeded The Notification service queue depth exceeded 2.4 million messages, impacting a small subset of users. No revenue impact was observed, but payment notifications were delayed for a brief period. A sudden surge in request volume overwhelmed the notification queue processing capacity.",P3,application,synthetic_master
"Payment Service HTTP 500 Error On [Date], the Payment service experienced an HTTP 500 error on the /api/v2/charge endpoint, affecting a small subset of users, though no revenue impact was observed. A race condition in the Java Spring Boot backend caused by concurrent requests led to a database constraint violation.",P3,application,synthetic_master
"Circuit Breaker Tripped in Fraud Detection A circuit breaker opened in the fraud-detection-service, causing temporary disruptions in the Order service. This impacted a small subset of payment transactions. The circuit breaker opened due to a surge in failed authentication requests from the fraud-detection-service, overwhelming the threshold set in the Order service.",P3,application,synthetic_master
"Transaction Processor CrashLoopBackOff The Transaction processor experienced a CrashLoopBackOff issue, causing temporary delays in processing payments for a small subset of users. The error appeared as 'CrashLoopBackOff' in Kubernetes logs. A configuration issue in the Kubernetes deployment caused the container to fail repeatedly, leading to the CrashLoopBackOff error.",P3,application,synthetic_master
"Order Service Timeout Affects Fraud Detection The Fraud detection service experienced issues due to an order service timeout after 30 seconds, affecting a small subset of payment transactions. A misconfiguration in the timeout settings of the order service led to delays, triggering timeouts in the fraud detection service.",P3,application,synthetic_master
"Notification Queue Depth Exceeded The Notification service experienced a queue depth of 2.4 million messages, causing delays in transaction confirmations for a small subset of users. No revenue impact was observed. The Notification service queue became overwhelmed due to an unexpected surge in transaction volumes.",P3,application,synthetic_master
"Payment Service API V2 Charge Error A HTTP 500 error was observed on the /api/v2/charge endpoint in the payment service, impacting a small subset of payment transactions. A misconfigured database connection pool in the Java Spring Boot application caused a temporary service outage.",P3,application,synthetic_master
"Circuit Breaker Triggered on Order Service Due to a circuit breaker opening in the fraud-detection service, the Order service experienced a brief interruption, affecting a small subset of transactions. A circuit breaker opened in the fraud-detection service, causing a failure in the Order service due to a dependency issue.",P3,application,synthetic_master
"Transaction Processor CrashLoopBackOff in Production The transaction processor in production experienced a CrashLoopBackOff issue, causing minor delays in processing a small subset of transactions. Users attempting to make payments during this period faced brief delays. A configuration error in the Kubernetes deployment caused the container to fail repeatedly, triggering the CrashLoopBackOff state.",P3,application,synthetic_master
"Order Service Timeout Affects Fraud Detection The fraud detection service experienced an issue where the order service timed out after 30 seconds, impacting a small subset of payment transactions. Timeouts in the order service due to high load, leading to increased latency and timeouts downstream in the fraud detection service.",P3,application,synthetic_master
"Notification Queue Depth Exceeded Notification service experienced high queue depth, with 2.4M messages pending, impacting a small subset of users. No revenue impact was observed. Insufficient scaling of the notification service queue handling capacity during peak transaction times.",P3,application,synthetic_master
"Payment Service Error: 500 HTTP Exception A 500 HTTP error occurred on the /api/v2/charge endpoint, affecting a small subset of payment transactions in the production environment. A race condition in the Java Spring Boot application led to a database constraint violation.",P3,application,synthetic_master
"Circuit Breaker Triggered in Order Service The circuit breaker in the Order service opened due to a failure in the fraud-detection-service, impacting a small subset of payment transactions. A high volume of fraudulent transactions triggered the circuit breaker in the Order service, causing it to fail open.",P3,application,synthetic_master
"Transaction Processor CrashLoopBackOff The Transaction processor experienced a CrashLoopBackOff issue in the production environment, causing temporary downtime for a small subset of payment transactions. A configuration error in the Kubernetes deployment caused the container to fail repeatedly, leading to CrashLoopBackOff.",P3,application,synthetic_master
"Order Service Timeout in Fraud Detection A timeout error occurred in the Order service, impacting the Fraud detection service. This affected a small subset of payment transactions. Timeout in the Order service due to overloaded request handling, leading to downstream timeouts in the Fraud detection service.",P3,application,synthetic_master
"Notification Service Queue Overflow The Notification service experienced a queue overflow with 2.4M messages, impacting a small subset of users in the production environment. Queue depth exceeded capacity due to a sudden surge in notifications during a marketing campaign.",P3,application,synthetic_master
"Payment API 500 Error A HTTP 500 error appeared on the /api/v2/charge endpoint, affecting payment transactions for a small subset of users. A misconfiguration in the Spring Boot application led to an internal server error.",P3,application,synthetic_master
"Circuit Breaker Triggered, Fraud Detection Service Outage A circuit breaker in the Order service opened due to a high error rate with the fraud-detection service, affecting a small subset of payment transactions. High error rate from the fraud-detection service triggered the circuit breaker, leading to service degradation.",P3,application,synthetic_master
"Transaction Processor CrashLoopBackOff The transaction processor experienced a crash, causing multiple instances to enter CrashLoopBackOff state. This affected a small subset of payment transactions, specifically those processed through the Java Spring Boot microservice. A configuration error in the Kubernetes deployment YAML file led to the transaction processor pods being unable to start correctly, resulting in CrashLoopBackOff.",P3,application,synthetic_master
"Order Service Timeout During Fraud Detection The Fraud detection service experienced a timeout issue with the Order service, leading to a 30-second timeout error. This affected a small subset of payment transactions, but no revenue impact was observed. A misconfigured timeout setting in the Order service caused the downstream timeout, impacting the fraud detection process.",P3,application,synthetic_master
"Notification Service Queue Overflow The Notification service experienced a queue overflow with 2.4 million messages, affecting a small subset of users. No revenue impact was observed, but some notifications were delayed. Excessive message volume caused the queue depth to exceed the configured limits, leading to temporary processing delays.",P3,application,synthetic_master
"Payment Service API V2 Charge 500 Error The Payment service experienced HTTP 500 errors on the /api/v2/charge endpoint, affecting a small subset of payment transactions. A race condition in the Java Spring Boot application led to a null pointer exception during transaction processing.",P3,application,synthetic_master
"Circuit Breaker Triggered in Order Service A circuit breaker opened in the fraud-detection-service, causing a brief disruption in the Order service. This affected a small subset of payment transactions, primarily those involving fraud checks. The circuit breaker opened due to excessive failed requests to the fraud-detection-service, indicating potential issues with the service's health or the network between the Order service and fraud-detection-service.",P3,application,synthetic_master
"Transaction Processor CrashLoopBackOff The transaction processor experienced a CrashLoopBackOff, causing a minor issue affecting a small subset of payment transactions in production. A configuration error in the Kubernetes deployment caused the container to fail to start, leading to repeated restart attempts.",P3,application,synthetic_master
"Order Service Timeout Affects Fraud Detection The Fraud detection service experienced an issue where the Order service timed out after 30 seconds, affecting a small subset of payment transactions. A misconfigured timeout setting in the Order service led to downstream timeouts, impacting the Fraud detection service.",P3,application,synthetic_master
"Notification Queue Overflow The Notification service queue depth reached 2.4 million messages, causing delays in sending notifications. This impacted a small subset of users, primarily those who recently attempted to initiate transactions. The queue overflow was due to an unexpected surge in transaction notifications, exceeding the processing capacity of the Kafka topic and Redis queue.",P3,application,synthetic_master
"Payment Service HTTP 500 Error On 2023-10-15, a HTTP 500 error occurred in the Payment service API, affecting the /api/v2/charge endpoint. This issue impacted a small subset of users, resulting in temporary failures during payment transactions. A misconfigured Redis cache caused a timeout, leading to a cascading failure in the payment processing pipeline.",P3,application,synthetic_master
"Circuit Breaker Tripped in Order Service Circuit breaker on the fraud-detection-service opened, causing temporary disruptions in the Order service. Affected transactions were limited to a small subset of users. Circuit breaker logic triggered due to unexpected traffic spike from fraud-detection-service in the production environment.",P3,application,synthetic_master
"Transaction Processor CrashLoopBackOff The Transaction Processor service experienced a CrashLoopBackOff issue, causing temporary disruptions to a small subset of payment transactions. The error appeared as a recurring restart loop in Kubernetes pods. A configuration error in the Spring Boot application's deployment manifest led to repeated failures during pod startup.",P3,application,synthetic_master
"Order Service Timeout Disrupts Fraud Detection The Fraud detection service experienced a timeout issue in the Order service, causing delays in transaction processing for a small subset of users. The error appeared as a 30-second timeout in the order service downstream calls. A misconfigured timeout in the Order service's API gateway led to delayed responses, which triggered the timeout in the downstream calls to the fraud detection service.",P3,application,synthetic_master
"Notification Service Queue Overflow The Notification service experienced a queue depth of 2.4M messages, affecting a small subset of users. No revenue impact was observed. Insufficient queue capacity and misconfigured autoscaling in the Kubernetes cluster on AWS EKS.",P3,application,synthetic_master
"Payment API v2 charge endpoint error On April 12, 2023, the Payment service in FinTechFlow experienced a HTTP 500 error on the /api/v2/charge endpoint, impacting a small subset of users. This issue affected approximately 2% of payment transactions. A race condition in the Java Spring Boot backend led to a null pointer exception when processing concurrent requests.",P3,application,synthetic_master
"Circuit Breaker Tripped on Fraud-Detection A circuit breaker in the Order service tripped due to an error, impacting a small subset of payment transactions by temporarily opening the fraud-detection service connection. Circuit breaker in the Order service opened due to a high error rate in the fraud-detection service, leading to a temporary disconnection.",P3,application,synthetic_master
"Transaction Processor CrashLoopBackOff The transaction processor experienced a CrashLoopBackOff, causing a brief disruption. Affected transactions were limited to a small subset of users. A configuration error in Kubernetes caused the transaction processor pods to repeatedly restart, leading to the CrashLoopBackOff.",P3,application,synthetic_master
"Order Service Timeout Affects Fraud Detection On [date], the order service experienced a timeout after 30 seconds, impacting the fraud detection service, causing delays in transaction processing for a small subset of users. High load on the order service caused timeouts, leading to a downstream impact on the fraud detection service.",P3,application,synthetic_master
"Notification Queue Depth Exceeded The Notification service experienced a queue depth of 2.4M messages, impacting a small subset of users. No revenue impact was observed, but payment notifications were delayed for some customers. A sudden increase in transaction volume overwhelmed the notification queue processing capacity.",P3,application,synthetic_master
"Payment Service HTTP 500 Error A minor issue occurred in the Payment service, causing HTTP 500 errors on the /api/v2/charge endpoint. This affected a small subset of payment transactions. A race condition in the Java Spring Boot backend led to concurrent updates to the transaction records.",P3,application,synthetic_master
"Circuit Breaker Tripped, Order Service Impacted A circuit breaker opened due to a high error rate in the fraud-detection-service, impacting the Order service. This affected a small subset of payment transactions, primarily those involving high-risk criteria. High error rate in fraud-detection-service led to the circuit breaker opening, causing downstream service degradation.",P3,application,synthetic_master
"Transaction Processor CrashLoopBackOff The Transaction processor experienced a CrashLoopBackOff issue, causing temporary disruptions for a small subset of users. This affected a limited number of payment transactions. The CrashLoopBackOff was caused by a misconfiguration in the Kubernetes deployment, leading to repeated container restarts.",P3,application,synthetic_master
"Order Service Timeout Impacting Fraud Detection The Fraud detection service experienced a downstream timeout issue with the Order service, leading to minor disruptions for a small subset of payment transactions. A timeout in the Order service caused by a misconfigured circuit breaker in the Java Spring Boot application.",P3,application,synthetic_master
"Notification Service Queue Overflow The Notification service experienced a queue overflow with 2.4 million messages, impacting a small subset of users. Excessive message rate caused the Kafka queue to overflow, leading to message backlog.",P3,application,synthetic_master
"Payment Service API V2 Charge 500 Error On [Date], the Payment service experienced an HTTP 500 error on the /api/v2/charge endpoint, affecting a small subset of users processing transactions. A misconfiguration in the Java Spring Boot backend led to an unhandled exception during the processing of charge requests.",P3,application,synthetic_master
"Circuit Breaker Opened in Fraud Detection A circuit breaker opened in the fraud-detection service, leading to temporary disruptions in the order service for a small subset of users. This affected payment transactions but did not impact overall revenue. Circuit breaker opened due to excessive failed requests from the fraud-detection service.",P3,application,synthetic_master
"Transaction Processor CrashLoopBackOff The Transaction processor in our production environment experienced a CrashLoopBackOff error, affecting a small subset of payment transactions. Users reported a brief delay in transaction processing. A configuration issue in the Kubernetes deployment led to repeated container restarts, causing the CrashLoopBackOff error.",P3,application,synthetic_master
"Order Service Timeout Disrupts Fraud Detection The Fraud detection service experienced an issue where the Order service timed out after 30 seconds, impacting a small subset of payment transactions. No revenue impact was observed. A misconfigured timeout setting in the Order service caused the downstream call to exceed the allowed time, triggering the timeout error.",P3,application,synthetic_master
"Notification Service Queue Depth Exceeded The Notification service experienced a queue depth of 2.4 million messages, impacting a small subset of users. Payment transactions were not affected, but user notifications were delayed. High message volume caused the Kafka queue to exceed its configured depth, leading to processing delays.",P3,application,synthetic_master
"Payment API v2 Charge Endpoint Down The Payment service experienced a HTTP 500 error on the /api/v2/charge endpoint, impacting a small subset of transactions in the production environment. A race condition in the Java Spring Boot backend caused an internal server error when processing concurrent requests to the charge API.",P3,application,synthetic_master
"Circuit Breaker Open in Fraud-Detection Service A circuit breaker opened in the fraud-detection service, causing temporary failures in the order service. This affected a small subset of payment transactions. The fraud-detection service's circuit breaker was triggered due to a high number of failed requests, leading to service degradation in the order service.",P3,application,synthetic_master
"Transaction Processor CrashLoopBackOff The transaction processor experienced a CrashLoopBackOff error, impacting a small subset of payment transactions. Users reported delays in transaction processing. A configuration issue in the Kubernetes deployment caused the transaction processor pods to restart indefinitely.",P3,application,synthetic_master
"Order Service Timeout Affects Fraud Detection The fraud detection service experienced an issue where the order service timed out after 30 seconds, impacting a small subset of transactions. No revenue impact was observed. A misconfiguration in the order service caused it to timeout after 30 seconds, triggering the fraud detection service to fail for a small number of transactions.",P3,application,synthetic_master
"Notification Service Queue Overflow The Notification service experienced a queue overflow with 2.4M messages, impacting a small subset of users. No revenue impact was observed. A sudden surge in notification requests overwhelmed the queue processing capacity.",P3,application,synthetic_master
"Payment Service API v2 Charge Fails On [Date], a critical error occurred in the Payment service, causing HTTP 500 errors on the /api/v2/charge endpoint, affecting a small subset of users. No revenue impact was observed. A race condition in the Java Spring Boot backend caused a deadlock when multiple requests tried to access the same database resource concurrently.",P3,application,synthetic_master
"Circuit Breaker Opened in Fraud-Detection Service Circuit breaker opened in fraud-detection-service due to high error rate, impacting order processing for a small subset of users. High error rate in fraud-detection-service triggered circuit breaker, causing fallback to default behavior.",P3,application,synthetic_master
"Transaction Processor CrashLoopBackOff The transaction processor experienced a CrashLoopBackOff issue, causing intermittent failures. A small subset of payment transactions were temporarily impacted. A configuration issue in the Kubernetes deployment caused the transaction processor containers to repeatedly restart, leading to the CrashLoopBackOff error.",P3,application,synthetic_master
"Order Service Timeout Impacting Fraud Detection A timeout error occurred in the Order service after 30 seconds, affecting the Fraud detection service and causing delays in transaction processing for a small subset of users. High latency in the Order service due to a misconfigured timeout setting in the Java Spring Boot application.",P3,application,synthetic_master
"Notification Queue Overflow The Notification service experienced a queue overflow with 2.4 million messages, impacting a small subset of users. A spike in transaction volume caused the notification queue to exceed its capacity.",P3,application,synthetic_master
"Payment API V2 Charge Endpoint Failed On [Date], the Payment service HTTP 500 error appeared on the /api/v2/charge endpoint, affecting a small subset of payment transactions. A race condition in the Java Spring Boot backend led to database constraint violations, causing the HTTP 500 error.",P3,application,synthetic_master
"Circuit Breaker Tripped in Fraud Detection Circuit breaker for fraud-detection-service opened, causing temporary disruptions in order service for a small subset of users. Payment transactions were not affected, but order creation was delayed. Circuit breaker triggered due to high error rate in fraud-detection-service.",P3,application,synthetic_master
"Transaction Processor CrashLoopBackOff The Transaction processor experienced a CrashLoopBackOff issue, causing a minor disruption to a small subset of payment transactions. No revenue impact was observed. A misconfiguration in the deployment YAML led to an infinite restart loop of the transaction processor pods.",P3,application,synthetic_master
"Order Service Timeout Disrupts Fraud Detection The Fraud detection service experienced a timeout error after 30 seconds, affecting a small subset of payment transactions. The Order service failed to respond in time, leading to delayed fraud assessments. A timeout error in the Order service caused the downstream Fraud detection service to fail, due to misconfigured service health checks in the Kubernetes cluster.",P3,application,synthetic_master
"Notification Service Queue Overflow The Notification service experienced a queue overflow with 2.4M messages, impacting a small subset of users. This issue did not affect overall payment transactions but led to delayed notifications. The notification service queue depth exceeded its capacity due to an unexpected surge in message volume, overwhelming the processing capabilities.",P3,application,synthetic_master
"Vault Seal Disruption Halts Payment Processing HashiCorp Vault experienced a seal event, preventing the payment-service from reading necessary secrets, resulting in a complete outage and halted payment transactions. A misconfiguration in the Vault sealing policy triggered a seal event, impacting the payment-service's ability to access secrets.",P1,security,synthetic_master
"AWS WAF Configuration Error Halts Payments A misconfiguration in AWS WAF caused an AccessDenied error on s3:PutObject, leading to a complete outage of payment processing. This impacted 50 million daily transactions. Improper IAM policy assignment for AWS WAF led to an AccessDenied error when attempting to log transactions to S3.",P1,security,synthetic_master
"SSL Certificate Expired for API Gateway An SSL certificate for api.fintechflow.io expired, causing an interruption in API communication and halting payment processing for 60 minutes. The SSL certificate for the API gateway service had not been renewed, leading to a complete outage of payment processing.",P1,security,synthetic_master
"SSL Certificate Issue Disrupts Payment Processing A false positive from the Web Application Firewall (WAF) blocked legitimate payment transactions due to an SSL certificate error, impacting all payment processing flows. A misconfigured WAF rule triggered a false positive on a valid SSL certificate update, blocking legitimate traffic.",P1,security,synthetic_master
"API Key Rotation Failure Causes Payment Processing Halt API key rotation failed, disrupting payment-gateway integration, causing all payment transactions to halt. Error: 'API key rotation failed payment-gateway integration'. HashiCorp Vault API key rotation triggered during peak transaction hours, affecting Spring Boot and FastAPI services that rely on Vault for secure API access.",P1,security,synthetic_master
"Vault Seal Error Halts Payment Processing A Vault seal error prevented the payment-service from reading secrets, halting all payment processing. The error 'Vault seal detected payment-service cannot read secrets' was observed in Prometheus and Grafana dashboards. The Vault seal was triggered due to a misconfigured secret versioning policy in the payment-service application.",P1,security,synthetic_master
"AWS IAM AccessDenied s3:PutObject AWS WAF experienced an IAM policy issue, resulting in an AccessDenied error during the execution of s3:PutObject. This impacted transaction-logs storage, halting all payment processing. Incorrect IAM policy assignment in the FinTechFlow production environment, leading to an AccessDenied error.",P1,security,synthetic_master
"AWS IAM SSL Certificate Expired The SSL certificate for api.fintechflow.io expired, causing a complete outage of payment processing and impacting revenue by $10k/minute. The SSL certificate for the API endpoint expired, leading to a complete failure in secure communication.",P1,security,synthetic_master
"SSL Certificate Expired, WAF Blocking Traffic The SSL certificate for FinTechFlow’s payment gateway expired, causing a WAF to block legitimate payment transactions, resulting in a complete outage. The SSL certificate was not renewed in time, leading to a false positive from the WAF which blocked all payment traffic.",P1,security,synthetic_master
"API Key Rotation Failure Disrupted Payment Processing The API key management system failed to rotate API keys, causing the payment-gateway integration to break, halting all payment transactions. The API key rotation script in the Java Spring Boot application failed, leading to a cascade of errors in the payment-gateway integration.",P1,security,synthetic_master
"Vault Seal Incident Halts Payments HashiCorp Vault detected a seal, preventing the payment-service from reading critical secrets, leading to a complete outage of payment processing. A misconfigured Vault seal triggered due to a recent upgrade, impacting the payment-service's ability to read secrets.",P1,security,synthetic_master
"AWS WAF Security Breach Halted Payment Processing An AWS IAM AccessDenied error 's3:PutObject transaction-logs' led to a complete outage of payment processing, affecting all 50 million daily transactions. A misconfigured IAM policy allowed unauthorized access to transaction logs, triggering an AccessDenied error.",P1,security,synthetic_master
"SSL Certificate Expiry API Disruption The SSL certificate for api.fintechflow.io expired, causing an outage in the AWS IAM service, halting payment processing for 60 minutes and resulting in a $600,000 revenue loss. The SSL certificate for api.fintechflow.io expired, triggering a validation failure in the Kubernetes cluster, impacting the API gateway and downstream services.",P1,security,synthetic_master
"SSL Certificate Expired, WAF Blocked Payments An SSL certificate expired, causing a false positive in the Web Application Firewall (WAF), which blocked legitimate payment traffic, halting all transactions. The SSL certificate renewal process was not automated, leading to the certificate expiring and triggering a WAF rule.",P1,security,synthetic_master
"API Key Rotation Failed, Halted Payments The API key rotation process failed, disrupting the payment-gateway integration, halting all payment transactions for 60 minutes. A critical error in the Kafka message processing caused the API key rotation to fail, impacting the payment-gateway integration.",P1,security,synthetic_master
"Vault Seal Disruption Halted Payment Processing HashiCorp Vault seal detected, preventing the payment-service from reading necessary secrets. This affected all 50 million daily transactions, causing a complete outage. Vault was sealed due to a misconfiguration in the Kubernetes pod, disrupting secret access for the payment-service.",P1,security,synthetic_master
"AWS WAF Security Breach A security breach in AWS WAF led to a complete outage of payment processing, halting all transactions. The error indicated an AccessDenied exception for s3:PutObject on transaction-logs. Incorrect IAM policy configuration allowed unauthorized access to S3 transaction logs, impacting the security layer of our stack.",P1,security,synthetic_master
"SSL Certificate Expired for API Gateway The SSL certificate for api.fintechflow.io expired, causing a complete outage of payment processing, impacting all transactions through the API gateway. The SSL certificate for the API gateway expired, leading to a validation failure and subsequent service outage.",P1,security,synthetic_master
"SSL Certificate Issue Disrupts Payment Processing A false positive from the WAF due to an SSL certificate issue led to the blocking of legitimate payment traffic, causing a complete outage of all payment processing for 60 minutes. A misconfigured WAF rule triggered by an expired SSL certificate led to the blocking of legitimate payment traffic.",P1,security,synthetic_master
"API Key Rotation Failure Halted Payments The API key management system failed to rotate keys, causing the payment-gateway integration to break, halting all payment transactions. A critical bug in the Kubernetes deployment caused the API key rotation job to fail, disrupting the payment-gateway integration.",P1,security,synthetic_master
"HashiCorp Vault Seal Lockout Disrupts Payment Processing A Vault seal detected a critical issue, preventing the payment-service from reading necessary secrets, halting all payment transactions for 60 minutes and causing a $10k/minute revenue loss. A misconfiguration in the Vault's sealing mechanism triggered a lockout, affecting the payment-service's ability to access critical secrets.",P1,security,synthetic_master
"AWS IAM AccessDenied Interrupts Payment Processing An AWS IAM AccessDenied error (s3:PutObject) impacted FinTechFlow’s AWS WAF, halting payment transactions. Affected services included transaction logs and payment processing pipelines. A misconfigured IAM policy led to an AccessDenied error for the WAF logs bucket, disrupting the transaction log uploads.",P1,security,synthetic_master
"SSL Certificate Expired on API Gateway An SSL certificate for api.fintechflow.io expired, causing a complete outage in payment processing and halting all transactions. This impacted all services relying on secure communication. The SSL certificate for the API gateway service expired, leading to certificate validation failures and subsequent service disruptions.",P1,security,synthetic_master
"SSL Certificate Expired, Blocking Payments The SSL certificate expired, causing a Web Application Firewall (WAF) to block legitimate payment traffic, leading to a complete outage of all payment processing. This affected 50 million daily transactions. The SSL certificate expired, triggering a WAF false positive, which blocked legitimate payment traffic.",P1,security,synthetic_master
"API Key Rotation Failure During the rotation of API keys, the payment-gateway integration failed, causing a complete outage of all payment processing. This impacted 50 million transactions per day, resulting in a revenue loss of $10k per minute. A misconfiguration in the Kubernetes manifest caused the API key rotation job to fail, disrupting the payment-gateway integration in the production environment.",P1,security,synthetic_master
"Vault Seal Impacting Payment Processing HashiCorp Vault experienced a seal event, preventing the payment-service from reading secrets, causing all payment processing to halt. A Vault seal event triggered due to a configuration misalignment between Vault and the payment-service in the FinTechFlow Kubernetes cluster.",P1,security,synthetic_master
"AWS WAF Misconfiguration Halts Transactions Due to an AWS IAM AccessDenied error on the s3:PutObject permission for transaction-logs, AWS WAF misconfiguration led to a complete outage of payment processing, affecting all transactions. IAM policy misconfiguration for AWS WAF logs led to a Denial of Service (DoS) condition.",P1,security,synthetic_master
"SSL Certificate Expired - API Access Interrupted The SSL certificate for api.fintechflow.io expired, causing an interruption in API access and halting payment processing for 50 million daily transactions. The SSL certificate for the API gateway expired, leading to SSL handshake failures and an interruption in secure communication.",P1,security,synthetic_master
"SSL Certificate Revocation Halted Payments An SSL certificate revocation led to WAF blocking legitimate payment traffic, causing a complete outage in payment processing. A false positive from the WAF triggered by the SSL certificate revocation affected legitimate payment traffic.",P1,security,synthetic_master
"API Key Rotation Failure Halted Payments The API key rotation process failed, disrupting payment-gateway integrations, halting all payment transactions for an hour. A critical bug in the Java Spring Boot application triggered an unexpected API key rotation, causing the payment-gateway integration to fail.",P1,security,synthetic_master
"Vault Seal Incident Halted Payment Processing A seal event in HashiCorp Vault caused the payment-service to fail reading secrets, halting all payment transactions for an hour and resulting in a $600k revenue loss. A manual seal operation on the Vault instance by a security team member inadvertently interrupted the payment-service access.",P1,security,synthetic_master
"AWS IAM AccessDenied: S3 PutObject Failure AWS WAF encountered an AccessDenied error related to s3:PutObject, preventing transaction logs from being stored. This affected all payment transactions, halting processing and causing significant revenue loss. Improper AWS IAM policy attached to the WAF execution role, lacking the necessary permissions to write to S3.",P1,security,synthetic_master
"AWS IAM SSL Certificate Expired The SSL certificate for api.fintechflow.io expired, causing a complete outage in payment processing. This affected all transactions through the API, leading to a $10k/minute revenue impact. The SSL certificate for the API endpoint expired, triggering validation failures across our microservices and payment processing pipelines.",P1,security,synthetic_master
"SSL Certificate Expired, Blocked Legitimate Traffic A false positive from the Web Application Firewall (WAF) blocked legitimate payment transactions due to an expired SSL certificate, causing a complete outage in payment processing. The WAF misinterpreted the SSL certificate expiration as a potential security threat, leading to blocking legitimate payment traffic.",P1,security,synthetic_master
"API Key Rotation Failure Disrupts Payment Processing API key rotation failed, causing the payment-gateway integration to break, halting all payment transactions. This affected 50 million daily transactions across FinTechFlow's B2B platform. A bug in the Kubernetes deployment process caused the API key rotation job to fail, disrupting the payment-gateway integration.",P1,security,synthetic_master
"HashiCorp Vault Seal Incident A Vault seal event occurred, preventing the payment-service from reading secrets, causing a complete outage of payment processing. This impacted all 50 million daily transactions. A Vault seal event triggered by unexpected configuration changes in the HashiCorp Vault instance.",P1,security,synthetic_master
"AWS WAF AccessDenied - Halted Payment Processing A critical AWS IAM AccessDenied error occurred, preventing the S3:PutObject operation for transaction-logs, halting all payment processing for 60 minutes. Incorrect IAM policy assignment for the S3 bucket access in the FinTechFlow environment, impacting the AWS WAF logs storage.",P1,security,synthetic_master
"AWS IAM SSL Certificate Expired The AWS IAM SSL certificate for api.fintechflow.io expired, causing all payment processing to halt. This impacted 50 million daily transactions. The SSL certificate for the API endpoint expired, leading to SSL handshake failures.",P1,security,synthetic_master
"SSL Certificate Expired, WAF Blocked Traffic The SSL certificate expired, causing a false positive from the WAF, which blocked legitimate payment traffic, halting all transaction processing. The SSL certificate was not renewed in time, leading to a false positive from the WAF in the FinTechFlow stack.",P1,security,synthetic_master
"API Key Rotation Failed, Halted Payments API key rotation for payment-gateway integration failed, causing all payment transactions to halt. This affected 50 million daily transactions, leading to a revenue loss of $10k per minute. A critical error in the Kubernetes deployment process caused the API key rotation script to fail, interrupting the payment-gateway integration.",P1,security,synthetic_master
"HashiCorp Vault Seal Detected, Payment Processing Halted A seal detection event was triggered in HashiCorp Vault, preventing the payment-service from reading critical secrets. This resulted in a complete outage of payment processing, affecting 50 million daily transactions. A misconfiguration in HashiCorp Vault triggered the seal, preventing the payment-service from accessing necessary secrets.",P1,security,synthetic_master
"AWS WAF Misconfiguration A misconfiguration in AWS WAF caused an AccessDenied error on s3:PutObject, halting transaction logs and causing a complete outage of payment processing. A misconfiguration in AWS IAM permissions led to an AccessDenied error when trying to put transaction logs to S3.",P1,security,synthetic_master
"SSL Certificate Expired for API Gateway The SSL certificate for api.fintechflow.io expired, causing a complete outage of payment processing. All transactions were halted, impacting revenue by $10k/minute. The SSL certificate was not renewed in time, leading to a complete outage of the API gateway.",P1,security,synthetic_master
"SSL Certificate Expired, Caused WAF Blockage On [Date], an expired SSL certificate caused the Web Application Firewall (WAF) to block legitimate payment traffic, halting all payment processing for 60 minutes. The SSL certificate for the payment gateway expired and was not renewed in time, triggering a false positive in the WAF configuration.",P1,security,synthetic_master
"API Key Rotation Failed, Halted Payments API key rotation in the payment-gateway integration failed, disrupting all transactions and causing a complete outage. The error affected 50 million daily transactions. An unexpected issue in the Kafka topic handling caused the API key rotation process to fail, impacting the payment-gateway integration.",P1,security,synthetic_master
"Vault Seal Detected: Payment Processing Halted A Vault seal event was detected, preventing the payment-service from reading secrets, leading to a complete outage of all payment processing. This affected 50 million daily transactions. A Vault seal was triggered due to a misconfiguration in the Kubernetes cluster, affecting the payment-service's ability to access necessary secrets.",P1,security,synthetic_master
"AWS IAM AccessDenied: s3:PutObject transaction-logs A critical security incident in our AWS WAF caused a complete outage, halting all payment processing. The error 'AWS IAM AccessDenied s3:PutObject transaction-logs' impacted the transaction logs, preventing the platform from recording and reviewing payment transactions. An unauthorized IAM user attempted to access S3, which triggered a policy violation and cascaded into the WAF service.",P1,security,synthetic_master
"SSL Certificate Expired for API Gateway The SSL certificate for api.fintechflow.io expired, causing an outage in the AWS IAM service, halting all payment processing and impacting revenue by $10k/minute. The SSL certificate for the API gateway expired, leading to a validation failure and subsequent service interruption.",P1,security,synthetic_master
"SSL Certificate Revocation - Payment Processing Halted A false positive WAF rule triggered by the revocation of an SSL certificate led to the blocking of legitimate payment transactions, causing a complete outage of payment processing. The WAF misinterpreted the SSL certificate revocation as an attack, resulting in the blocking of legitimate traffic.",P1,security,synthetic_master
"API Key Rotation Failure Disrupts Payment Processing API key rotation failed, causing the payment-gateway integration to break, halting all payment transactions and impacting revenue by $10k/minute in the production environment. Failed API key rotation in the Kubernetes cluster led to a misconfiguration in the FastAPI microservices, disrupting the payment-gateway integration.",P1,security,synthetic_master
"Vault Seal Triggered, Payment Secrets Unavailable A Vault seal was triggered, preventing the payment-service from reading secrets, halting all payment processing. This impacted 50 million daily transactions, resulting in a $10k/minute revenue loss. A misconfigured Vault policy or seal trigger led to the payment-service being unable to access necessary secrets.",P1,security,synthetic_master
"AWS IAM AccessDenied in WAF AWS WAF experienced an IAM AccessDenied error during a transaction log upload, halting all payment processing. The error 's3:PutObject' prevented transaction logs from being saved, impacting 50 million transactions per day. An incorrect IAM policy configuration allowed the AWS WAF role to fail when attempting to upload transaction logs to S3.",P1,security,synthetic_master
"AWS IAM SSL Certificate Expired The SSL certificate for api.fintechflow.io expired, causing a complete outage of payment processing. All transactions halted, impacting revenue by $10k/minute. The SSL certificate for api.fintechflow.io expired, leading to a certificate validation failure in our Java Spring Boot and Python FastAPI services.",P1,security,synthetic_master
"SSL Certificate Expired, Blocking Payments A false positive from the WAF due to an expired SSL certificate halted all payment transactions, impacting revenue by $10k per minute. The WAF incorrectly blocked legitimate payment traffic due to an expired SSL certificate, triggering a security alert.",P1,security,synthetic_master
"API Key Rotation Failed Payment Gateway Integration API key management failed to rotate keys, disrupting payment-gateway integration, halting all payment transactions. A critical task in HashiCorp Vault to rotate API keys for the payment-gateway integration failed, leading to a complete outage.",P1,security,synthetic_master
"HashiCorp Vault Seal Incident A Vault seal event caused the payment-service to lose access to critical secrets, resulting in a complete outage of payment processing. Error: Vault seal detected payment-service cannot read secrets. Affected transactions were halted, impacting 50 million daily transactions. A Vault sealing event occurred due to a misconfiguration in the Kubernetes cluster, leading to the payment-service pod being unable to communicate with Vault.",P1,security,synthetic_master
"AWS WAF Misconfiguration An AWS WAF misconfiguration led to an AccessDenied error (s3:PutObject) in transaction-logs, halting all payment processing for 1 hour. Improper IAM policy attached to the WAF role, allowing restricted actions.",P1,security,synthetic_master
"AWS IAM SSL Certificate Expired The SSL certificate for api.fintechflow.io expired, causing a complete outage in payment processing, affecting all transactions. The SSL certificate for the API gateway expired, leading to TLS handshakes failing and blocking all incoming requests.",P1,security,synthetic_master
"SSL Certificate Expired, Causing Payment Processing Halt The SSL certificate expired, triggering a WAF false positive that blocked legitimate payment traffic, halting all transaction processing for 60 minutes. The expired SSL certificate triggered Cloudflare's WAF, resulting in the blocking of legitimate payment traffic.",P1,security,synthetic_master
"API Key Rotation Failed Payment Integration Payment transactions were halted due to a failure in rotating API keys, disrupting the payment-gateway integration. Over 50 million transactions per day were impacted. A misconfiguration in HashiCorp Vault led to the failure of API key rotation, impacting the payment-gateway integration in the Kubernetes cluster.",P1,security,synthetic_master
"HashiCorp Vault Seal Lockout A critical security issue was detected in HashiCorp Vault, causing the payment-service to be unable to read necessary secrets, halting all payment transactions. A Vault seal event triggered a lockdown due to an unresponsive payment-service instance, preventing access to critical secrets.",P1,security,synthetic_master
"AWS IAM AccessDenied Impacting Payment Processing A critical AWS IAM policy issue caused an outage in the AWS WAF, halting all payment transactions for 60 minutes. The error 'AccessDenied s3:PutObject' impacted transaction-logs, leading to a $10k/minute revenue loss. A misconfigured IAM policy for an S3 bucket led to an AccessDenied error, disrupting the WAF's ability to log transactions.",P1,security,synthetic_master
"AWS IAM SSL Certificate Expired The SSL certificate for api.fintechflow.io expired, causing a complete outage of all payment processing. This impacted 50 million daily transactions, halting revenue flow at $10k per minute. The SSL certificate for the API gateway expired, leading to a security breach and subsequent service outage.",P1,security,synthetic_master
"SSL Certificate Expired, Blocking Payments A false positive from the Web Application Firewall (WAF) due to the expired SSL certificate caused a complete outage, halting all payment transactions. Affected services included Java Spring Boot and Python FastAPI applications. The SSL certificate was not renewed in time, triggering a false positive in the WAF, which blocked legitimate payment traffic.",P1,security,synthetic_master
"API Key Rotation Failure Halted Payments API key rotation failed, disrupting payment-gateway integration, halting all payment transactions. Error: 'API key rotation failed payment-gateway integration' appeared, affecting 50 million daily transactions. A misconfiguration in the Kubernetes deployment caused the API key rotation process to fail, impacting the payment-gateway integration.",P1,security,synthetic_master
"Vault Seal Incident Halts Payment Processing A Vault seal issue caused the payment-service to be unable to read secrets, leading to a complete outage of all payment processing transactions. Vault was sealed due to a misconfiguration triggering a security policy.",P1,security,synthetic_master
"AWS WAF Misconfiguration Due to an IAM policy misconfiguration, AWS WAF denied access to the s3:PutObject for transaction-logs, halting all payment processing and impacting 50 million daily transactions. IAM policy misconfiguration allowed insufficient permissions for the s3:PutObject action in the transaction-logs role.",P1,security,synthetic_master
"AWS IAM SSL Certificate Expired The SSL certificate for api.fintechflow.io expired, causing a complete outage in payment processing. This impacted all transactions involving the API gateway. The SSL certificate for the API gateway expired, leading to a certificate validation failure and subsequent service downtime.",P1,security,synthetic_master
"SSL Certificate Expired, Blocking Payments A false positive from the WAF due to an expired SSL certificate halted all payment processing, impacting 50 million transactions per day. The WAF misinterpreted the SSL certificate expiration as an attack vector, leading to blocking of legitimate payment traffic.",P1,security,synthetic_master
"API Key Rotation Failed, Halted Payments API key rotation in the payment-gateway integration failed, causing all payment transactions to be halted. The error affected our API key management service, impacting 50 million daily transactions. The rotation script for API keys in the Java Spring Boot service failed, disrupting the payment-gateway integration.",P1,security,synthetic_master
"Vault Seal Detected, Payment Processing Halted A Vault seal event was detected, preventing the payment-service from reading critical secrets. This resulted in a complete outage of all payment processing, affecting 50 million transactions per day. A Vault seal event triggered due to an unbalanced replication factor in the Vault cluster, impacting the payment-service's ability to read secrets.",P1,security,synthetic_master
"AWS WAF AccessDenied on S3 An AWS IAM AccessDenied error occurred, preventing the upload of transaction logs to S3, halting payment processing and impacting revenue by $10k/minute. IAM policy misconfiguration in HashiCorp Vault, leading to insufficient permissions for the AWS WAF service role.",P1,security,synthetic_master
"SSL Certificate Expired: API Gateway Outage The SSL certificate for api.fintechflow.io expired, causing an outage in the AWS IAM service, halting all payment processing for 60 minutes and resulting in a $10k/minute revenue impact. The SSL certificate for the API gateway expired, leading to a trust failure and subsequent outage.",P1,security,synthetic_master
"SSL Certificate Expired, WAF Blocking Payments An expired SSL certificate caused WAF to block legitimate payment traffic, halting all transaction processing. This impacted 50 million daily transactions, resulting in a $10k/minute revenue loss. The SSL certificate was not renewed in time, leading to a false positive from the WAF, which blocked legitimate traffic.",P1,security,synthetic_master
"API Key Rotation Failure Halted Payments API key rotation failed, disrupting payment-gateway integration, halting all payment transactions for 60 minutes. Over 50 million transactions were affected, leading to a $10k/minute revenue loss. Kubernetes pod failure during API key rotation task, causing the payment-gateway integration to fail.",P1,security,synthetic_master
"Vault Seal Triggered, Payment Secrets Unavailable A seal event was detected in HashiCorp Vault, preventing the payment-service from reading critical secrets. This affected all payment transactions, causing a complete outage. A seal event was triggered due to a misconfiguration in the Vault's backend storage, impacting the payment-service's ability to read secrets.",P1,security,synthetic_master
"AWS IAM AccessDenied Impacting Payment Processing An AWS IAM policy issue caused a complete outage of AWS WAF, halting all payment transactions. The error 'AWS IAM AccessDenied s3:PutObject transaction-logs' was detected in the logs, affecting 50 million daily transactions. Incorrect IAM policy assigned to the WAF role, restricting access to S3 for logging transaction-logs.",P1,security,synthetic_master
"SSL Certificate Expiry Caused IAM Outage The SSL certificate for api.fintechflow.io expired, causing issues with AWS IAM, halting payment processing for 60 minutes and resulting in a $10k/minute revenue loss. The SSL certificate for the API gateway expired, leading to authentication issues and disrupting payment processing.",P1,security,synthetic_master
"SSL Certificate Expired, WAF Blocking Traffic A critical SSL certificate expired, causing the Web Application Firewall (WAF) to block legitimate payment transactions. This impacted all payment processing, halting 50 million transactions per day. The SSL certificate expired and the WAF misconfigured the blocking rules, leading to false positives.",P1,security,synthetic_master
"API Key Rotation Failure Disrupts Payment Gateway The API key management system failed to rotate keys, disrupting payment-gateway integrations and halting all payment processing for 60 minutes. The scheduled API key rotation job in HashiCorp Vault failed due to a misconfigured cron job, affecting the payment-gateway integration in Java Spring Boot and Python FastAPI applications.",P1,security,synthetic_master
"Vault Seal Detected: Payment Processing Halted HashiCorp Vault seal detected, preventing the payment-service from reading secrets, halting all payment transactions. Error: Vault seal detected payment-service cannot read secrets. The Vault seal was triggered due to a misconfiguration in the Kubernetes cluster, leading to the failure of the payment-service to access necessary secrets.",P1,security,synthetic_master
"AWS IAM AccessDenied on S3 PutObject AWS WAF encountered an AccessDenied error for s3:PutObject, halting all payment processing. This affected transaction-logs and resulted in a $10k/minute revenue impact. IAM policy issue for the AWS WAF service role in FinTechFlow’s stack.",P1,security,synthetic_master
"AWS IAM SSL Certificate Expired The SSL certificate for api.fintechflow.io expired, causing a complete outage of payment processing. All transactions were halted, impacting revenue by $10k/minute. The SSL certificate for the API gateway expired, leading to certificate validation failures and subsequent service disruptions.",P1,security,synthetic_master
"SSL Certificate Expired, WAF Blocked Traffic The SSL certificate for FinTechFlow's production environment expired, causing a false positive in the Web Application Firewall (WAF) that blocked legitimate payment transactions. This affected all payment processing, halting revenue flow. The SSL certificate renewal process was delayed, leading to an expired certificate and subsequent WAF false positive.",P1,security,synthetic_master
"API Key Rotation Failed, Payment Processing Halted API key rotation for payment-gateway integration failed, causing a complete outage and halting all payment transactions. This impacted 50 million daily transactions, resulting in a revenue loss of $10k per minute. Rotation failure due to a misconfiguration in the Kubernetes deployment of the FastAPI service interfacing with the payment gateway.",P1,security,synthetic_master
"HashiCorp Vault Seal Detected, Payment Processing Stopped A Vault seal event was detected, preventing the payment-service from reading necessary secrets. This halted all payment transactions, impacting revenue by $10k per minute. An unhandled Vault seal event in the payment-service caused the application to fail to read secrets from Vault.",P1,security,synthetic_master
"AWS WAF AccessDenied - S3 PutObject Payment processing was halted due to an AWS IAM AccessDenied error on the AWS WAF service, preventing the upload of transaction-logs to S3. This impacted all payment transactions. Incorrect IAM policy assignment led to a permissions issue, blocking the required s3:PutObject action.",P1,security,synthetic_master
"SSL Certificate Expired on API Gateway The SSL certificate for api.fintechflow.io expired, causing a complete outage of the API gateway and halting all payment processing. This impacted 50 million daily transactions. The SSL certificate for the API gateway was not renewed in time, affecting the security and availability of the API.",P1,security,synthetic_master
"SSL Certificate Expired, WAF Blocked Traffic An SSL certificate expired, causing the Web Application Firewall (WAF) to block legitimate payment traffic, resulting in a complete outage of payment processing. The SSL certificate renewal process was not automated, leading to its expiration and subsequent blocking of traffic by the WAF.",P1,security,synthetic_master
"API Key Rotation Failed Payment Gateway Integration API key management in FinTechFlow experienced a critical failure, causing the payment-gateway integration to break, halting all payment transactions. The error indicated that API key rotation failed, disrupting the payment flow. A configuration error in HashiCorp Vault led to the failure of API key rotation, impacting the payment-gateway integration in Kubernetes on AWS EKS.",P1,security,synthetic_master
"Vault Seal Error Halted Payment Processing A Vault seal error caused the payment-service to fail reading secrets, halting all payment transactions. The error 'Vault seal detected payment-service cannot read secrets' was reported. Vault seal activation due to insufficient backup and recovery procedures in place.",P1,security,synthetic_master
"AWS WAF Security Breach Halted Transactions Payment processing was halted due to an AWS IAM AccessDenied error 's3:PutObject transaction-logs' impacting S3 access for AWS WAF logs. IAM policy misconfiguration allowed only read access to S3, preventing write operations necessary for AWS WAF logs.",P1,security,synthetic_master
"AWS IAM SSL Certificate Expired The SSL certificate for api.fintechflow.io expired, causing a complete outage of all payment processing. This affected 50 million daily transactions. The SSL certificate for the API gateway expired, leading to a security breach and service interruption.",P1,security,synthetic_master
"SSL Certificate Expired, WAF Blocked Payments An expired SSL certificate led to a false positive from the WAF, blocking legitimate payment transactions. This impacted all payment processing, halting transactions globally. The SSL certificate expired, triggering a WAF rule that falsely identified legitimate payment traffic as malicious.",P1,security,synthetic_master
"API Key Rotation Failure Payment transactions were halted due to a failed API key rotation process, disrupting payment-gateway integrations. This error impacted all transactions involving API keys. A critical task in HashiCorp Vault failed, preventing the rotation of API keys necessary for payment-gateway integrations.",P1,security,synthetic_master
"Vault Seal Impacting Payment Services HashiCorp Vault detected a seal event, preventing the payment-service from reading secrets, halting all payment transactions. Vault seal event triggered due to a misconfiguration in the Kubernetes cluster, preventing the payment-service pods from accessing required secrets.",P1,security,synthetic_master
"AWS WAF Configuration Error An AWS IAM policy error caused a critical outage, halting payment processing and affecting 50 million daily transactions. The error was an 'AccessDenied' for 's3:PutObject' on transaction-logs. Improper IAM policy configuration for AWS WAF in the FinTechFlow environment.",P1,security,synthetic_master
"AWS IAM SSL Certificate Expired The SSL certificate for api.fintechflow.io expired, causing an outage in our B2B payment processing platform and halting all payment transactions. The SSL certificate for the API gateway expired, leading to connection errors and subsequently an outage.",P1,security,synthetic_master
"SSL Certificate Expired, WAF Blocking Traffic An expired SSL certificate led to WAF blocking legitimate payment traffic, causing a complete outage and halting all payment processing. Revenue impact was $10k/minute during the 60-minute incident. The SSL certificate expired and the Web Application Firewall (WAF) misinterpreted the expired certificate as a security threat, blocking all payment traffic.",P1,security,synthetic_master
"API Key Rotation Failed, Halted Payment Processing API key rotation failed, causing payment-gateway integration to break, halting all payment transactions and impacting revenue by $10k/minute. A configuration error in HashiCorp Vault led to the API key rotation script failing, disrupting the payment-gateway integration.",P1,security,synthetic_master
"HashiCorp Vault Seal Detected A security incident occurred in the production environment, where the Vault seal detected an issue, preventing the payment-service from reading necessary secrets. This affected all payment transactions. The Vault seal was triggered due to a configuration change that inadvertently caused the Vault to seal itself, leading to a complete outage of the payment processing services.",P1,security,synthetic_master
"AWS IAM AccessDenied: S3 PutObject Error An AWS WAF misconfiguration led to an AccessDenied error for s3:PutObject, halting all payment transaction logs and causing a complete outage. Affected transactions were halted, impacting payment processing and revenue. Incorrect IAM policy attached to the WAF user, allowing access to S3 PutObject permissions.",P1,security,synthetic_master
"SSL Certificate Expired - API Gateway Outage The SSL certificate for api.fintechflow.io expired, causing a complete outage of our B2B payment processing platform. This affected all payment transactions, halting revenue generation. The SSL certificate for api.fintechflow.io expired, leading to a certificate validation failure in our Kubernetes cluster.",P1,security,synthetic_master
"SSL Certificate Expired, Blocking Payments An SSL certificate expired, causing the Web Application Firewall (WAF) to block legitimate payment traffic, halting all transaction processing for 60 minutes. The SSL certificate for the payment processing endpoint expired and was not renewed in time, leading to WAF blocking legitimate traffic.",P1,security,synthetic_master
"API Key Rotation Failure Disrupts Payment Gateway During the API key rotation, the payment-gateway integration failed, causing a complete outage of payment processing for 60 minutes, impacting all transactions. A misconfiguration in the Kafka topic subscription caused the rotation process to fail, impacting the payment-gateway integration.",P1,security,synthetic_master
"Vault Seal Error Disrupts Payment Processing A Vault seal error occurred, preventing the payment-service from reading secrets. This affected 50 million daily transactions, causing a complete outage. A Vault seal detected due to a misconfiguration in the payment-service, preventing access to necessary secrets.",P1,security,synthetic_master
"AWS WAF AccessDenied s3:PutObject A critical security issue caused an AccessDenied error with the s3:PutObject action on AWS WAF, halting all payment transactions for an hour, impacting revenue by $10k/minute. Incorrect IAM policy assigned to the service role for AWS WAF, allowing only necessary actions.",P1,security,synthetic_master
"AWS IAM SSL Certificate Expired The SSL certificate for api.fintechflow.io expired, causing an interruption in API services and halting payment processing for 1 hour. The SSL certificate for the API gateway expired, leading to certificate validation failures and API service disruptions.",P1,security,synthetic_master
"SSL Certificate Expired, Caused Payment Processing Halt The SSL certificate on the payment gateway expired, causing WAF to block legitimate traffic, resulting in a complete outage of all payment processing. The SSL certificate for the payment gateway expired, triggering a WAF false positive and blocking legitimate payment traffic.",P1,security,synthetic_master
"API Key Rotation Failure Halted Payments API key rotation for the payment-gateway integration failed, causing a complete outage and halting all payment transactions. The error affected 50 million daily transactions. The API key rotation process encountered a critical error in the FastAPI service, preventing the seamless transition of keys to the payment gateway.",P1,security,synthetic_master
"Vault Seal Compromised, Payment Processing Halted HashiCorp Vault seal detected, preventing the payment-service from reading critical secrets, resulting in a complete outage of all payment processing. This impacted 50 million daily transactions and led to a $10k/minute revenue loss. Vault was improperly configured, leading to a seal state that blocked access to secrets required for payment processing.",P1,security,synthetic_master
"AWS WAF Configuration Error Halted Transactions Payment transactions were halted due to an AWS WAF configuration error, resulting in an AccessDenied error with s3:PutObject on transaction-logs. This impacted all payment processing. Misconfigured IAM policy for the WAF rule led to an AccessDenied error, preventing the logs from being stored in S3.",P1,security,synthetic_master
"SSL Certificate Expired on API Gateway The SSL certificate for api.fintechflow.io expired, causing a complete outage of payment processing and revenue loss of $10k/minute. This impacted all transactions processed through the API layer. The SSL certificate for the API gateway was not renewed in time, affecting the secure communication layer of FinTechFlow's payment processing platform.",P1,security,synthetic_master
"SSL Certificate Expired, WAF Blocking Traffic A SSL certificate for the payment processing system expired, causing the Web Application Firewall (WAF) to block legitimate payment traffic, halting all payment transactions. The SSL certificate expired, triggering a false positive in the WAF, which blocked all incoming payment traffic.",P1,security,synthetic_master
"API Key Rotation Failure During the API key rotation, the payment-gateway integration failed, causing a complete outage in payment processing, impacting 50 million transactions per day. The API key rotation process in the Java Spring Boot application failed to update the payment-gateway configuration in time, leading to a complete outage.",P1,security,synthetic_master
"Vault Seal Detection Halted Payment Processing A seal detection event on HashiCorp Vault led to a complete outage of payment processing, impacting all transactions. The error 'Vault seal detected payment-service cannot read secrets' was reported, halting all payment transactions. A seal event on HashiCorp Vault caused the payment-service to lose access to secrets, leading to a complete outage of payment processing.",P1,security,synthetic_master
"AWS WAF AccessDenied s3:PutObject An AWS IAM AccessDenied error occurred, preventing the upload of transaction logs to S3, halting payment processing and affecting 50 million transactions per day. Misconfigured AWS IAM policy for the WAF role, allowing only s3:GetObject but not s3:PutObject.",P1,security,synthetic_master
"SSL Certificate Expired for API Gateway An SSL certificate for api.fintechflow.io expired, causing a complete outage in payment processing. All transactions via the API were halted, leading to significant revenue loss. The SSL certificate for the API gateway service expired, leading to connection failures and subsequent payment processing interruptions.",P1,security,synthetic_master
"WAF False Positive Halts Payment Processing A false positive from the WAF triggered by a legitimate payment request led to SSL certificate issues, halting all payment transactions for 60 minutes. This impacted 50 million transactions per day, resulting in a $10k/minute revenue loss. A misconfigured WAF rule in the Kubernetes cluster on AWS EKS triggered an SSL certificate revocation, blocking legitimate traffic.",P1,security,synthetic_master
"API Key Rotation Failure Disrupted Payment Processing A critical failure in API key management caused the rotation of API keys to fail, disrupting the payment-gateway integration and halting all payment transactions. The API key rotation process failed due to a misconfigured Kubernetes job that triggered the rotation, interrupting the payment-gateway integration in production.",P1,security,synthetic_master
"Vault Seal Triggered, Payment-Service Secrets Unreadable The HashiCorp Vault seal was triggered, causing the payment-service to be unable to read necessary secrets. This affected 50 million daily transactions, leading to increased customer complaints. A configuration issue in the Vault seal threshold led to the seal being triggered, disrupting access to secrets required by the payment-service.",P2,security,synthetic_master
"AWS WAF AccessDenied Error AWS WAF experienced an AccessDenied error related to s3:PutObject transaction-logs, impacting payment transactions in production. IAM policy misconfiguration in FinTechFlow’s AWS environment led to the AccessDenied error.",P2,security,synthetic_master
"AWS IAM SSL Certificate Expired The SSL certificate for api.fintechflow.io expired, leading to SSL handshake failures and API service disruptions, affecting payment transactions. The SSL certificate for the API gateway expired, causing TLS handshake failures and impacting service availability.",P2,security,synthetic_master
"SSL Certificate Issue Caused Payment Failures A false positive from the Web Application Firewall (WAF) blocked legitimate payment traffic due to an SSL certificate issue, impacting 5% of transactions and leading to customer complaints. A misconfiguration in the SSL certificate led to the WAF incorrectly blocking legitimate traffic.",P2,security,synthetic_master
"API Key Rotation Failure Disrupts Payment Gateway The API key management system failed to rotate keys, causing payment-gateway integrations to break and impacting 50 million daily transactions, leading to customer complaints. A scheduled API key rotation task in the Kubernetes cluster failed due to a misconfigured CronJob, disrupting payment-gateway integrations.",P2,security,synthetic_master
"Vault Seal Triggered, Payment Secrets Unreadable A seal event was detected in HashiCorp Vault, preventing the payment-service from reading necessary secrets. This affected 10% of daily transactions, causing customer complaints to rise. A misconfigured Vault seal triggered due to a recent policy update, impacting the payment-service deployment.",P2,security,synthetic_master
"AWS WAF IAM AccessDenied Error AWS WAF experienced an IAM AccessDenied error for s3:PutObject transaction-logs, impacting payment transactions and causing customer complaints. IAM policy misconfiguration in HashiCorp Vault led to an AccessDenied error when attempting to upload transaction-logs to S3.",P2,security,synthetic_master
"SSL Certificate Expired on API Gateway The SSL certificate for api.fintechflow.io expired, causing API requests to fail and some transactions to be processed incorrectly, leading to customer complaints. The SSL certificate for the API gateway was not renewed in time, leading to communication issues between the services and external clients.",P2,security,synthetic_master
"WAF False Positive Blocks Payment Traffic A false positive alert from the WAF caused by an SSL certificate misconfiguration led to blocked payment transactions, affecting 5% of daily transactions. Misconfiguration of the SSL certificate triggered a false positive in the WAF, blocking legitimate payment traffic.",P2,security,synthetic_master
"API Key Rotation Failed Payment Gateway Integration The API key management system failed to rotate keys, disrupting payment-gateway integrations and causing some transactions to fail. Customer complaints regarding payment issues have increased. A misconfigured HashiCorp Vault trigger caused the API key rotation process to fail, impacting payment-gateway integrations.",P2,security,synthetic_master
"Vault Seal Incident: Payment-Service Secrets Unavailable HashiCorp Vault experienced a sealing event, preventing the payment-service from reading necessary secrets. This led to some transaction failures and increased customer complaints. A manual seal command was executed on the Vault instance, locking out the payment-service application.",P2,security,synthetic_master
"AWS WAF AccessDenied s3:PutObject An AWS IAM AccessDenied error occurred, preventing the upload of transaction-logs to S3, affecting payment transactions in the production environment. An IAM policy update inadvertently removed the necessary permissions for the WAF to upload logs to S3.",P2,security,synthetic_master
"AWS IAM SSL Certificate Expired The SSL certificate for api.fintechflow.io expired, leading to SSL handshake failures and some transactional API requests failing. This affected payment processing and resulted in customer complaints. The SSL certificate for the API gateway expired, causing SSL certificate validation failures.",P2,security,synthetic_master
"SSL Certificate Error Caused Payment Failures Due to a WAF blocking legitimate payment traffic due to a false positive, SSL certificate issues led to a significant degradation in service, affecting 50 million daily transactions and causing customer complaints to rise. A misconfiguration in the WAF rules caused it to block legitimate payment traffic, triggered by a change in the SSL certificate that was not properly propagated.",P2,security,synthetic_master
"API Key Rotation Failure Disrupts Payment Gateway Integration The API key management system failed to rotate API keys, causing the payment-gateway integration to break, resulting in some payment transactions failing and customer complaints increasing. A misconfigured Kubernetes job in the FinTechFlow stack led to the API key rotation process failing.",P2,security,synthetic_master
"Vault Seal Compromised - Payment-SRE The HashiCorp Vault seal event indicated that the payment-service was unable to read secrets, leading to service degradation and transaction failures. Affected transactions included those processed by the payment-service, impacting customer experience and generating complaints. The Vault seal event was triggered due to an unexpected disconnection, causing the payment-service to lose access to critical secrets.",P2,security,synthetic_master
"AWS WAF AccessDenied in S3 Logs AWS WAF encountered an AccessDenied error while attempting to upload transaction-logs to S3, impacting payment transactions. Engineers observed a rise in customer complaints due to some transactions failing. IAM policy misconfiguration led to AWS WAF lacking permissions to upload logs to S3.",P2,security,synthetic_master
"AWS IAM SSL Certificate Expired The SSL certificate for api.fintechflow.io expired, causing a security issue that led to some payment transactions failing and customer complaints increasing. The SSL certificate for the API endpoint expired, exposing the service to potential security risks.",P2,security,synthetic_master
"WAF False Positive Blocking Payments A false positive from the WAF caused by a misconfigured SSL certificate led to legitimate payment traffic being blocked, resulting in transaction failures and customer complaints. A misconfigured SSL certificate triggered a false positive in the WAF, blocking legitimate traffic.",P2,security,synthetic_master
"API Key Rotation Failed Payment Integration During the rotation of API keys, the integration with the payment gateway failed, causing some transactions to be rejected and customer complaints to rise. A misconfigured Kafka topic led to the payment gateway not receiving the updated API keys in time.",P2,security,synthetic_master
"Vault Seal Detected - Payment Service Secret Read Failure The HashiCorp Vault seal detected an issue, preventing the payment service from reading necessary secrets. This affected some payment transactions, leading to customer complaints. A Vault seal activation due to a misconfiguration or unexpected shutdown event, preventing the payment service from accessing required secrets.",P2,security,synthetic_master
"AWS WAF AccessDenied on S3 Logs AWS WAF encountered an AccessDenied error for s3:PutObject on transaction-logs, affecting payment processing in the production environment. IAM policy misconfiguration in HashiCorp Vault led to insufficient permissions for AWS WAF.",P2,security,synthetic_master
"SSL Certificate Expired for api.fintechflow.io The SSL certificate for api.fintechflow.io expired, causing issues with HTTPS connections and impacting some payment transactions. Customer complaints have increased due to service disruptions. The SSL certificate renewal process was not automated, leading to an expired certificate.",P2,security,synthetic_master
SSL Certificate WAF False Positive A false positive WAF blocking legitimate payment traffic due to an SSL certificate issue caused partial transaction failures and increased customer complaints. A misconfigured security group rule for the SSL termination point in the Kubernetes cluster led to WAF blocking legitimate traffic.,P2,security,synthetic_master
"API Key Rotation Failed Payment Gateway Integration During the rotation of API keys, the integration with the payment gateway failed, causing some transactions to be processed incorrectly and leading to customer complaints. The rotation script did not properly handle the concurrent API key usage, causing the payment gateway to receive invalid credentials.",P2,security,synthetic_master
"HashiCorp Vault Seal Detected: Payment-Service Secrets Unavailable The HashiCorp Vault seal detection issue caused the payment-service to fail in reading critical secrets, leading to some transactions failing and increasing customer complaints. A misconfiguration in the Vault seal trigger led to the seal being activated, preventing the payment-service from accessing necessary secrets.",P2,security,synthetic_master
"AWS WAF IAM AccessDenied Error AWS WAF encountered an AccessDenied error related to s3:PutObject transaction-logs, impacting payment transactions and leading to customer complaints. A misconfigured IAM policy for the AWS WAF service role led to an AccessDenied error when attempting to upload transaction-logs to S3.",P2,security,synthetic_master
"SSL Certificate Expired for API Gateway The SSL certificate for api.fintechflow.io expired, causing the AWS IAM service to fail, resulting in some payment transactions failing and customer complaints rising. The SSL certificate for the API gateway expired, leading to SSL handshake failures.",P2,security,synthetic_master
"SSL Certificate Error Caused WAF Blockage An SSL certificate misconfiguration led to Cloudflare Web Application Firewall (WAF) blocking legitimate payment traffic, causing some transactions to fail and customer complaints to rise. A recent certificate rollover led to a misconfiguration in the Cloudflare WAF rules, causing false positives.",P2,security,synthetic_master
"API Key Rotation Failed Payment Gateway Integration During the rotation of API keys, the payment-gateway integration process failed, causing some transactions to be rejected and leading to customer complaints. A misconfiguration in the Kafka topic subscription led to a delay in processing the API key rotation event, affecting the payment-gateway integration.",P2,security,synthetic_master
"Vault Seal Triggered, Payment Secrets Unreadable Vault seal detected, preventing the payment-service from reading secrets, leading to transaction failures and rising customer complaints. Seal triggered in Vault due to unexpected high traffic, impacting payment-service.",P2,security,synthetic_master
"AWS IAM AccessDenied Issue AWS WAF experienced an AccessDenied error (s3:PutObject transaction-logs) in production, impacting transaction logging and causing some payment transactions to fail. Insufficient IAM permissions for the WAF role to write to S3 transaction logs.",P2,security,synthetic_master
"SSL Certificate Expired for API Gateway The SSL certificate for api.fintechflow.io expired, leading to API failures and transactional issues. This impacted all payment transactions processed through the API. The SSL certificate was not renewed in time, causing a certificate expiration error.",P2,security,synthetic_master
"WAF False Positive Blocking SSL Traffic A false positive from the WAF blocked legitimate payment traffic, leading to SSL certificate issues and customer complaints. This impacted transactions processed via the Java Spring Boot and Python FastAPI services. A misconfigured WAF rule triggered a false positive, blocking legitimate payment traffic due to SSL certificate issues.",P2,security,synthetic_master
"API Key Rotation Failed Payment Gateway Integration During the API key rotation, the payment-gateway integration failed, causing some transactions to be rejected and customer complaints to increase. A misconfigured Prometheus alert triggered the rotation, which coincided with high transaction volumes, leading to integration failures.",P2,security,synthetic_master
"Vault Seal Triggered, Secrets Unavailable A Vault seal event occurred, preventing the payment-service from reading secrets, impacting 10% of transactions. Customers began reporting failed transactions and delays. The Vault was triggered into seal mode due to a misconfigured health check in the Kubernetes cluster, impacting the payment-service secrets retrieval.",P2,security,synthetic_master
"AWS WAF AccessDenied Error AWS WAF encountered an AccessDenied error during transaction-logs s3:PutObject, leading to some payment transactions failing and customer complaints increasing. An IAM policy issue with insufficient permissions for the AWS WAF role to write transaction logs to S3.",P2,security,synthetic_master
"SSL Certificate Expired on api.fintechflow.io The SSL certificate for api.fintechflow.io expired, causing issues with secure connections and affecting API transactions. Payment transactions through this endpoint were impacted, leading to customer complaints. The SSL certificate renewal process was delayed, leading to an expired certificate on the API endpoint.",P2,security,synthetic_master
"SSL Certificate Issue Caused Payment Failures A false positive from WAF blocked legitimate payment traffic, causing SSL certificate issues and affecting 50,000 transactions during peak hours. A misconfiguration in the WAF detected a benign request as malicious, triggering SSL certificate validation errors.",P2,security,synthetic_master
"API Key Rotation Failed Payment Gateway Integration API key rotation in the API key management service failed, disrupting payment-gateway integration, leading to transaction failures and increased customer complaints. A misconfigured Kubernetes deployment caused the API key rotation job to fail, affecting the payment-gateway integration in the production environment.",P2,security,synthetic_master
"Vault Seal Error Disrupts Payment Processing A Vault seal error occurred, preventing the payment-service from reading secrets, leading to some transaction failures and increased customer complaints. The Vault was sealed due to a misconfigured backup policy triggering a seal, affecting payment-service access to secrets.",P2,security,synthetic_master
"AWS IAM AccessDenied Error Impacting Transaction Logs An AWS IAM AccessDenied error occurred, preventing the upload of transaction logs to S3, leading to transaction failures and rising customer complaints. Misconfiguration of AWS IAM policy for the S3 bucket used to store transaction logs.",P2,security,synthetic_master
"AWS IAM SSL Certificate Expired The SSL certificate for api.fintechflow.io expired, causing issues with secure API communications and affecting transaction processing. The SSL certificate for the API endpoint expired and was not renewed in time.",P2,security,synthetic_master
"SSL Certificate Issue Caused Payment Failures A false positive from our Web Application Firewall (WAF) blocked legitimate payment traffic due to an SSL certificate misconfiguration, impacting 50,000 transactions in the last hour. Incorrect SSL certificate configuration triggered WAF rules, causing false positives and blocking legitimate transactions.",P2,security,synthetic_master
"API Key Rotation Failed, Disrupted Payments API key rotation for payment-gateway integration failed, causing some transactions to fail and customer complaints to rise. A misconfigured Kubernetes job caused the API key rotation task to fail, impacting the payment-gateway integration.",P2,security,synthetic_master
"HashiCorp Vault Seal Detected, Secrets Unreadable HashiCorp Vault experienced a seal event, preventing the payment-service from reading critical secrets, affecting transaction processing and leading to customer complaints. Insufficient monitoring and alerting for Vault seal events, leading to delayed detection and resolution.",P2,security,synthetic_master
"AWS WAF AccessDenied Error Due to an AWS IAM AccessDenied error related to s3:PutObject transaction-logs, the AWS WAF service experienced a degradation, causing some payment transactions to fail and customer complaints to rise. An incorrect IAM policy assignment caused the s3:PutObject permission to be denied, impacting the transaction-logs storage.",P2,security,synthetic_master
"SSL Certificate Expired on API Gateway The SSL certificate for api.fintechflow.io expired, causing a security issue that led to some payment transactions failing and increasing customer complaints. The SSL certificate for the API gateway was not renewed in time, leading to SSL handshake failures.",P2,security,synthetic_master
"SSL Certificate Expired, Causing Payment Failures A WAF false positive blocked legitimate payment traffic due to an expired SSL certificate, affecting transaction processing and leading to customer complaints. The SSL certificate on the production environment expired, triggering a WAF rule to block traffic.",P2,security,synthetic_master
"API Key Rotation Failed Payment Integration API key rotation in the API key management service failed, causing issues with the payment-gateway integration and resulting in some transaction failures and increased customer complaints. A misconfiguration in the Python FastAPI service triggered during the API key rotation process caused the payment-gateway integration to fail.",P2,security,synthetic_master
"Vault Seal Incident Disrupts Payment-Secrets Access HashiCorp Vault experienced a seal event, preventing the payment-service from reading necessary secrets, leading to some transaction failures and increased customer complaints. A manual seal operation on the Vault instance was not properly communicated to the SRE team, causing the payment-service to lose access to critical secrets.",P2,security,synthetic_master
"AWS WAF AccessDenied on S3 Logs AWS WAF encountered an AccessDenied error attempting to upload transaction-logs to S3, leading to a brief degradation of service and increased customer complaints. Improper IAM policy assignment for the AWS WAF role, restricting access to S3.",P2,security,synthetic_master
"SSL Certificate Expired for API Endpoint The SSL certificate for api.fintechflow.io expired, causing API requests to fail and impacting transaction processing. This issue affected payment transactions and led to customer complaints. The SSL certificate for the API gateway was not renewed in time, leading to a certificate expiration and security vulnerabilities.",P2,security,synthetic_master
"WAF False Positive Blocking Payment Traffic A false positive from the WAF blocked legitimate payment traffic, causing some transactions to fail and leading to an increase in customer complaints. A misconfigured WAF rule in the Kubernetes cluster on AWS EKS, triggered by the SSL certificate renewal process.",P2,security,synthetic_master
"API Key Rotation Failed Payment Gateway Integration During the API key rotation, the payment-gateway integration failed, causing some transactions to be processed incorrectly and leading to customer complaints. An issue with the Kafka topic configuration led to the failure of the API key rotation process, disrupting the payment-gateway integration.",P2,security,synthetic_master
"HashiCorp Vault Seal Error Affects Payments A Vault seal error caused the payment-service to fail reading secrets, leading to some payment transactions failing and customer complaints increasing. HashiCorp Vault was sealed due to a misconfigured threshold in the key management policy, preventing the payment-service from accessing necessary secrets.",P2,security,synthetic_master
"AWS WAF IAM AccessDenied - S3 Transaction Logs Due to an IAM policy issue, AWS WAF encountered an 'AccessDenied' error for 's3:PutObject' on transaction-logs, impacting payment processing and causing some transactions to fail. IAM policy misconfiguration allowed WAF to access S3 but lacked the necessary permissions to put objects in the 'transaction-logs' bucket.",P2,security,synthetic_master
"AWS IAM SSL Certificate Expired The SSL certificate for api.fintechflow.io expired, causing security issues and impacting transaction processing. The SSL certificate for the API gateway expired, leading to SSL handshake failures.",P2,security,synthetic_master
"SSL Certificate Misconfiguration A misconfiguration of the SSL certificate led to WAF blocking legitimate payment traffic, causing some transactions to fail and customer complaints to rise. The SSL certificate was incorrectly configured, causing the WAF to block legitimate traffic.",P2,security,synthetic_master
"API Key Rotation Failed Payment Integration API key rotation for payment-gateway integration failed, causing some transactions to fail and increasing customer complaints. A misconfigured Kafka topic in the Java Spring Boot microservice led to the failure of API key rotation.",P2,security,synthetic_master
"Vault Seal Triggered, Payment-Services Affected HashiCorp Vault seal triggered, preventing payment-service from reading secrets, causing some transactions to fail and customer complaints to rise. Vault seal triggered due to misconfigured threshold in HashiCorp Vault's recovery process.",P2,security,synthetic_master
"AWS WAF AccessDenied: s3:PutObject An AccessDenied error occurred for the AWS WAF configuration, impacting transaction-logs storage in S3. This affected 5% of transaction-logging services, leading to some payment transactions failing and customer complaints rising. A misconfigured IAM policy for the WAF role led to an AccessDenied error when attempting to write transaction logs to S3.",P2,security,synthetic_master
"SSL Certificate Expired on API Gateway The SSL certificate for api.fintechflow.io expired, causing connection issues and some transactions to fail. This impacted payment processing for a subset of our customers. The SSL certificate for the API gateway was not renewed in time, leading to connection failures.",P2,security,synthetic_master
"WAF Misfire on SSL Renewal A false positive from the WAF blocked legitimate payment traffic, causing some transactions to fail and customer complaints to rise. The issue affected SSL certificate handling in our production environment. A misconfigured WAF rule triggered by the SSL certificate renewal process.",P2,security,synthetic_master
"API Key Rotation Failed Payment Gateway Integration During the API key rotation process, an error occurred, failing the payment-gateway integration, impacting 500,000 transactions. A misconfiguration in the Kafka topic for API key notifications caused the payment-gateway integration to fail during the rotation process.",P2,security,synthetic_master
"HashiCorp Vault Seal Incident The HashiCorp Vault seal event caused the payment-service to fail in reading secrets, resulting in some transaction failures and increased customer complaints. A Vault seal event triggered due to low disk space, impacting the payment-service's ability to read secrets.",P2,security,synthetic_master
"AWS WAF AccessDenied on S3 Logs AWS WAF rules failed due to an AccessDenied error on s3:PutObject for transaction-logs, impacting payment processing in the production environment. IAM policy misconfiguration in HashiCorp Vault caused the AccessDenied error on s3:PutObject.",P2,security,synthetic_master
"SSL Certificate Expired on API Gateway The SSL certificate for api.fintechflow.io expired, leading to API service degradation and failed transactions. This impacted 50 million daily transactions, causing customer complaints to rise. The SSL certificate for the API gateway was not renewed in time, exposing the service to security risks and disrupting transactional integrity.",P2,security,synthetic_master
"SSL Certificate Misconfiguration A misconfiguration in the SSL certificate led to WAF blocking legitimate payment traffic, causing some transactions to fail and increasing customer complaints. A misconfiguration in the SSL certificate caused the Web Application Firewall (WAF) to incorrectly block legitimate payment traffic.",P2,security,synthetic_master
"API Key Rotation Failure The API key rotation process failed, disrupting payment transactions and causing customer complaints. The error was related to the payment-gateway integration. A configuration issue in HashiCorp Vault led to the failure of API key rotation, affecting the payment-gateway integration.",P2,security,synthetic_master
"Vault Seal Detected, Payment Secrets Unreadable The HashiCorp Vault seal event caused payment-service to fail reading secrets, leading to some transactions failing and customer complaints increasing. A seal event on HashiCorp Vault triggered due to a misconfigured threshold, preventing the payment-service from accessing necessary secrets.",P2,security,synthetic_master
"AWS WAF AccessDenied Error Due to an AWS IAM AccessDenied error for the s3:PutObject transaction-logs permission, the AWS WAF service experienced a degradation, causing some transaction logs to fail and affecting transaction processing. An incorrect IAM policy was applied to the service role for the AWS WAF, missing the necessary s3:PutObject permission for transaction logs.",P2,security,synthetic_master
"SSL Certificate Expired for api.fintechflow.io The SSL certificate for api.fintechflow.io expired, leading to connection issues and failing transactions. This impacted both Java Spring Boot and Python FastAPI services, affecting customer payments and resulting in rising complaints. The SSL certificate for the API gateway service was not renewed in time, leading to certificate expiration and security vulnerabilities.",P2,security,synthetic_master
"WAF False Positive Blocking Payment Traffic The SSL certificate misconfiguration led to a Web Application Firewall (WAF) blocking legitimate payment traffic, causing some transactions to fail and increasing customer complaints. Incorrect SSL certificate configuration triggered a false positive in the WAF, blocking legitimate payment traffic.",P2,security,synthetic_master
"API Key Rotation Failure Disrupts Payment Integrations API key rotation for the payment-gateway integration failed, causing some transactions to fail and leading to customer complaints. A misconfiguration in HashiCorp Vault caused the API key rotation to fail, disrupting the payment-gateway integration.",P2,security,synthetic_master
"Vault Seal Detected, Payment-Services Affected HashiCorp Vault experienced a seal detection, preventing the payment-service from reading secrets, leading to some transactions failing and customer complaints increasing. Vault seal due to a misconfiguration in the Kubernetes secret management process, impacting payment-service access to critical secrets.",P2,security,synthetic_master
"AWS IAM AccessDenied Error Impacting Transaction Logs A security issue caused by an AccessDenied error for s3:PutObject in AWS WAF led to the failure of transaction log uploads, affecting payment processing. This resulted in some transactions failing and an increase in customer complaints. Incorrect IAM policy assigned to the service role in the FinTechFlow AWS WAF environment, preventing the necessary s3:PutObject permissions.",P2,security,synthetic_master
"AWS IAM SSL Certificate Expired The SSL certificate for api.fintechflow.io expired, causing a security breach and affecting payment transactions. Some transactions failed, leading to customer complaints. The SSL certificate for the API gateway expired, compromising security and impacting transaction processing.",P2,security,synthetic_master
"WAF Blocking SSL Transactions The Web Application Firewall (WAF) misconfigured SSL certificate validation led to the blocking of legitimate payment transactions, causing a significant degradation in service and rising customer complaints. Misconfigured WAF rules in Kubernetes cluster on AWS EKS triggered false positives on SSL certificate validation.",P2,security,synthetic_master
"API Key Rotation Failure in Payment Gateway Integration The API key rotation process failed, disrupting payment gateway integrations and causing some transactions to fail. Customer complaints began to rise as a result. A misconfiguration in the Kubernetes deployment caused the API key rotation job to fail, impacting the payment-gateway integration.",P2,security,synthetic_master
"Vault Seal Issue Affects Payment-Services A Vault seal issue was detected in the production environment, preventing the payment-service from reading secrets. This affected a small subset of users, but no revenue impact was observed. The Vault seal was triggered due to a misconfiguration in the Kubernetes cluster, causing the payment-service to lose access to secrets.",P3,security,synthetic_master
"AWS IAM AccessDenied Error on S3 An AWS IAM AccessDenied error occurred in the AWS WAF service, preventing the upload of transaction logs to S3. This affected a small subset of payment transactions. A misconfigured IAM policy led to an AccessDenied error when attempting to upload transaction logs to S3.",P3,security,synthetic_master
"SSL Certificate Expired for API Endpoint The SSL certificate for api.fintechflow.io expired, leading to a brief disruption in service. This affected a small subset of users but no revenue impact was observed. The SSL certificate for the API endpoint was not renewed in time, causing the service to fail requests from clients.",P3,security,synthetic_master
"WAF False Positive Blocks Payment Traffic A false positive from the WAF blocked legitimate payment traffic, impacting a small subset of users. Transactions were delayed due to SSL certificate misconfiguration. Misconfigured WAF rules triggered a false positive alert due to a recently updated SSL certificate.",P3,security,synthetic_master
"API Key Rotation Failed Payment-Gateway Integration During the API key rotation process, the payment-gateway integration failed, affecting a small subset of transactions in the production environment. The rotation script did not properly handle the state transition, leading to an unexpected failure in the payment-gateway integration.",P3,security,synthetic_master
"Vault Seal Error Affects Payment Service A Vault seal error was detected in the production environment, preventing the payment-service from reading necessary secrets. This affected approximately 0.5% of payment transactions. The Vault seal was triggered due to an unexpected high load on the Vault instance, causing the payment-service to lose access to secrets.",P3,security,synthetic_master
"AWS IAM AccessDenied Error Impacting S3 Logs Due to an AWS IAM policy issue, FinTechFlow's AWS WAF encountered an 'AccessDenied' error when attempting to upload transaction logs to S3, affecting a small subset of payment transactions. IAM policy misconfiguration allowed AWS WAF to access S3 but lacked the necessary 's3:PutObject' permission.",P3,security,synthetic_master
"SSL Certificate Expiry on API Gateway The SSL certificate for api.fintechflow.io expired, causing a security warning for a small subset of users. No payment transactions were directly impacted. The SSL certificate for the API gateway was not renewed in time, leading to a warning for users accessing the service.",P3,security,synthetic_master
"WAF False Positive Blocks Legitimate Traffic A false positive from the Web Application Firewall (WAF) blocked legitimate payment transactions due to an SSL certificate issue, affecting a small subset of users. The WAF misinterpreted a legitimate transaction request as a potential threat due to a recent change in SSL certificate configuration.",P3,security,synthetic_master
"API Key Rotation Issue API key rotation failed, causing payment transactions to be temporarily blocked for a small subset of users. The error appeared as a payment-gateway integration failure. A misconfigured Prometheus alert triggered a rotation that coincided with high transaction volume, leading to a failure in the payment-gateway integration.",P3,security,synthetic_master
"Vault Seal Detected - Payment Service Secret Access Issue The payment-service encountered an issue where it could not read secrets from HashiCorp Vault, triggering a seal state. This affected a small subset of users, primarily those utilizing the payment-service. A misconfiguration in the Vault seal threshold led to the seal state being triggered when the payment-service attempted to read secrets.",P3,security,synthetic_master
"AWS IAM AccessDenied S3:PutObject The AWS WAF service experienced an AccessDenied error for s3:PutObject, affecting transaction-logs storage. No payment transactions were directly impacted. An unauthorized IAM role attempted to write to S3, leading to an AccessDenied error.",P3,security,synthetic_master
"SSL Certificate Expired for API Endpoint The SSL certificate for api.fintechflow.io expired, leading to connectivity issues for a small subset of users. No payment transactions were impacted. The SSL certificate for the API gateway was not renewed in time.",P3,security,synthetic_master
"WAF False Positive Blocking Payment Traffic A false positive from the WAF triggered by a legitimate payment transaction led to temporary blocking of traffic. This affected a small subset of users, primarily those making payments through our Java Spring Boot microservices. The WAF ruleset was updated to block a potential SQL injection attack, inadvertently blocking legitimate payment traffic.",P3,security,synthetic_master
"API Key Rotation Failed Payment Integration During the rotation of API keys, the payment-gateway integration failed, affecting a small subset of transactions in production. No revenue impact was observed. A misconfiguration in the Kafka topic subscription led to a delayed message processing, impacting the payment-gateway integration.",P3,security,synthetic_master
"Vault Seal Triggered, Payment-SRE Incident A Vault seal event occurred, preventing the payment-service from reading necessary secrets. This affected a small subset of transactions, with no revenue impact. A Vault seal was triggered due to an unexpected policy change, impacting the payment-service's ability to access secrets.",P3,security,synthetic_master
"AWS IAM AccessDenied on S3 Logs AWS WAF encountered an AWS IAM AccessDenied error for the s3:PutObject transaction-logs operation, impacting a small subset of payment transactions in the production environment. An incorrect IAM policy was applied to the AWS WAF role, restricting the ability to write logs to S3.",P3,security,synthetic_master
"SSL Certificate Expired for api.fintechflow.io The SSL certificate for api.fintechflow.io expired, leading to certificate validation failures. No payment transactions were directly impacted, but some users experienced connection issues. The AWS IAM user responsible for managing SSL certificates did not receive the notification for the upcoming expiration.",P3,security,synthetic_master
"WAF False Positive Blocking Legitimate Transactions A false positive from the WAF caused by an SSL certificate misconfiguration temporarily blocked legitimate payment transactions for a small subset of users. A rule in the WAF was triggered by a certificate chain issue, leading to the blocking of legitimate traffic.",P3,security,synthetic_master
"API Key Rotation Failure API key rotation failed, leading to payment-gateway integration issues for a small subset of users. No revenue impact was observed. A misconfiguration in the HashiCorp Vault caused the API key rotation job to fail, disrupting the payment-gateway integration.",P3,security,synthetic_master
"Vault Seal Triggered, Payment-Services Affected A Vault seal event was triggered, preventing the payment-service from reading secrets. This affected a small subset of users, though no revenue impact was observed. A misconfigured policy in HashiCorp Vault triggered a seal event, impacting the payment-service due to its reliance on Vault secrets.",P3,security,synthetic_master
"AWS IAM AccessDenied Issue in S3 An AWS IAM AccessDenied error occurred with the s3:PutObject permission on transaction-logs, disrupting a small subset of payment transactions. A misconfigured IAM policy in our S3 bucket led to an AccessDenied error, affecting the transaction-logs.",P3,security,synthetic_master
"SSL Certificate Expired for API Endpoint On 2023-10-05, the SSL certificate for api.fintechflow.io expired, causing an intermittent connection issue that affected a small subset of users. No revenue impact was observed. The SSL certificate for the API endpoint was not renewed in time, leading to connection failures.",P3,security,synthetic_master
"WAF False Positive Blocks Legitimate Traffic A false positive from the WAF blocked legitimate payment traffic due to an expired SSL certificate, affecting a small subset of users. The WAF misinterpreted the SSL certificate validation failure as an attack attempt.",P3,security,synthetic_master
"API Key Rotation Issue During the API key rotation, the payment-gateway integration failed, affecting a small subset of transactions. This issue impacted users who were processing payments through the affected API keys. The rotation process triggered a failure in the Kafka topic subscription, causing the payment-gateway integration to drop messages.",P3,security,synthetic_master
"Vault Seal Detected, Payment Service Secrets Unavailable A Vault seal detection was triggered, preventing the payment-service from reading secrets. This affected a small subset of payment transactions. A Vault seal was triggered, likely due to a misconfiguration or unexpected shutdown in the Vault cluster.",P3,security,synthetic_master
"AWS IAM Policy Error Disrupted Log Upload A misconfigured AWS IAM policy caused an AccessDenied error for s3:PutObject, disrupting the upload of transaction-logs to S3. This affected a small subset of users, but no payment transactions were compromised. A misconfigured IAM policy in the FTF-iam-role allowed no permissions for s3:PutObject, leading to an AccessDenied error.",P3,security,synthetic_master
"SSL Certificate Expired for API Gateway The SSL certificate for api.fintechflow.io expired, causing an issue with the API gateway. This impacted a small subset of users accessing our B2B payment processing platform. The SSL certificate renewal process was not automated, leading to the expiration and subsequent service disruption.",P3,security,synthetic_master
"WAF False Positive Blocked Payments A false positive from the WAF blocked legitimate payment traffic, affecting a small subset of users during peak transaction hours. A misconfigured WAF rule triggered by a legitimate payment request, causing false positives in the production environment.",P3,security,synthetic_master
"API Key Rotation Failure API key rotation failed, disrupting payment-gateway integration for a small subset of users. No revenue impact reported. A misconfiguration in HashiCorp Vault led to a failure in rotating API keys, impacting the payment-gateway integration.",P3,security,synthetic_master
"Vault Seal Issue Affects Payment-Secrets A Vault seal event occurred, preventing the payment-service from reading necessary secrets. This affected a small subset of payment transactions. A Vault seal was triggered due to a configuration issue in the Kubernetes pod, preventing the payment-service from accessing secrets.",P3,security,synthetic_master
"AWS IAM AccessDenied Error Impacting Transaction Logs An AWS IAM AccessDenied error occurred, preventing the upload of transaction logs to S3. This affected a small subset of payment transactions during the incident. A misconfiguration in the IAM policy led to an AccessDenied error for the AWS WAF service account.",P3,security,synthetic_master
"SSL Certificate Expired for API Gateway The SSL certificate for api.fintechflow.io expired, causing an HTTPS connection error. This affected a small subset of user transactions, primarily those accessing our API via external integrations. The SSL certificate for the API gateway was not renewed in time due to an oversight in the certificate management process.",P3,security,synthetic_master
"WAF Misfire on SSL Renewal During the renewal of our SSL certificate, the WAF misfired, blocking legitimate payment traffic. This affected a small subset of users, resulting in temporary payment processing issues. Misconfiguration in WAF rules triggered by the SSL certificate renewal process, causing false positives.",P3,security,synthetic_master
"API Key Rotation Failure Disrupted Payments During an API key rotation, the payment-gateway integration failed, causing temporary disruptions for a small subset of users. No revenue impact was observed. A misconfiguration in the Kubernetes deployment caused the rotation process to fail, disrupting the payment-gateway integration.",P3,security,synthetic_master
"Payment Service Access Issue due to Vault Seal The payment service encountered an error when attempting to read secrets from HashiCorp Vault, resulting in a brief access issue. Affected transactions were limited to a small subset of users. A Vault seal was triggered, preventing the payment-service from reading secrets due to a misconfigured Kubernetes pod.",P3,security,synthetic_master
"AWS IAM AccessDenied Error A security incident occurred in the production environment due to an AWS IAM AccessDenied error when attempting to upload transaction-logs to S3, affecting AWS WAF. An AWS IAM policy update inadvertently removed the necessary permissions for the S3 bucket access, impacting the transaction-logs upload process.",P3,security,synthetic_master
"SSL Certificate Expired for API Endpoint The SSL certificate for api.fintechflow.io expired, causing a temporary service disruption affecting a small subset of users. The SSL certificate for the API endpoint was not renewed in time, leading to an expired certificate error.",P3,security,synthetic_master
"WAF False Positive Blocked Legitimate Traffic A false positive from the WAF in production blocked legitimate payment traffic, affecting a small subset of users. The SSL certificate error led to this issue. A misconfigured WAF rule in conjunction with the SSL certificate resulted in false positives, blocking legitimate payment requests.",P3,security,synthetic_master
"API Key Rotation Failed Payment Gateway Integration During the API key rotation process, the payment-gateway integration failed, impacting a small subset of transactions in production. A configuration error in the Kafka topic mapping caused the payment-gateway integration to fail during API key rotation.",P3,security,synthetic_master
"Vault Seal Detected, Payment-Services Affected A seal event was detected in HashiCorp Vault, preventing the payment-service from reading secrets. This affected a small subset of payment transactions. A Vault seal event was triggered due to a misconfiguration in the Kubernetes cluster, impacting the payment-service.",P3,security,synthetic_master
"AWS IAM AccessDenied Error Affects S3 Logs A AWS IAM AccessDenied error occurred with the s3:PutObject permission, impacting the AWS WAF logs storage. This affected approximately 1% of transactions without impacting overall revenue. Misconfigured IAM policy for the S3 bucket access in FinTechFlow's AWS environment.",P3,security,synthetic_master
"SSL Certificate Expired for API Gateway The SSL certificate for api.fintechflow.io expired, causing a brief disruption in API access for a subset of users. No payment transactions were directly affected. The SSL certificate was not renewed in time, leading to a certificate expiration issue.",P3,security,synthetic_master
"WAF False Positive on SSL Certificate A false positive from the Web Application Firewall blocked legitimate payment traffic, affecting a small subset of users. The issue arose due to an SSL certificate configuration change. An SSL certificate update triggered a WAF rule that incorrectly blocked payment transactions.",P3,security,synthetic_master
"API Key Rotation Failed Payment Gateway Integration During the API key rotation process, an error occurred, disrupting the payment-gateway integration for a small subset of users. This issue impacted approximately 1% of transactions. A misconfiguration in the Kubernetes service causing the API key rotation job to fail, affecting the payment-gateway integration.",P3,security,synthetic_master
"Vault Seal Detected, Payment Service Secrets Unreadable A seal event was detected in HashiCorp Vault, preventing the payment-service from reading necessary secrets. This affected a small subset of payment transactions. A manual seal operation was performed on the Vault cluster, which was not properly communicated to the SRE team.",P3,security,synthetic_master
"AWS IAM AccessDenied Error on S3 PutObject An AWS IAM AccessDenied error occurred, preventing the transaction-logs from being uploaded to S3. This affected a small subset of users, impacting their transaction logs and reports. A misconfigured IAM policy for the AWS WAF service account led to an AccessDenied error when attempting to upload transaction-logs to S3.",P3,security,synthetic_master
"SSL Certificate Expiry on API Gateway The SSL certificate for api.fintechflow.io expired, causing a security alert in our monitoring systems. No payment transactions were affected, but the API was temporarily inaccessible. The SSL certificate for the API gateway was not renewed in time, leading to an expired certificate.",P3,security,synthetic_master
"WAF False Positive Blocks Legitimate Payment A false positive from the Web Application Firewall (WAF) temporarily blocked legitimate payment traffic, impacting a small subset of users attempting to process transactions. A misconfigured WAF rule triggered by a legitimate payment request, leading to the blocking of traffic.",P3,security,synthetic_master
"API Key Rotation Issue API key rotation failed, causing a temporary disruption in payment-gateway integration for a small subset of users. No revenue impact observed. A scheduled API key rotation job failed, leading to outdated API keys being used in the payment-gateway integration.",P3,security,synthetic_master
"EKS Cluster Failure Causes Payment Processing Outage The EKS cluster experienced a failure, causing the payment-service pod to CrashLoopBackOff with 24 restarts, halting all payment transactions. Over 50 million daily transactions were impacted, resulting in significant revenue loss. Insufficient CPU resources in the EKS cluster led to the payment-service pod crashing repeatedly.",P1,kubernetes,synthetic_master
"EKS Node Worker-3 NotReady, Payment Service Pod Down The EKS node worker-3 became NotReady, causing the payment service pod to go down and halt all payment processing. This issue affected 50 million daily transactions. Kubernetes node worker-3 experienced a kubelet unresponsiveness, leading to the pod being marked as NotReady and subsequently failing.",P1,kubernetes,synthetic_master
"ArgoCD Sync Failed, Payment Service Down ArgoCD sync failure caused the payment-service pod to enter ImagePullBackOff state, halting all order processing and resulting in revenue loss of $10k per minute. ArgoCD sync failure led to a new image version being deployed without proper validation, causing the pod to fail to pull the new image.",P1,kubernetes,synthetic_master
"ArgoCD Deployment Failure ArgoCD deployment issues caused the Ingress controller to return 502 errors, rendering all payment processing pods unhealthy and halting transactions. Incorrect configuration update via ArgoCD led to a misalignment between the production environment and the desired state, causing Ingress controller failures.",P1,kubernetes,synthetic_master
"Kubernetes Ingress Controller Failure The Ingress controller experienced an outage due to high etcd latency, impacting all payment transactions, causing a complete halt in payment processing. etcd high latency 3.2s, leading to leader election issues, affecting the Ingress controller's ability to route traffic.",P1,kubernetes,synthetic_master
"EKS Cluster Failure Halted Payment Processing A Kubernetes issue in the EKS cluster caused the payment-service pod to CrashLoopBackOff, resulting in the complete halt of payment processing for 60 minutes. A configuration error in the deployment YAML caused the payment-service pod to repeatedly fail to start, leading to a CrashLoopBackOff state.",P1,kubernetes,synthetic_master
"EKS Node Crash Disrupts Payment Processing Due to an unresponsive kubelet on EKS node worker-3, the payment service pod experienced a complete outage, halting all payment transactions. The unresponsive kubelet on EKS node worker-3 led to the node being marked NotReady, causing the payment service pod to be terminated and unable to be scheduled on another node.",P1,kubernetes,synthetic_master
"Payment Service Pod Failure A complete outage occurred in the Order service pod due to an ArgoCD sync failure resulting in payment-service ImagePullBackOff, halting all payment processing. ArgoCD sync failure caused the payment-service pod to fail, triggering ImagePullBackOff due to missing or incorrect image references in the deployment.",P1,kubernetes,synthetic_master
"ArgoCD Deployment Failure Disrupts Payment Processing The ArgoCD deployment failure caused the Ingress controller to return 502 errors, rendering all payment processing pods unhealthy and halting all transactions. This impacted 50 million daily transactions. Misconfiguration in ArgoCD manifest led to incorrect pod updates, causing the Ingress controller to fail and all payment pods to become unhealthy.",P1,kubernetes,synthetic_master
"Kubernetes Ingress Controller Failure The Ingress controller in FinTechFlow's Kubernetes cluster experienced high etcd latency, leading to a complete outage of the payment processing system. This affected all payment transactions, halting revenue generation. etcd high latency 3.2s, leading to leader election risks in the Kubernetes cluster.",P1,kubernetes,synthetic_master
"EKS Cluster Failure Causes Payment Outage The EKS cluster experienced a Kubernetes issue, with payment-service pods in CrashLoopBackOff state. This affected all payment transactions, halting processing and causing significant revenue loss. Misconfigured Kubernetes resource requests and limits for the payment-service pods led to frequent crashes and restarts.",P1,kubernetes,synthetic_master
"EKS Node Failure Halts Payment Processing Due to the NotReady state of EKS node worker-3, the kubelet became unresponsive, causing the payment service pod to fail, halting all payment transactions. The EKS node worker-3 experienced a kubelet unresponsiveness issue, leading to a NotReady state and the failure of the payment service pod.",P1,kubernetes,synthetic_master
"Kubernetes ArgoCD Sync Failure Causes Order Service Outage ArgoCD sync failure led to payment-service ImagePullBackOff, halting all Order service pod functions and affecting transaction processing. ArgoCD failed to sync the payment-service deployment due to an image tag mismatch, causing the container to be in ImagePullBackOff state.",P1,kubernetes,synthetic_master
"ArgoCD Deployment Failure The ArgoCD deployment failed, causing the Ingress controller to return 502 errors and rendering all payment processing pods unhealthy. This impacted 50 million daily transactions, halting payment processing and resulting in significant revenue loss. A misconfigured Kubernetes manifest in the ArgoCD repository led to the deployment of unhealthy pods, which in turn caused the Ingress controller to fail.",P1,kubernetes,synthetic_master
"Kubernetes Ingress Controller Outage The Ingress controller in FinTechFlow's Kubernetes cluster experienced high etcd latency (3.2s), leading to leader election risks and halting all payment transactions. etcd high latency 3.2s, impacting leader election in the Kubernetes cluster, affecting the Ingress controller.",P1,kubernetes,synthetic_master
"EKS Cluster CrashLoopBackOff Leads to Payment Processing Outage The EKS cluster experienced a critical issue with the payment-service pod, resulting in multiple CrashLoopBackOff events and halting all payment transactions. This affected 50 million daily transactions, causing a revenue loss of $10k per minute. A configuration error in the deployment manifest caused the payment-service pod to repeatedly fail to start, leading to a CrashLoopBackOff state.",P1,kubernetes,synthetic_master
"EKS Node Crash Disrupts Payment Service Due to the EKS node worker-3 becoming NotReady, the payment service pod experienced a complete outage, halting all payment transactions. The kubelet on the EKS node worker-3 became unresponsive, leading to the node being marked as NotReady and the payment service pod failing.",P1,kubernetes,synthetic_master
"Payment Service Pod Failure ArgoCD sync failure caused the payment-service pod to enter ImagePullBackOff state, halting all payment processing and affecting 50 million daily transactions. ArgoCD attempted to update the payment-service pod with an unavailable image, leading to a sync failure and pod outage.",P1,kubernetes,synthetic_master
"ArgoCD Deployment Failure The ArgoCD deployment failed, causing the Ingress controller to return 502 errors, rendering all payment processing pods unhealthy and halting transactions. This impacted 50 million daily payment transactions. A misconfiguration in the ArgoCD manifest led to incorrect deployment of the Ingress controller, resulting in 502 errors.",P1,kubernetes,synthetic_master
"Kubernetes Ingress Controller Failure The Ingress controller in FinTechFlow's Kubernetes cluster experienced a complete outage, leading to all payment processing being halted. The root cause was high etcd latency (3.2s) with a risk of leader election failure, impacting 50 million daily transactions. High etcd latency (3.2s) and the risk of leader election failure in the Kubernetes cluster.",P1,kubernetes,synthetic_master
"EKS Cluster Failure Disrupts Payment Processing The EKS cluster experienced a critical outage, with the payment-service pod entering CrashLoopBackOff state. This affected 50 million daily transactions, causing a $10k/minute revenue impact. A resource limit exceeded error in the payment-service pod, leading to repeated restarts.",P1,kubernetes,synthetic_master
"EKS Node Worker-3 NotReady, Payment Service Down An EKS node worker-3 went into NotReady state due to a kubelet unresponsiveness, causing the Payment service pod to crash and halt all payment processing transactions. The kubelet on the EKS node worker-3 became unresponsive, leading to the node being marked NotReady and subsequently causing the Payment service pod to crash.",P1,kubernetes,synthetic_master
"ArgoCD Sync Failure Disrupts Order Service The ArgoCD sync failure caused the payment-service pod to be in an ImagePullBackOff state, halting order processing and affecting all transactions related to the Order service. The ArgoCD sync failed to update the payment-service pod with the latest image, resulting in an ImagePullBackOff state.",P1,kubernetes,synthetic_master
"ArgoCD Deployment Failure An ArgoCD deployment failure led to the Ingress controller returning 502 errors, causing all payment processing pods to become unhealthy, halting transaction processing. A misconfigured ArgoCD application led to an incorrect deployment manifest being applied, resulting in unhealthy payment processing pods.",P1,kubernetes,synthetic_master
"Kubernetes Ingress Controller Failure The Ingress controller in FinTechFlow's Kubernetes cluster experienced a critical issue, causing a complete outage of payment processing with etcd high latency reaching 3.2s and leader election at risk, impacting all 50 million daily transactions. etcd high latency 3.2s led to leader election issues, impacting the Ingress controller's stability and causing a complete outage.",P1,kubernetes,synthetic_master
"EKS Cluster Outage Causes Payment Processing Failure The EKS cluster experienced a Kubernetes issue, with payment-service pods continuously crashing and restarting. This outage halted all payment transactions, impacting revenue significantly. Misconfigured Kubernetes deployment caused payment-service pod CrashLoopBackOff, leading to pod restarts and service unavailability.",P1,kubernetes,synthetic_master
"EKS Node Worker-3 NotReady, Payment Processing Halted An EKS node worker-3 became NotReady due to a kubelet unresponsive issue, causing the payment service pod to fail and halting all payment transactions. Over 50 million transactions per day were impacted. Kubernetes node worker-3 experienced a kubelet unresponsiveness, leading to the node being marked NotReady and subsequently failing the payment service pod.",P1,kubernetes,synthetic_master
"Order Service Pod Failure: ArgoCD Sync Error The Order service pod experienced a complete outage due to an ArgoCD sync failure, resulting in ImagePullBackOff, halting all payment transactions for 60 minutes. Revenue impact was $10k per minute. ArgoCD failed to sync the latest payment-service image to the Kubernetes cluster, causing the pod to enter ImagePullBackOff state.",P1,kubernetes,synthetic_master
"ArgoCD Deployment Failure The ArgoCD deployment failed, causing the Ingress controller to return 502 errors and all payment processing pods to become unhealthy. This impacted 50 million daily transactions. A misconfigured Kubernetes manifest in ArgoCD led to the deployment of faulty Ingress controller pods, which in turn caused all payment processing pods to become unhealthy.",P1,kubernetes,synthetic_master
"Kubernetes Ingress Controller Outage The Ingress controller experienced a complete outage, leading to all payment transactions being halted. An etcd high latency of 3.2s was reported, putting leader election at risk. etcd high latency 3.2s caused leader election issues, leading to the Ingress controller's complete failure.",P1,kubernetes,synthetic_master
"EKS Cluster Failure Disrupts Payment Processing A critical issue in the EKS cluster led to the payment-service pod repeatedly crashing, causing payment processing to halt. This affected 50 million daily transactions, resulting in significant financial loss. Misconfigured Kubernetes resource limits and requests in the payment-service deployment caused excessive memory pressure, leading to frequent crashes.",P1,kubernetes,synthetic_master
"EKS Node Worker-3 NotReady, Payment Processing Halted Due to an unresponsive kubelet on EKS node worker-3, the Payment service pod experienced a complete outage, halting all payment transactions and causing significant revenue loss. The kubelet on EKS node worker-3 became unresponsive, leading to the node being marked as NotReady and the Payment service pod failing to function properly.",P1,kubernetes,synthetic_master
"Payment Service Pod Crash Due to ArgoCD Sync Failure ArgoCD sync failed, leading to the payment-service ImagePullBackOff, halting all Order service pod transactions. This impacted 50 million daily transactions and resulted in a $10k/minute revenue loss. ArgoCD sync failure caused the payment-service image to be unavailable, leading to pod crashes and a complete outage of the Order service.",P1,kubernetes,synthetic_master
"ArgoCD Deployment Failure Disrupts Payments The Ingress controller failure and ArgoCD deployment issues led to all payment pods becoming unhealthy, halting all payment transactions. A misconfiguration in the ArgoCD deployment led to the Ingress controller 502 errors, resulting in all payment pods becoming unhealthy.",P1,kubernetes,synthetic_master
"Kubernetes Ingress Controller Failure The Ingress controller in FinTechFlow's Kubernetes cluster experienced etcd high latency (3.2s), leading to leader election risk and halting all payment processing, affecting 50 million daily transactions. etcd high latency and leader election risk in the Kubernetes cluster's etcd service.",P1,kubernetes,synthetic_master
"EKS Cluster Failure Causes Payment Outage The EKS cluster experienced a critical failure, with payment-service pods crashing and restarting. This led to a complete outage, halting all payment processing transactions. A Kubernetes deployment issue caused the payment-service pods to CrashLoopBackOff, leading to an EKS cluster failure.",P1,kubernetes,synthetic_master
"EKS Node Failure Halted Payments An EKS node worker-3 became NotReady due to a kubelet unresponsive error, causing the Payment service pod to fail, halting all payment processing. The kubelet on the EKS node worker-3 became unresponsive, marking the node as NotReady and causing the Payment service pod to crash.",P1,kubernetes,synthetic_master
"ArgoCD Sync Failure Halts Payment Processing The ArgoCD sync failed, causing the payment-service pod to experience an ImagePullBackOff, completely halting order processing. This impacted all 50 million daily transactions. The ArgoCD sync failed to pull the latest image due to an internal network issue, leading to the ImagePullBackOff error.",P1,kubernetes,synthetic_master
"ArgoCD Deployment Failure The ArgoCD deployment failed, causing the ingress controller to return 502 errors, resulting in all payment processing pods becoming unhealthy and halting revenue-generating transactions. A misconfiguration in the ArgoCD application caused a cascading failure in the payment processing pods, leading to an ingress 502 error.",P1,kubernetes,synthetic_master
"Kubernetes Ingress Controller Failure The Ingress controller experienced an outage due to etcd high latency, leading to a complete halt in payment processing. etcd high latency caused the Ingress controller to become unresponsive, triggering leader elections and halting service.",P1,kubernetes,synthetic_master
"EKS Cluster Failure: payment-service pod CrashLoopBackOff The EKS cluster experienced a critical failure, causing the payment-service pod to repeatedly CrashLoopBackOff. This issue affected all payment transactions, resulting in a complete outage. Insufficient CPU resources due to misconfigured resource limits in the payment-service deployment.",P1,kubernetes,synthetic_master
"EKS Node Worker-3 NotReady The Payment service pod experienced a complete outage due to an EKS node worker-3 being NotReady and its kubelet becoming unresponsive, halting all payment transactions. The EKS node worker-3 experienced a Kubernetes NotReady state, causing the Payment service pod to fail and resulting in a complete outage.",P1,kubernetes,synthetic_master
"ArgoCD Sync Failure Causes Payment Service Outage ArgoCD sync failure led to ImagePullBackOff for the payment-service pod, halting order processing and affecting all payment transactions. ArgoCD sync failure resulted in the payment-service pod being unable to pull the latest image, causing a deployment failure.",P1,kubernetes,synthetic_master
"ArgoCD Deployment Failure Causes Payment Outage The ArgoCD deployment for the Ingress controller failed, resulting in a 502 error and all payment processing pods becoming unhealthy, halting all payment transactions. A misconfigured ArgoCD deployment triggered a rollback, causing the Ingress controller pods to fail, which in turn made all downstream payment processing pods unavailable.",P1,kubernetes,synthetic_master
"Kubernetes Ingress Controller Failure The Ingress controller in FinTechFlow's Kubernetes cluster experienced an etcd high latency of 3.2s, leading to leader election risk and halting all payment processing transactions. etcd high latency 3.2s caused leader election issues, disrupting the Ingress controller in the Kubernetes cluster.",P1,kubernetes,synthetic_master
"EKS Cluster Payment-Service CrashLoopBackOff The EKS cluster experienced a complete outage due to payment-service pods repeatedly failing to start, causing all payment transactions to halt. The error 'payment-service pod CrashLoopBackOff restarts=24' was observed. Insufficient CPU resources allocated to the payment-service pods in the EKS cluster, leading to repeated crashes.",P1,kubernetes,synthetic_master
"EKS Node Worker-3 Failed, Payment Processing Halted Due to the EKS node worker-3 being marked NotReady and a kubelet unresponsive, the payment service pod experienced a complete outage, halting all payment transactions and causing a $10k/minute revenue impact. The kubelet on EKS node worker-3 became unresponsive, leading to the node being marked NotReady, which caused the payment service pod to fail.",P1,kubernetes,synthetic_master
"Kubernetes Sync Failure Halts Payment Processing ArgoCD sync failure caused payment-service ImagePullBackOff, impacting Order service pod, halting all payment transactions. ArgoCD sync failed due to misconfigured Kubernetes image tag in the application deployment manifest.",P1,kubernetes,synthetic_master
"ArgoCD Deployment Failure The ArgoCD deployment failed, causing the Ingress controller to return 502 errors and rendering all payment processing pods unhealthy, halting all payment transactions. Incorrect YAML manifest pushed to ArgoCD, leading to misconfiguration of Ingress and Kubernetes services.",P1,kubernetes,synthetic_master
"Kubernetes Ingress Controller Failure The Ingress controller experienced an outage due to etcd high latency (3.2s), causing leader election risks and halting all payment transactions. etcd high latency 3.2s and leader election risks within the Kubernetes cluster impacted the Ingress controller, leading to a complete outage.",P1,kubernetes,synthetic_master
"EKS Cluster Failure Disrupts Payment Processing An EKS cluster outage caused the payment-service pods to CrashLoopBackOff, halting all payment transactions. The error appeared as 24 restarts of the payment-service pod. Insufficient node resources in the EKS cluster, leading to the payment-service pod failing and repeatedly restarting.",P1,kubernetes,synthetic_master
"EKS Node Crash Halted Payment Processing The EKS node worker-3 became NotReady due to a kubelet unresponsive error, causing the payment service pod to fail and halting all payment transactions. The kubelet on the EKS node worker-3 became unresponsive, leading to the node being marked NotReady and the payment service pod failing.",P1,kubernetes,synthetic_master
"Kubernetes Order Service Pod Failure The Order service pod experienced a complete outage due to ArgoCD sync failure, resulting in ImagePullBackOff and halting payment processing. This impacted 50 million daily transactions. ArgoCD failed to sync the updated image tag for the payment-service, causing the pod to enter ImagePullBackOff state.",P1,kubernetes,synthetic_master
"ArgoCD Deployment Failure: Ingress 502 Errors An ArgoCD deployment issue caused the ingress controller to return 502 errors, rendering all payment processing pods unhealthy. This impacted 50 million daily transactions, halting revenue flow. Misconfigured ArgoCD application leading to incorrect rollout of payment processing pods, resulting in 502 errors from the ingress controller.",P1,kubernetes,synthetic_master
"Kubernetes Ingress Controller Failure The Ingress controller in FinTechFlow's Kubernetes cluster experienced a complete outage, leading to a halt in all payment processing. The error indicated etcd high latency (3.2s) and a risk of leader election failure. etcd high latency (3.2s) and leader election risk in the FinTechFlow Kubernetes cluster.",P1,kubernetes,synthetic_master
"EKS Cluster Issue Halted Payments The EKS cluster experienced a critical failure, with the payment-service pod continuously crashing. This issue halted all payment processing, affecting millions of transactions per day. payment-service pod configured with insufficient resources, leading to CrashLoopBackOff in the Kubernetes cluster.",P1,kubernetes,synthetic_master
"EKS Node Outage Halted Payment Processing The EKS node worker-3 became NotReady due to a kubelet unresponsive error, halting payment service pods and impacting all payment transactions. The kubelet on the EKS node worker-3 became unresponsive, leading to the node being marked NotReady and the payment service pods failing.",P1,kubernetes,synthetic_master
"Payment Service Outage Due to ArgoCD Sync Failure ArgoCD sync failed, causing the payment-service pod to enter ImagePullBackOff state, halting order processing and impacting 50 million daily transactions. ArgoCD failed to sync the payment-service image, resulting in the pod being unable to pull the updated image.",P1,kubernetes,synthetic_master
"ArgoCD Deployment Failure Causes Outage An issue with the ArgoCD deployment led to an Ingress controller 502 error, rendering all payment processing pods unhealthy and halting transactions. This affected 50 million daily transactions across FinTechFlow's B2B payment processing platform. Misconfigured Ingress controller service in ArgoCD deployment caused all payment processing pods to become unhealthy, leading to a complete outage.",P1,kubernetes,synthetic_master
"Kubernetes Ingress Controller Outage Etcd high latency (3.2s) led to leader election issues, causing the Ingress controller to fail, halting all payment transactions. Etcd high latency 3.2s and leader election issues within the Kubernetes cluster.",P1,kubernetes,synthetic_master
"Payment Service CrashLoopBackOff in EKS Cluster The EKS cluster experienced a complete outage due to payment-service pod CrashLoopBackOff, affecting all payment transactions. The error occurred 24 times before the pod was replaced. Misconfigured pod resources leading to insufficient CPU and memory allocation for the payment-service container, causing repeated restarts.",P1,kubernetes,synthetic_master
"Kubernetes Node Failure Disrupts Payment Processing An EKS node worker-3 became NotReady due to a kubelet unresponsive error, causing the Payment service pod to fail and halt all payment transactions. The kubelet on the EKS node worker-3 became unresponsive, leading to the node being marked NotReady and the Payment service pod crashing.",P1,kubernetes,synthetic_master
"Order Service Pod Crash - ArgoCD Sync Failed A critical outage occurred in the Order service pod due to an ArgoCD sync failure, resulting in ImagePullBackOff. This impacted all payment transactions, halting processing and causing significant revenue loss. ArgoCD failed to sync the updated payment-service image, causing the pod to enter an ImagePullBackOff state.",P1,kubernetes,synthetic_master
"ArgoCD Deployment Failure The ArgoCD deployment for the payment processing system failed, resulting in an Ingress controller 502 error and all payment pods becoming unhealthy. This impacted 50 million daily transactions, causing a $10k/minute revenue loss. Incorrect deployment manifest caused misconfiguration in the Ingress controller, leading to 502 errors and pod unhealthiness.",P1,kubernetes,synthetic_master
"Kubernetes Ingress Controller Outage The Ingress controller in FinTechFlow's Kubernetes cluster failed, causing high etcd latency (3.2s) and leader election risks, halting payment processing for 60 minutes. etcd high latency and leader election risks due to underlying etcd cluster issues.",P1,kubernetes,synthetic_master
"EKS Cluster CrashLoopBackOff: Payment-Service Pod The EKS cluster experienced a complete outage due to payment-service pod CrashLoopBackOff, leading to halted payment processing. This impacted 50 million daily transactions and resulted in a revenue loss of $10k per minute. Misconfigured Kubernetes pod security context leading to repeated crashes of the payment-service pod.",P1,kubernetes,synthetic_master
"EKS Node Worker-3 NotReady, Payment Service Down The EKS node worker-3 became NotReady, causing the Payment service pod to fail, halting all payment processing and resulting in significant revenue loss. kubelet unresponsive on EKS node worker-3, leading to the node becoming NotReady and the Payment service pod failing.",P1,kubernetes,synthetic_master
"ArgoCD Sync Failure Halted Payment Processing ArgoCD sync failure caused the payment-service pod to enter ImagePullBackOff state, halting order service and impacting all payment transactions. ArgoCD sync failure due to misconfigured image tag in the manifest file.",P1,kubernetes,synthetic_master
"ArgoCD Deployment Failure Halts Payments The ArgoCD deployment failed, causing the Ingress controller to return 502 errors and all payment processing pods to become unhealthy, impacting 50 million daily transactions. A misconfigured Kubernetes secret in ArgoCD led to the deployment failure, impacting the Ingress controller and payment processing pods.",P1,kubernetes,synthetic_master
"Ingress Controller Outage due to Etcd Latency Etcd high latency led to a complete outage of the Ingress controller, halting all payment processing. This affected 50 million daily transactions, causing a $10k/minute revenue impact. Etcd high latency and leader election issues impacted the Ingress controller in the FinTechFlow Kubernetes cluster.",P1,kubernetes,synthetic_master
"EKS Cluster Outage: Payment-Service Pod CrashLoopBackOff The EKS cluster in production experienced an outage, with the payment-service pod repeatedly crashing, leading to all payment processing being halted. Error: payment-service pod CrashLoopBackOff restarts=24, affecting 50 million daily transactions. Insufficient resource allocation for the payment-service pod, leading to frequent crashes.",P1,kubernetes,synthetic_master
"EKS Node Failure Disrupts Payment Processing The EKS node worker-3 became NotReady due to a kubelet unresponsive issue, causing the payment service pod to fail and halting all payment transactions. kubelet unresponsive issue on EKS node worker-3 led to the node becoming NotReady, causing the payment service pod to fail.",P1,kubernetes,synthetic_master
"Payment Service Pod Failed Due to ArgoCD Sync The Order service pod experienced a complete outage due to ArgoCD sync failure resulting in ImagePullBackOff. All payment transactions were halted, impacting revenue by $10k per minute. ArgoCD sync failure led to ImagePullBackOff, causing the pod to fail and halt payment processing.",P1,kubernetes,synthetic_master
"Kubernetes ArgoCD Deployment Failure The Ingress controller 502 error caused all payment pods to become unhealthy, halting payment processing and impacting revenue by $10k per minute. Incorrect configuration in ArgoCD caused the Kubernetes Ingress controller to fail, resulting in all payment-related pods becoming unhealthy.",P1,kubernetes,synthetic_master
"Kubernetes Ingress Controller Failure The Ingress controller failed due to etcd high latency (3.2s) and leader election risk, causing a complete outage of payment processing. etcd high latency and leader election risk in the Kubernetes cluster caused the Ingress controller to fail, impacting all payment processing transactions.",P1,kubernetes,synthetic_master
"Payment-Service Pod CrashLoopBackOff The EKS cluster experienced a complete outage, with payment-service pods repeatedly crashing, halting all payment transactions. The error 'payment-service pod CrashLoopBackOff restarts=24' was observed, impacting 50 million daily transactions. Resource constraints in the Kubernetes cluster led to the payment-service pod repeatedly crashing, causing a complete outage.",P1,kubernetes,synthetic_master
"EKS Node Worker-3 NotReady, Payment Processing Halted The EKS node worker-3 became NotReady, causing the payment service pod to crash, halting all payment transactions. This issue affected 50 million daily transactions and resulted in a $10k/minute revenue impact. The kubelet on the EKS node worker-3 became unresponsive due to a resource overload, leading to the node being marked as NotReady and causing the payment service pod to fail.",P1,kubernetes,synthetic_master
"Payment Service Pod Crash due to ArgoCD Sync Failure The Order service pod in the Kubernetes cluster experienced a complete outage due to an ArgoCD sync failure, resulting in ImagePullBackOff and halting all payment processing transactions. This affected 50 million daily transactions, causing a $10k/minute revenue impact. ArgoCD failed to sync the payment-service image, causing the pod to enter an ImagePullBackOff state and preventing the Order service from processing payments.",P1,kubernetes,synthetic_master
"ArgoCD Deployment Failure - Ingress 502 Errors ArgoCD deployment issues caused the Ingress controller to return 502 errors, rendering all payment processing pods unhealthy and halting transactions. This affected 50 million daily transactions, resulting in a $10k/minute revenue impact. Misconfiguration in the ArgoCD application manifest leading to incorrect deployment of the Ingress controller.",P1,kubernetes,synthetic_master
"Ingress Controller Failure The Ingress controller in FinTechFlow's Kubernetes cluster experienced high etcd latency, leading to a complete outage of payment processing. All transactions were halted, impacting revenue by $10k/minute. etcd high latency 3.2s, triggering leader election risks in the Kubernetes cluster.",P1,kubernetes,synthetic_master
"EKS Cluster Failure Payment processing was halted due to a 'payment-service' pod repeatedly crashing with 'CrashLoopBackOff' errors. Over 50 million daily transactions were impacted. A misconfiguration in the Kubernetes deployment YAML file caused the payment-service pod to continuously fail, leading to repeated restarts.",P1,kubernetes,synthetic_master
"Kubernetes Node Failure Causes Payment Outage An EKS node worker-3 became NotReady due to a kubelet unresponsive error, halting payment service pods and affecting 50 million daily transactions. kubelet unresponsiveness on EKS node worker-3 caused the node to become NotReady, disrupting the payment service pod's availability.",P1,kubernetes,synthetic_master
"Order Service Pod Crash Due to Image Pull Failure The Order service pod in the production environment failed due to an ArgoCD sync issue, resulting in ImagePullBackOff. This impacted payment transactions, causing a complete outage. ArgoCD sync failed to update the Order service pod image, leading to ImagePullBackOff in Kubernetes.",P1,kubernetes,synthetic_master
"ArgoCD Deployment Failure: Ingress 502 Errors The ArgoCD deployment in the production environment failed, causing the ingress controller to return 502 errors, rendering all payment processing pods unhealthy and halting transaction processing. This impacted 50 million daily transactions, resulting in a potential revenue loss of $10k per minute. A misconfiguration in the ArgoCD manifest led to a rollback of the payment service deployments, causing the ingress controller to return 502 errors.",P1,kubernetes,synthetic_master
"Kubernetes Ingress Controller Failure The Ingress controller experienced high etcd latency (3.2s), leading to leader election risks, which halted all payment processing for 60 minutes. etcd high latency and leader election risks in the Kubernetes cluster impacted the Ingress controller, causing a complete outage.",P1,kubernetes,synthetic_master
"EKS Cluster Failure Causes Payment Processing Outage The EKS cluster experienced issues with the payment-service pod, resulting in CrashLoopBackOff and halting all payment transactions. This affected 50 million daily transactions and incurred a revenue loss of $10k per minute. The payment-service pod encountered configuration issues in the Kubernetes manifest, leading to repeated restarts and disrupting payment processing.",P1,kubernetes,synthetic_master
"EKS Node Down, Payment Service Halted The Payment service pod experienced a complete outage due to the EKS node worker-3 being marked NotReady, causing all payment transactions to halt. Revenue impact was $10k/minute during the outage. The kubelet on EKS node worker-3 became unresponsive, causing the node to be marked NotReady and resulting in pod evictions and service downtime.",P1,kubernetes,synthetic_master
"Payment Service Pod Crash due to ArgoCD Sync Failure The Order service pod experienced a complete outage due to an ArgoCD sync failure, resulting in ImagePullBackOff, halting all payment processing transactions. ArgoCD failed to sync the latest payment-service image, causing the pod to enter ImagePullBackOff state.",P1,kubernetes,synthetic_master
"ArgoCD Deployment Failed, Ingress 502 Errors On [Date], an ArgoCD deployment issue led to an Ingress controller returning 502 errors, making all payment pods unhealthy and halting transaction processing. Mismatched network policies between namespaces caused the Ingress controller to fail, resulting in 502 errors and payment pods becoming unhealthy.",P1,kubernetes,synthetic_master
"Kubernetes Ingress Controller Failure The Ingress controller in FinTechFlow's Kubernetes cluster experienced high etcd latency, leading to a complete outage of the payment processing system. This affected 50 million daily transactions, resulting in a $10k/minute revenue impact. etcd high latency 3.2s and leader election risks caused the Ingress controller to fail, impacting the entire payment processing stack.",P1,kubernetes,synthetic_master
"EKS Cluster Issue Halts Payment Processing The EKS cluster experienced a critical outage, causing the payment-service pod to CrashLoopBackOff with restarts=24, halting all payment transactions. This impacted 50 million daily transactions, resulting in a potential revenue loss of $10k per minute. Insufficient node capacity in the EKS cluster led to resource exhaustion, causing the payment-service pod to repeatedly CrashLoopBackOff.",P1,kubernetes,synthetic_master
"EKS Node Failure Disrupts Payment Processing An EKS node worker-3 went into a NotReady state, causing the payment service pod to fail and halting all payment transactions. The error 'kubelet unresponsive' was observed, impacting 50 million daily transactions. The kubelet on the EKS node worker-3 became unresponsive due to a network issue, making the node unready and causing the payment service pod to be terminated.",P1,kubernetes,synthetic_master
"ArgoCD Sync Failed, Payment Service Pod Down ArgoCD sync failed, leading to a payment-service ImagePullBackOff, halting all order service pods and stopping payment processing for 50 million transactions per day. ArgoCD failed to sync the payment-service image, causing the pod to enter an ImagePullBackOff state.",P1,kubernetes,synthetic_master
"ArgoCD Deployment Failure The ArgoCD deployment failed, causing the Ingress controller to return 502 errors, rendering all payment processing pods unhealthy and halting transactions. Incorrect deployment manifest led to misconfiguration of Ingress controller, rendering all payment-related services unreachable.",P1,kubernetes,synthetic_master
"Kubernetes Ingress Controller Outage The Ingress controller experienced an outage, causing high etcd latency (3.2s) and leader election risks, halting all payment transactions for 60 minutes. etcd leader election issues due to high latency, affecting the Kubernetes cluster's stability.",P1,kubernetes,synthetic_master
"Payment Service CrashLoopBackOff The EKS cluster experienced a critical outage, causing the payment-service pod to CrashLoopBackOff after 24 restarts, halting all payment transactions. This impacted 50 million daily transactions, resulting in a $10k/minute revenue loss. A configuration error in the payment-service deployment caused resource constraints, leading to excessive pod restarts.",P1,kubernetes,synthetic_master
"EKS Node Crash Causes Payment Processing Outage The Payment service pod experienced a complete outage due to the EKS node worker-3 being marked NotReady, with the kubelet unresponsive. This affected all payment transactions, halting revenue generation. The EKS node worker-3 kubelet became unresponsive, causing the node to be marked NotReady and subsequently affecting the Payment service pod.",P1,kubernetes,synthetic_master
"Payment Service Pod Crash due to ArgoCD Sync Failure The Order service pod in the production environment experienced a complete outage due to an ArgoCD sync failure, resulting in ImagePullBackOff. This impacted all payment transactions, halting revenue flow. ArgoCD sync failure led to an outdated image in the Kubernetes cluster, causing the pod to fail and enter an ImagePullBackOff state.",P1,kubernetes,synthetic_master
"ArgoCD Deployment Failure, Ingress 502 Errors An ArgoCD deployment issue led to the Ingress controller returning 502 errors, making all payment processing pods unhealthy, halting critical transactions. A configuration drift between the ArgoCD application and the Kubernetes cluster caused the Ingress controller to fail, impacting payment processing.",P1,kubernetes,synthetic_master
"Kubernetes Ingress Controller Failure The Ingress controller in FinTechFlow's Kubernetes cluster experienced an outage due to etcd high latency, causing all payment processing to halt. etcd high latency 3.2s led to leader election risks, affecting the Ingress controller in FinTechFlow’s Kubernetes cluster.",P1,kubernetes,synthetic_master
"Payment Service Pod CrashLoopBackOff The EKS cluster experienced issues with the payment-service pod, causing it to CrashLoopBackOff with 24 restarts. This impacted payment transactions, leading to customer complaints. Configuration issue in the payment-service deployment causing resource constraints.",P2,kubernetes,synthetic_master
"EKS Node Worker-3 NotReady, Payment Service Pod Degradation The EKS node worker-3 became NotReady due to a kubelet unresponsive issue, leading to degraded performance in the payment service pod and some failed transactions. Customer complaints about payment processing delays began to rise. Kubernetes node worker-3 experienced a kubelet unresponsiveness, causing the node to transition to NotReady state and affecting the payment service pod running on it.",P2,kubernetes,synthetic_master
"ArgoCD Sync Failed, Order Service Pod Down ArgoCD sync failed, resulting in a payment-service ImagePullBackOff, causing the Order service pod to go down and affecting transaction processing. ImagePullBackOff due to ArgoCD sync failure in the Kubernetes cluster.",P2,kubernetes,synthetic_master
"ArgoCD Deployment Issue Causes Payment Failures The ArgoCD deployment failed, resulting in an Ingress controller 502 error and all payment pods becoming unhealthy, affecting 50 million daily transactions and leading to rising customer complaints. A misconfigured ArgoCD sync caused the deployment of a broken Ingress controller, leading to 502 errors and payment pod failures.",P2,kubernetes,synthetic_master
"Kubernetes Ingress Controller Failure The Ingress controller experienced high etcd latency, leading to a 3.2s leader election delay. This affected payment transactions, causing significant degradation and increased customer complaints. etcd high latency and leader election delay due to increased traffic and resource contention in the Kubernetes cluster.",P2,kubernetes,synthetic_master
"Payment Service Pod CrashLoopBackOff The EKS cluster experienced a critical issue with the payment-service pod, leading to frequent restarts and affecting transaction processing. A misconfiguration in the deployment YAML caused the payment-service pod to fail to start properly, leading to CrashLoopBackOff.",P2,kubernetes,synthetic_master
"EKS Node Failure Disrupts Payment Service An EKS node, worker-3, became NotReady due to a kubelet unresponsive issue, causing the Payment service pod to fail and affecting 50,000 transactions per hour. The kubelet on the EKS node worker-3 became unresponsive, leading to the node being marked NotReady and the Payment service pod failing.",P2,kubernetes,synthetic_master
"ArgoCD Sync Failure: Payment Service Pod Crash ArgoCD sync failure led to the payment-service pod being in ImagePullBackOff state, causing the Order service pod to degrade significantly. This affected payment transactions, leading to customer complaints and transaction failures. The ArgoCD sync failure was due to a misconfigured image tag in the deployment manifest, causing the Kubernetes cluster to fail to pull the updated payment-service image.",P2,kubernetes,synthetic_master
"ArgoCD Deployment Failure The Ingress controller failed with 502 errors, rendering all payment pods unhealthy, significantly degrading transaction processing. A misconfiguration in the ArgoCD manifest led to an invalid Kubernetes deployment, causing the payment pods to fail.",P2,kubernetes,synthetic_master
"Kubernetes Ingress Controller Outage The Ingress controller experienced a significant degradation, reporting etcd high latency of 3.2s, leading to leader election risks and affecting payment transactions. etcd high latency and leader election risk due to network issues within the Kubernetes cluster.",P2,kubernetes,synthetic_master
"Payment Service CrashLoopBackOff in EKS The payment-service pod in the EKS cluster experienced multiple CrashLoopBackOff events, leading to significant degradation and customer complaints. This affected 5% of daily transactions. Insufficient resources in the Kubernetes node leading to pod restarts.",P2,kubernetes,synthetic_master
"EKS Node worker-3 NotReady The Payment service pod experienced issues due to an unresponsive kubelet on EKS node worker-3, leading to significant degradation and some transaction failures. kubelet unresponsiveness on EKS node worker-3 caused the node to enter NotReady state, affecting the Payment service pod.",P2,kubernetes,synthetic_master
"Order Service Pod Down, ArgoCD Sync Failed The Order service pod experienced a failure, causing ArgoCD sync to fail with an ImagePullBackOff error, impacting payment transactions. Image pull failure due to misconfigured repository URL in the ArgoCD application manifest.",P2,kubernetes,synthetic_master
"ArgoCD Deployment Failure Impacting Payments The ArgoCD deployment failed, causing the Ingress controller to return 502 errors and all payment pods to become unhealthy, resulting in significant transaction failures and increasing customer complaints. Misconfigured ArgoCD synchronization triggered a rollback, affecting the Ingress controller and payment service pods.",P2,kubernetes,synthetic_master
"Kubernetes Ingress High Latency The Ingress controller experienced high etcd latency, causing 3.2s leader election delays, leading to payment transaction failures and rising customer complaints. etcd high latency and leader election delays due to resource contention in the Kubernetes cluster.",P2,kubernetes,synthetic_master
"EKS Cluster Issue Causes Payment-Service Downtime The EKS cluster experienced a payment-service pod CrashLoopBackOff with restarts=24, leading to payment transaction failures and increased customer complaints. Misconfiguration in the deployment manifest caused the payment-service pod to CrashLoopBackOff repeatedly.",P2,kubernetes,synthetic_master
"EKS Node Worker-3 NotReady, Payment Service Pod Fails The EKS node worker-3 became NotReady due to a kubelet unresponsiveness issue, leading to the failure of payment service pods and some transactional issues. This affected the payment processing for 50 million daily transactions. kubelet unresponsiveness on the EKS node worker-3 caused the node to become NotReady, resulting in pod evictions and failures.",P2,kubernetes,synthetic_master
"Payment Service Pod Issue in Order Service The Order service pod encountered an ArgoCD sync failure with ImagePullBackOff, affecting payment transactions and leading to customer complaints. ArgoCD failed to sync the payment-service image due to a misconfigured image tag in the deployment manifest.",P2,kubernetes,synthetic_master
"ArgoCD Deployment Failure The ArgoCD deployment failed, causing the Ingress controller to return 502 errors and all payment pods to become unhealthy, affecting transaction processing. Incorrect GitOps configuration led to a failed ArgoCD sync, impacting the Ingress controller and payment pods.",P2,kubernetes,synthetic_master
"Kubernetes Ingress Controller Outage The Ingress controller in FinTechFlow's Kubernetes cluster experienced high etcd latency (3.2s), leading to leader election issues and service disruptions. This affected payment transactions, causing some to fail and increasing customer complaints. etcd high latency and leader election issues in the Kubernetes cluster",P2,kubernetes,synthetic_master
"EKS Cluster Payment-Service Pod CrashLoopBackOff The EKS cluster experienced a critical failure with the payment-service pod, which entered CrashLoopBackOff with 24 restarts. This issue affected transaction processing, leading to customer complaints and a degradation in service. Insufficient resources allocated to the payment-service pod, causing it to repeatedly crash.",P2,kubernetes,synthetic_master
"EKS Node Worker-3 NotReady, Payment Service Degradation The EKS node worker-3 became NotReady, causing the payment service pod to fail and affecting 50 million daily transactions, leading to customer complaints. kubelet unresponsive on EKS node worker-3, resulting in the node being marked NotReady and disrupting the payment service.",P2,kubernetes,synthetic_master
"ArgoCD Sync Failure Causes Payment Processing Issues The ArgoCD sync failed, causing the payment-service pod to be in an ImagePullBackOff state, which impacted the Order service pod and led to some payment transactions failing. Customer complaints increased due to the service degradation. A misconfigured ArgoCD application caused the payment-service image update to fail, resulting in the pod being stuck in ImagePullBackOff state.",P2,kubernetes,synthetic_master
"ArgoCD Deployment Failure: Ingress 502 Errors The ArgoCD deployment for the payment service caused an Ingress controller 502 error, making all payment pods unhealthy and leading to transaction failures and increased customer complaints. A misconfiguration in the ArgoCD application triggered a rollback to a faulty deployment version, causing all payment pods to become unhealthy and resulting in 502 errors from the Ingress controller.",P2,kubernetes,synthetic_master
"Kubernetes Ingress Controller Failure The Ingress controller in the production environment experienced high etcd latency (3.2s) and leader election issues, leading to significant degradation in payment processing and increasing customer complaints. etcd high latency and leader election issues due to resource overload and misconfigured etcd cluster in the Kubernetes cluster.",P2,kubernetes,synthetic_master
"EKS Cluster Payment-Service Pod Failure The EKS cluster experienced a failure in the payment-service pod, leading to repeated CrashLoopBackOff restarts and significant transaction processing issues. This affected 5% of daily payment transactions, resulting in customer complaints. Misconfigured Kubernetes deployment manifest for payment-service pod, causing infinite restart loop.",P2,kubernetes,synthetic_master
"EKS Node Worker-3 NotReady, Payment Service Pod Degraded On 2023-10-10, an EKS node worker-3 became NotReady due to a kubelet unresponsive issue, causing the payment service pod to experience significant degradation and some transaction failures. Customer complaints regarding payment processing began to rise. kubelet unresponsiveness on an EKS node led to the node becoming NotReady, impacting the payment service pod's stability.",P2,kubernetes,synthetic_master
"Payment Service Pod Failure ArgoCD sync failed, causing payment-service ImagePullBackOff, impacting Order service pod and related payment transactions. ArgoCD failed to sync the payment-service image, resulting in ImagePullBackOff.",P2,kubernetes,synthetic_master
"ArgoCD Deployment Failed, Payment Processing Down An ArgoCD deployment issue caused the ingress controller to fail, resulting in all payment-related pods becoming unhealthy and 502 errors being reported. This impacted transactions involving payments and led to rising customer complaints. A misconfigured ArgoCD application led to the incorrect rollout of the ingress controller, causing all payment pods to become unhealthy.",P2,kubernetes,synthetic_master
"Elastic leader election delays impact Ingress Etcd leader election delays caused by high latency (3.2s) impacted the Ingress controller, leading to some payment transactions failing and rising customer complaints. Etcd high latency (3.2s) and leader election issues in the Kubernetes cluster.",P2,kubernetes,synthetic_master
"EKS Cluster Payment-Service Pod CrashLoopBackOff The EKS cluster experienced a significant degradation in the payment-service pod, which resulted in multiple CrashLoopBackOff errors and impacted 50 million daily transactions. A configuration issue in the payment-service deployment caused the pod to fail repeatedly, leading to service outages.",P2,kubernetes,synthetic_master
"EKS Node Worker-3 NotReady The Payment service pod experienced a significant degradation due to the EKS node worker-3 becoming NotReady, indicating a kubelet unresponsive issue. This affected 50 million daily transactions, leading to customer complaints. The kubelet on the EKS node worker-3 became unresponsive, causing the node to be marked NotReady and affecting the Payment service pod.",P2,kubernetes,synthetic_master
"ArgoCD Sync Failure in Payment Service ArgoCD failed to sync the payment-service pod, leading to ImagePullBackOff and affecting order processing transactions. Customer complaints about payment failures increased. ArgoCD failed to sync the latest image due to network issues, causing the payment-service pod to enter an ImagePullBackOff state.",P2,kubernetes,synthetic_master
"ArgoCD Deployment Failure The ArgoCD deployment led to an Ingress controller 502 error, causing all payment pods to become unhealthy, affecting 50 million daily transactions and leading to rising customer complaints. A misconfigured ArgoCD sync caused the deployment of faulty service manifests, leading to the Ingress controller failing and all payment pods becoming unhealthy.",P2,kubernetes,synthetic_master
"Kubernetes Ingress Controller Failure The Ingress controller in FinTechFlow's Kubernetes cluster experienced high etcd latency, leading to a 3.2-second leader election delay and affecting 50 million daily transactions, resulting in customer complaints. etcd high latency and leader election delay due to resource contention in the Kubernetes cluster.",P2,kubernetes,synthetic_master
"EKS Cluster Payment-Service Pod Failure The EKS cluster experienced a failure in the payment-service pod, resulting in CrashLoopBackOff and 24 restarts. This affected payment transactions, leading to customer complaints and transactional issues. Misconfiguration in the payment-service deployment manifest led to an infinite restart loop.",P2,kubernetes,synthetic_master
"Kubernetes Node Issue Causes Payment Service Downtime On 2023-10-15, the EKS node worker-3 became NotReady, resulting in kubelet unresponsiveness, which significantly degraded the payment service, leading to transaction failures and increased customer complaints. A kubelet unresponsiveness on an EKS node worker-3 led to the node being marked NotReady, causing pods to evict and fail, affecting the payment service.",P2,kubernetes,synthetic_master
"ArgoCD Sync Failed, Payment Service Pod Down ArgoCD sync failure caused the payment-service pod to enter ImagePullBackOff state, impacting Order service pod and affecting payment transactions. ArgoCD sync failure resulted in the payment-service pod not being updated with the latest image version.",P2,kubernetes,synthetic_master
"ArgoCD Deployment Issue Disrupts Payments The ArgoCD deployment failed, causing the Ingress controller to return 502 errors and all payment pods to become unhealthy, impacting 50 million daily transactions. A misconfigured Kubernetes secret in the ArgoCD repository led to the deployment failure and subsequent pod unhealthiness.",P2,kubernetes,synthetic_master
"Ingress Controller Failure Causes High Latency The Ingress controller experienced high etcd latency of 3.2s, leading to leader election issues and impacting 50 million daily transactions. etcd high latency 3.2s, causing leader election delays and network congestion within the Kubernetes cluster.",P2,kubernetes,synthetic_master
"EKS Cluster Payment-Service Pod CrashLoopBackOff The EKS cluster experienced a critical issue with the payment-service pod, which triggered CrashLoopBackOff with 24 restarts. This affected payment transactions, leading to increased customer complaints. Resource constraints and misconfigured limits in the payment-service pod specification.",P2,kubernetes,synthetic_master
"EKS Node Worker-3 NotReady, Payment Service Degraded The EKS node worker-3 went into a NotReady state, causing the payment service pod to fail and affecting transaction processing. Customers reported increased transaction failures and delays. The kubelet on the EKS node worker-3 became unresponsive due to resource overloading, leading to the node being marked NotReady and impacting the payment service.",P2,kubernetes,synthetic_master
"Payment Service Pod Deployment Failure The Order service pod experienced an ArgoCD sync failure, resulting in a payment-service ImagePullBackOff, causing some payment transactions to fail and leading to an increase in customer complaints. ArgoCD failed to pull the latest payment-service image from the registry due to network issues.",P2,kubernetes,synthetic_master
"ArgoCD Deployment Failure - Ingress 502 Errors The ArgoCD deployment failed, causing all payment pods to become unhealthy and resulting in 502 errors from the Ingress controller. This impacted transaction processing, leading to customer complaints. A misconfigured Kubernetes manifest led to pod failures, which were propagated through ArgoCD to all payment pods.",P2,kubernetes,synthetic_master
"Etcd Latency Causes Ingress Controller Degradation Etcd high latency led to degraded performance of the Ingress controller, affecting payment transactions and causing customer complaints. etcd high latency 3.2s leader election at risk in the Kubernetes cluster, impacting the Ingress controller's performance.",P2,kubernetes,synthetic_master
"Payment Service CrashLoopBackOff in EKS The EKS cluster experienced a critical issue with the payment-service pod, leading to CrashLoopBackOff with 24 restarts. This affected transaction processing and led to customer complaints. A configuration error in the payment-service deployment caused an infinite loop, triggering frequent restarts.",P2,kubernetes,synthetic_master
"Kubernetes Node Worker-3 Unresponsive An EKS node worker-3 became NotReady, causing the Payment service pod to fail and affecting 50 million daily transactions, leading to customer complaints. kubelet unresponsive due to resource exhaustion on the EKS node worker-3.",P2,kubernetes,synthetic_master
"ArgoCD Sync Failure Causes Payment Service Outage The ArgoCD sync failed with the payment-service ImagePullBackOff, impacting the Order service pod and causing some payment transactions to fail. Customer complaints began to rise due to the degradation in service. The ArgoCD sync failed to pull the updated payment-service image, resulting in the pod being in an ImagePullBackOff state.",P2,kubernetes,synthetic_master
"ArgoCD Deployment Failure Affects Payments The ArgoCD deployment failed, causing the Ingress controller to return 502 errors and rendering all payment pods unhealthy. This impacted 50 million daily transactions, leading to customer complaints. A misconfigured ArgoCD deployment caused the Ingress controller to misroute traffic, making all payment pods unreachable.",P2,kubernetes,synthetic_master
"Kubernetes Ingress Controller Failure The Ingress controller in FinTechFlow's Kubernetes cluster experienced high etcd latency (3.2s), leading to leader election risks, causing some payment transactions to fail and customer complaints to rise. etcd high latency caused leader election issues, impacting the Ingress controller's stability.",P2,kubernetes,synthetic_master
"EKS Cluster Payment-Service CrashLoopBackOff The EKS cluster experienced issues with the payment-service pod, leading to CrashLoopBackOff and 24 restart attempts. This impacted payment transactions, resulting in service degradation and increased customer complaints. A configuration error in the deployment YAML caused the payment-service pod to fail to start correctly, leading to repeated restart attempts.",P2,kubernetes,synthetic_master
"EKS Node Worker-3 NotReady, Payment Service Degraded The EKS node worker-3 became NotReady, causing the payment service pod to degrade and some transactions to fail, leading to increased customer complaints. kubelet on EKS node worker-3 unresponsive, leading to the node being marked NotReady and impacting the payment service pods.",P2,kubernetes,synthetic_master
"Payment Service Pod Sync Failure The Order service pod experienced ArgoCD sync failure, resulting in payment-service ImagePullBackOff. This impacted transaction processing in the production environment. ArgoCD failed to sync the payment-service image due to a misconfigured Kubernetes cluster.",P2,kubernetes,synthetic_master
"ArgoCD Deployment Failure The ArgoCD deployment failed, causing the Ingress controller to return 502 errors and all payment pods to become unhealthy, significantly impacting payment transactions and leading to customer complaints. A misconfigured Kubernetes deployment triggered by ArgoCD caused the Ingress controller to fail, resulting in 502 errors and pod unhealthiness.",P2,kubernetes,synthetic_master
"Kubernetes Ingress Controller Fails The Ingress controller in FinTechFlow’s Kubernetes cluster experienced high etcd latency, leading to 3.2s leader election delays and some transaction failures, impacting payment processing. etcd high latency causing leader election delays in the Kubernetes cluster.",P2,kubernetes,synthetic_master
"EKS Cluster Payment-Service Pod Failures The EKS cluster experienced payment-service pod crashes, leading to 24 CrashLoopBackOff events and significant transaction failures. Over 500,000 payment transactions were affected, resulting in increased customer complaints. Resource constraints and misconfigured environment variables in the payment-service pods.",P2,kubernetes,synthetic_master
"Kubernetes Node Worker-3 NotReady On 2023-10-15, the EKS node worker-3 became NotReady, causing the payment service pod to fail and resulting in some transactions failing and customer complaints rising. kubelet unresponsive due to insufficient resources on the EKS node worker-3.",P2,kubernetes,synthetic_master
"Payment Service Deployment Failure ArgoCD sync failed, causing payment-service ImagePullBackOff in the Order service pod. This impacted transaction processing, leading to customer complaints. ArgoCD failed to pull the latest image due to a misconfigured Kubernetes cluster image repository.",P2,kubernetes,synthetic_master
"ArgoCD Deployment Failure Causes Payment Outages The ArgoCD deployment failed, causing the Ingress controller to return 502 errors and all payment pods to become unhealthy, affecting 50 million daily transactions. Incorrect Kubernetes manifest in ArgoCD caused all payment pods to become unhealthy, leading to 502 errors from the Ingress controller.",P2,kubernetes,synthetic_master
"Etcd High Latency Causes Ingress Controller Outage Etcd high latency led to degraded performance of the Ingress controller, causing some payment transactions to fail and customer complaints to rise. Etcd high latency and leader election issues affected the Ingress controller's ability to route traffic efficiently.",P2,kubernetes,synthetic_master
"EKS Cluster Payment-Service Pod CrashLoopBackOff The EKS cluster experienced issues with the payment-service pod, leading to CrashLoopBackOff errors and impacting transaction processing. Customers reported transaction failures and rising complaint rates. Insufficient CPU resources in the EKS cluster due to a misconfigured Kubernetes deployment manifest.",P2,kubernetes,synthetic_master
"EKS Node Worker-3 NotReady, Payment Service Pod Degraded Due to a kubelet unresponsive error on the EKS node worker-3, the payment service pod experienced significant degradation, resulting in some transaction failures and increasing customer complaints. kubelet unresponsiveness on the EKS node worker-3 caused the pod to become NotReady, leading to service degradation.",P2,kubernetes,synthetic_master
"Order Service Pod Down, ArgoCD Sync Failed The Order service pod experienced a failure, leading to ArgoCD sync issues and ImagePullBackOff errors, affecting payment transactions in the production environment. An ImagePullBackOff error occurred due to misconfigured Docker image tags in the ArgoCD application manifest.",P2,kubernetes,synthetic_master
"ArgoCD Deployment Failure: Ingress 502 Errors The ArgoCD deployment failed, causing the Ingress controller to return 502 errors and all payment pods to become unhealthy, affecting transaction processing. A configuration error in the ArgoCD manifest led to incorrect routing rules, causing the Ingress controller to fail and payment pods to be marked as unhealthy.",P2,kubernetes,synthetic_master
"Etcd High Latency Impacting Ingress Controller Etcd high latency led to degraded performance of the Ingress controller, causing some payment transactions to fail and increasing customer complaints. etcd leader election latency issues due to high traffic, impacting the Ingress controller in the FinTechFlow Kubernetes cluster.",P2,kubernetes,synthetic_master
"EKS Cluster Payment Service CrashLoopBackOff The EKS cluster experienced a critical issue with the payment-service pod, resulting in repeated CrashLoopBackOff restarts. This impacted payment transactions, leading to customer complaints and service degradation. Misconfigured resource limits in the payment-service pod caused excessive memory usage, leading to repeated crashes.",P2,kubernetes,synthetic_master
"EKS Node Worker-3 NotReady, Payment Service Pod Degradation The EKS node worker-3 became NotReady due to a kubelet unresponsive issue, leading to degraded performance of the payment service pod and affecting some transaction processing. A kubelet unresponsive issue on the EKS node worker-3 caused the node to become NotReady, impacting the payment service pod.",P2,kubernetes,synthetic_master
"Payment Service Pod Failure ArgoCD sync failure caused the payment-service pod to enter ImagePullBackOff state, impacting the Order service pod and resulting in some transaction failures. ArgoCD sync failed to pull the latest payment-service image, causing ImagePullBackOff in Kubernetes.",P2,kubernetes,synthetic_master
"ArgoCD Deployment Failure The ArgoCD deployment failed, causing the Ingress controller to return 502 errors and all payment pods to become unhealthy, affecting 50 million daily transactions. Incorrect Helm chart values led to misconfigured pods, impacting the Ingress controller and payment services.",P2,kubernetes,synthetic_master
"Ingress Controller Outage Due to Etcd Latency The Ingress controller experienced a high etcd latency of 3.2s, leading to leader election risks and causing some payment transactions to fail, resulting in increased customer complaints. Etcd high latency 3.2s and leader election risk in the Kubernetes cluster.",P2,kubernetes,synthetic_master
"Payment Service Pod CrashLoopBackOff The EKS cluster experienced a critical issue with the payment-service pod, resulting in CrashLoopBackOff and 24 restart attempts. This affected payment transactions, leading to customer complaints. A misconfiguration in the payment-service deployment caused the container to fail repeatedly, leading to CrashLoopBackOff.",P2,kubernetes,synthetic_master
"EKS Node Worker-3 NotReady, Payment Service Degrades The EKS node worker-3 became NotReady, causing the Payment service pod to fail and impacting 50 million daily transactions, leading to customer complaints. kubelet unresponsive on the EKS node worker-3, leading to pod unavailability and service degradation.",P2,kubernetes,synthetic_master
"ArgoCD Sync Failure Causes Payment Service Outage ArgoCD sync failure resulted in the payment-service pod experiencing ImagePullBackOff, causing the order service pod to fail and leading to a significant degradation in transaction processing. The ArgoCD sync failed to pull the latest image for the payment-service pod, leading to an ImagePullBackOff error in Kubernetes.",P2,kubernetes,synthetic_master
"ArgoCD Deployment Failure The ArgoCD deployment failed, causing the Ingress controller to return 502 errors, and all payment pods became unhealthy, leading to significant transaction failures and increased customer complaints. A misconfiguration in the ArgoCD manifest caused the deployment to fail, resulting in the Ingress controller 502 errors and payment pods becoming unhealthy.",P2,kubernetes,synthetic_master
"Kubernetes Ingress Controller Outage The Ingress controller in FinTechFlow's Kubernetes cluster experienced high etcd latency, leading to 3.2s leader election delays and causing some payment transactions to fail. etcd high latency and leader election delays due to resource contention in the Kubernetes cluster.",P2,kubernetes,synthetic_master
"EKS Cluster Issue Causes Payment Service Downtime The EKS cluster experienced a Kubernetes issue, with the payment-service pod experiencing CrashLoopBackOff. This affected 5% of payment transactions, leading to customer complaints. Misconfigured Kubernetes deployment caused the payment-service pod to CrashLoopBackOff, leading to service degradation.",P2,kubernetes,synthetic_master
"EKS Node(worker-3) NotReady, Payment Service Pod Degraded Due to an unresponsive kubelet on the EKS node worker-3, the payment service pod experienced significant degradation, leading to transaction failures and increasing customer complaints. kubelet unresponsiveness on EKS node worker-3 caused the node to be marked NotReady, impacting the payment service pod's availability.",P2,kubernetes,synthetic_master
"ArgoCD Sync Failure Leads to Pod Crash The ArgoCD sync for the payment-service failed, resulting in ImagePullBackOff for the Order service pod. This affected payment transactions processing. The ArgoCD sync issue was caused by an incorrect image tag in the deployment manifest, leading to the ImagePullBackOff error.",P2,kubernetes,synthetic_master
"ArgoCD Deploy Failed, Ingress 502 Errors The ArgoCD deployment failed, causing the Ingress controller to return 502 errors, making all payment pods unavailable. This affected payment transactions and led to an increase in customer complaints. Misconfigured ArgoCD manifest leading to all payment pods becoming unhealthy.",P2,kubernetes,synthetic_master
"Kubernetes Ingress Controller Outage The Ingress controller in FinTechFlow's Kubernetes cluster experienced high etcd latency (3.2s) leading to leader election risks, affecting payment transactions. etcd high latency (3.2s) and potential leader election issues within the Kubernetes cluster impacted the Ingress controller.",P2,kubernetes,synthetic_master
"Payment Service Pod CrashLoopBackOff The EKS cluster experienced issues with the payment-service pod, leading to frequent restarts and payment transaction failures. Customer complaints regarding transaction delays and errors increased significantly. A configuration issue in the payment-service deployment caused an infinite loop, resulting in the pod repeatedly crashing and restarting.",P2,kubernetes,synthetic_master
"EKS Node Worker-3 NotReady, Payment Service Pod Degradation The EKS node worker-3 reported as NotReady due to a kubelet unresponsive issue, leading to degradation in the payment service pod and some transaction failures, resulting in customer complaints. The kubelet on the EKS node worker-3 became unresponsive, causing the node to be marked as NotReady and affecting the payment service pod's availability.",P2,kubernetes,synthetic_master
"ArgoCD Sync Failure Causes Payment Service Outage ArgoCD sync failed with an ImagePullBackOff error, impacting the Order service pod and leading to payment transaction failures. Customer complaints increased due to the degradation in service. The ArgoCD sync failed to pull the latest payment-service image from the container registry due to network or registry issues.",P2,kubernetes,synthetic_master
"ArgoCD Deployment Failure The ArgoCD deployment failed, causing the ingress controller to show 502 errors and all payment pods to become unhealthy, affecting transaction processing. A configuration error in the ArgoCD manifest led to the deployment failure, impacting the ingress controller and payment pods.",P2,kubernetes,synthetic_master
"Etcd High Latency Impacting Ingress Controller Etcd high latency led to degraded performance of the Ingress controller, causing some transactions to fail and increasing customer complaints. etcd leader election delay due to high latency impacting the Ingress controller in the Kubernetes cluster.",P2,kubernetes,synthetic_master
"Payment Service Pod CrashLoopBackOff The EKS cluster experienced a critical issue with the payment-service pod, leading to CrashLoopBackOff with restarts=24. This affected payment transactions, causing delays and customer complaints. A configuration error in the payment-service deployment caused infinite restarts, overwhelming the cluster's resources.",P2,kubernetes,synthetic_master
"EKS Node Worker-3 NotReady - Payment Service Degradation The EKS node worker-3 experienced a NotReady state, causing the payment service pod to fail and resulting in significant transaction failures and rising customer complaints. kubelet unresponsive on the EKS node worker-3, leading to the pod not being scheduled properly.",P2,kubernetes,synthetic_master
"ArgoCD Sync Failure Causes Payment Service Outage ArgoCD sync failed, resulting in a payment-service ImagePullBackOff, impacting the Order service pod and causing some transactions to fail. Customer complaints have risen due to payment issues. ArgoCD sync issue led to an outdated image being deployed, causing the payment-service pod to fail to start.",P2,kubernetes,synthetic_master
"ArgoCD Deployment Failure Causes Payment Issues The ArgoCD deployment in the production environment caused the Ingress controller to return 502 errors, making all payment pods unhealthy and leading to significant transaction failures and rising customer complaints. A misconfiguration in the ArgoCD YAML led to the deployment of an invalid Ingress controller manifest, affecting all payment-related pods.",P2,kubernetes,synthetic_master
"Ingress Controller Failure Caused by Etcd Latency The Ingress controller in FinTechFlow's Kubernetes cluster experienced high etcd latency, leading to a 3.2s leader election delay and impacting payment transactions. Customers reported increased transaction failures and delays. Etcd high latency and leader election risk due to resource contention in the Kubernetes cluster.",P2,kubernetes,synthetic_master
"EKS Cluster Payment-Service CrashLoopBackOff The EKS cluster experienced a critical issue with the payment-service pod, leading to CrashLoopBackOff and 24 restarts. This affected 50 million daily transactions, causing significant degradation and increasing customer complaints. A configuration issue in the deployment YAML caused the payment-service pod to fail repeatedly, triggering CrashLoopBackOff.",P2,kubernetes,synthetic_master
"EKS Node Worker-3 NotReady, Payment Service Pod Degradation On [date], the EKS node worker-3 went into NotReady state, causing the payment service pod to fail and resulting in significant transaction processing issues and rising customer complaints. kubelet unresponsive on EKS node worker-3, leading to pod eviction and failure.",P2,kubernetes,synthetic_master
"Payment Service Sync Failure ArgoCD sync failure caused the payment-service pod to enter ImagePullBackOff state, leading to degradation in the Order service pod, impacting payment transactions. ArgoCD sync failed to pull the latest payment-service image due to an image pull policy issue.",P2,kubernetes,synthetic_master
"ArgoCD Deployment Failure The ArgoCD deployment failed, causing the Ingress controller to return 502 errors and all payment pods to become unhealthy, impacting 50 million daily transactions. A misconfiguration in the ArgoCD application triggered a rollback, causing all related pods to fail and the Ingress controller to return 502 errors.",P2,kubernetes,synthetic_master
"Kubernetes Ingress Controller Failure The Ingress controller experienced high etcd latency, leading to a 3.2s leader election delay, affecting 50 million daily transactions and causing customer complaints to rise. etcd high latency and leader election delay in the Kubernetes cluster.",P2,kubernetes,synthetic_master
"EKS Cluster Payment-Service Pod CrashLoopBackOff The EKS cluster experienced a failure in the payment-service pod, leading to CrashLoopBackOff with 24 restarts. This affected payment transactions, causing significant degradation and rising customer complaints. A configuration error in the payment-service deployment caused the container to fail repeatedly, leading to the CrashLoopBackOff state.",P2,kubernetes,synthetic_master
"EKS Node Failure Affects Payment Service The EKS node worker-3 went into NotReady state due to a kubelet unresponsive error, causing significant degradation in the payment service pod and some transactions failing, leading to increased customer complaints. The kubelet on the EKS node worker-3 became unresponsive, causing the node to go into NotReady state and affecting the payment service pod running on that node.",P2,kubernetes,synthetic_master
"ArgoCD Sync Failure Causes Payment Processing Issues ArgoCD sync failed with an ImagePullBackOff error, leading to the Order service pod becoming unavailable, affecting payment transactions. The ArgoCD sync issue was due to a misconfigured image reference in the Kubernetes deployment manifest.",P2,kubernetes,synthetic_master
"ArgoCD Deployment Failure The ArgoCD deployment failed, causing the Ingress controller to return 502 errors and all payment pods to become unhealthy, affecting payment transactions. Incorrect values in ArgoCD application manifest leading to misconfiguration of the Ingress controller and payment service pods.",P2,kubernetes,synthetic_master
"Kubernetes Ingress Controller Failure The Ingress controller in FinTechFlow's Kubernetes cluster experienced etcd high latency, causing significant degradation in service performance and some transaction failures. etcd leader election delay due to high latency, impacting the Ingress controller's ability to route traffic correctly.",P2,kubernetes,synthetic_master
"Payment Service Pod CrashLoopBackOff The payment-service pod in the EKS cluster experienced multiple CrashLoopBackOff errors, causing temporary downtime and minor issues for a subset of users handling payments. A configuration error in the payment-service deployment manifest led to an infinite restart loop.",P3,kubernetes,synthetic_master
"EKS Node Worker-3 NotReady, Payment Service Pod Affected An EKS node worker-3 became NotReady due to a kubelet unresponsive issue, affecting a small subset of payment service pods. This impacted 2% of our daily 50 million transactions. kubelet unresponsiveness on the EKS node worker-3 caused the node to become NotReady, leading to pod evictions and service disruption.",P3,kubernetes,synthetic_master
"ArgoCD Sync Failed, Payment-Service ImagePullBackOff ArgoCD sync failed for the payment-service pod, resulting in ImagePullBackOff. This issue affected a small subset of users, primarily those using the order service, though there was no revenue impact. A misconfiguration in the ArgoCD application manifest led to a failed image pull for the payment-service pod.",P3,kubernetes,synthetic_master
"ArgoCD Deployment Caused Ingress 502 Errors An ArgoCD deployment issue led to an Ingress controller 502 error, rendering all payment-related pods unhealthy. This affected a small subset of users, impacting payment processing temporarily. The ArgoCD deployment included an incorrect service reference, misconfiguring the Ingress controller and impacting the payment pods.",P3,kubernetes,synthetic_master
"Etcd Latency Caused Ingress Controller Outage Etcd high latency of 3.2s caused issues with the Ingress controller, impacting a small subset of payment transactions. etcd high latency 3.2s led to leader election risks, affecting the Ingress controller's stability.",P3,kubernetes,synthetic_master
"Payment Service Pod CrashLoopBackOff The payment-service pod in the EKS cluster experienced multiple CrashLoopBackOff errors, affecting a small subset of payment transactions. Resource constraints caused the payment-service pod to repeatedly crash.",P3,kubernetes,synthetic_master
"EKS Node Worker-3 NotReady The EKS node worker-3 became NotReady, causing the Payment service pod to fail, affecting a small subset of payment transactions. The kubelet on EKS node worker-3 became unresponsive, leading to the NotReady state and subsequent pod failures.",P3,kubernetes,synthetic_master
"ArgoCD Sync Failed, Payment Service Pod Down ArgoCD sync failure caused the payment-service pod to enter ImagePullBackOff state, impacting the Order service pod. This affected a small subset of users during the incident. The ArgoCD sync failure was due to a misconfigured image tag in the deployment manifest, leading to the ImagePullBackOff state.",P3,kubernetes,synthetic_master
"Payment Ingress 502 Errors Due to ArgoCD Rollout An ArgoCD deployment caused all payment pods to become unhealthy, resulting in 502 errors on the Ingress controller. This affected a small subset of payment transactions. A misconfigured ArgoCD deployment caused the payment pods to roll back, leading to the Ingress controller returning 502 errors.",P3,kubernetes,synthetic_master
"High Latency in Ingress Controller Etcd high latency of 3.2s led to leader election issues, affecting a small subset of users accessing the payment processing platform. High latency in etcd caused leader election delays, impacting the Ingress controller's stability.",P3,kubernetes,synthetic_master
"Payment Service Pod CrashLoopBackOff A payment service pod in the EKS cluster experienced a CrashLoopBackOff error, causing temporary downtime for a small subset of payment transactions. The CrashLoopBackOff was due to a misconfigured environment variable in the pod's deployment manifest.",P3,kubernetes,synthetic_master
"Kubernetes Node Worker-3 Outage An EKS node worker-3 became NotReady due to a kubelet unresponsive issue, impacting a small subset of payment transactions in the production environment. The kubelet on the EKS node worker-3 became unresponsive due to a system resource exhaustion issue.",P3,kubernetes,synthetic_master
"ArgoCD Sync Failed: Payment Service Pod Issue ArgoCD sync failure caused the payment-service pod to enter ImagePullBackOff state, affecting order service pods in the production environment. This impacted a small subset of users. The ArgoCD sync failure was due to a misconfigured image tag in the deployment manifest, leading to the ImagePullBackOff error.",P3,kubernetes,synthetic_master
"Payment Ingress 502 Errors Due to ArgoCD Deployment An issue with the ArgoCD deployment caused the Ingress controller to return 502 errors, rendering all payment-related pods unhealthy. This affected a small subset of users attempting to make transactions. Incorrect ArgoCD manifest caused the Ingress controller to misconfigure, leading to 502 errors and pod unhealthiness.",P3,kubernetes,synthetic_master
"Etcd High Latency Causes Ingress Controller Outage Etcd high latency caused the ingress controller to experience latency issues, affecting a small subset of payment transactions. Users attempted to access services through the ingress controller, but faced delays. etcd high latency led to leader election timeouts, impacting the ingress controller's performance.",P3,kubernetes,synthetic_master
"Payment-Service Pod CrashLoopBackOff The payment-service pod in the EKS cluster experienced CrashLoopBackOff, leading to temporary service unavailability for a small subset of users. No revenue impact was observed. A configuration issue in the payment-service deployment caused the pod to fail repeatedly, triggering the CrashLoopBackOff state.",P3,kubernetes,synthetic_master
"EKS Node Worker-3 NotReady, Payment Service Pod Affected On 2023-10-10, the EKS node worker-3 became NotReady due to a kubelet unresponsive issue, affecting the payment service pod and resulting in minor disruptions for a small subset of users. The kubelet on the EKS node worker-3 became unresponsive due to a misconfigured network setting, leading to the node being marked as NotReady.",P3,kubernetes,synthetic_master
"ArgoCD Sync Failed Payment Service Pod ArgoCD sync failure caused the payment-service pod to enter an ImagePullBackOff state, affecting a small subset of users processing payments. Incorrect image tag in ArgoCD application manifest.",P3,kubernetes,synthetic_master
"ArgoCD Deployment Caused Ingress 502 Errors An ArgoCD deployment issue led to the Ingress controller returning 502 errors, making all payment pods unavailable. This affected a small subset of users attempting to process transactions. A misconfiguration in the ArgoCD deployment caused the Ingress controller to route traffic to unhealthy payment pods.",P3,kubernetes,synthetic_master
"Kubernetes Ingress Controller Elected New Leader Etcd high latency led to a leader election in the Kubernetes Ingress controller, affecting a minor subset of payment transactions. Etcd high latency caused a leader election, impacting the Ingress controller's stability.",P3,kubernetes,synthetic_master
"Payment-Service Pod CrashLoopBackOff The payment-service pod in the EKS cluster experienced multiple CrashLoopBackOff errors, affecting a small subset of payment transactions in production. A configuration issue in the deployment manifest caused the payment-service pod to repeatedly restart.",P3,kubernetes,synthetic_master
"EKS Node Worker-3 NotReady The EKS node worker-3 went NotReady, causing the Payment service pod to become unresponsive for 15 minutes, affecting a small subset of payment transactions. kubelet on the EKS node worker-3 became unresponsive due to resource constraints and misconfigured cgroup settings.",P3,kubernetes,synthetic_master
"ArgoCD Sync Failed: Payment-Service ImagePullBackOff ArgoCD sync failure led to ImagePullBackOff for the payment-service pod, affecting the Order service pod in the production environment. This issue impacted a small subset of users during the 15-minute duration. The ArgoCD sync failure was due to a misconfigured image tag in the GitOps repository, causing the Kubernetes cluster to fail pulling the latest image.",P3,kubernetes,synthetic_master
"ArgoCD Deployment Issue Causes Ingress 502 Errors An ArgoCD deployment issue caused the ingress controller to return 502 errors, rendering all payment processing pods unhealthy for 15 minutes. This affected a small subset of users handling payments. A misconfigured ArgoCD deployment caused the ingress controller to fail, leading to 502 errors and unhealthy payment pods.",P3,kubernetes,synthetic_master
"Ingress Controller Elected New Leader High etcd latency (3.2s) triggered leader election in the Ingress controller, affecting a small subset of users accessing the payment processing platform. etcd high latency caused leader election, impacting the Ingress controller in the FinTechFlow Kubernetes cluster.",P3,kubernetes,synthetic_master
"Payment Service Pod CrashLoopBackOff The EKS cluster experienced a payment-service pod that continuously crashed, leading to temporary outages for a small subset of users. The error message indicated 24 restart attempts due to CrashLoopBackOff. A misconfigured Kubernetes deployment caused the payment-service pod to repeatedly fail to start, triggering CrashLoopBackOff.",P3,kubernetes,synthetic_master
"EKS Node Worker-3 NotReady, Payment Service Pod Unresponsive During the incident, the EKS node worker-3 became NotReady, causing the payment service pod to become unresponsive. This affected a small subset of payment transactions in the production environment. kubelet on EKS node worker-3 became unresponsive due to underlying hardware issues.",P3,kubernetes,synthetic_master
"ArgoCD Sync Failure Causes Payment Service Outage ArgoCD sync failed due to ImagePullBackOff, causing the payment-service pod to be down for 15 minutes and affecting order processing for a small subset of users. The Docker image for the payment-service pod was not available in the ECR repository, leading to ImagePullBackOff.",P3,kubernetes,synthetic_master
"ArgoCD Deployment Issue Caused Ingress 502 Errors An ArgoCD deployment failed, causing the Ingress controller to return 502 errors and rendering all payment pods unhealthy. This affected a small subset of users, primarily impacting payment transactions. The ArgoCD deployment contained a configuration error that incorrectly updated the Ingress controller service annotations.",P3,kubernetes,synthetic_master
"Etcd Latency Caused Ingress Controller Outage Etcd high latency led to leader election issues in the Ingress controller, affecting a small subset of payment transactions in the production environment. etcd leader election timeout due to high latency impacting the Ingress controller in FinTechFlow’s Kubernetes cluster.",P3,kubernetes,synthetic_master
"Payment Service Pod CrashLoopBackOff The EKS cluster experienced a payment-service pod that repeatedly failed, resulting in CrashLoopBackOff with 24 restarts. This affected a small subset of payment transactions. A configuration issue in the deployment YAML file caused the payment-service pod to fail repeatedly.",P3,kubernetes,synthetic_master
"EKS Node Worker-3 NotReady A Kubernetes node, worker-3, became NotReady due to an unresponsive kubelet, affecting the payment service pod. This issue impacted a small subset of payment transactions. The kubelet on the EKS node worker-3 became unresponsive, causing the node to transition to a NotReady state, which affected the payment service pod scheduling.",P3,kubernetes,synthetic_master
"ArgoCD Sync Failure Causes Payment Service Outage ArgoCD sync failure led to the payment-service pod being in ImagePullBackOff state, affecting a small subset of order service pods in production. This impacted payment transactions for a limited number of users. ArgoCD sync failure due to misconfigured image tag in deployment manifest.",P3,kubernetes,synthetic_master
"ArgoCD Deployment Failure The Ingress controller reported 502 errors, causing all payment pods to become unhealthy. This affected a small subset of users, impacting payment transactions. A misconfiguration in the ArgoCD manifest led to incorrect deployment of the Ingress controller, resulting in 502 errors.",P3,kubernetes,synthetic_master
"High etcd Latency Affects Ingress Controller Etcd high latency of 3.2s was observed, impacting the Ingress controller, which affected a small subset of payment transactions. etcd high latency leading to leader election delays, affecting the Ingress controller in the Kubernetes cluster.",P3,kubernetes,synthetic_master
"Payment Service Pod CrashLoopBackOff The payment-service pod in the EKS cluster experienced a CrashLoopBackOff error, leading to temporary service disruptions for a small subset of users. A configuration issue in the deployment YAML caused the payment-service pod to fail to start, resulting in repeated restart attempts.",P3,kubernetes,synthetic_master
"EKS Node Worker-3 NotReady, Payment Service Pod Affected An EKS node worker-3 became NotReady due to a kubelet unresponsive error, affecting a small subset of payment service pods. This impacted 5% of payment transactions. The kubelet on the EKS node worker-3 became unresponsive due to a resource overload, causing the node to transition to NotReady state.",P3,kubernetes,synthetic_master
"ArgoCD Sync Failed Due to ImagePullBackOff ArgoCD sync failed for the payment-service pod, resulting in an ImagePullBackOff error. This affected a small subset of users, impacting a minor number of payment transactions. The container image was not available in the specified registry, leading to the ImagePullBackOff error.",P3,kubernetes,synthetic_master
"ArgoCD Deployment Issues The Ingress controller failed with 502 errors, causing payment pods to become unhealthy in the ArgoCD deployment. This affected a small subset of payment transactions. Incorrect ArgoCD configuration led to misaligned deployment manifests, resulting in unhealthy payment pods.",P3,kubernetes,synthetic_master
"Etcd Latency Impact Ingress Controller Etcd high latency (3.2s) caused leader election issues, affecting the Ingress controller and impacting 5% of payment transactions. Etcd high latency led to leader election delays, impacting the Ingress controller's stability in the FinTechFlow Kubernetes cluster.",P3,kubernetes,synthetic_master
"Payment-Service Pod CrashLoopBackOff The payment-service pod in the EKS cluster experienced multiple CrashLoopBackOff errors, affecting a small subset of payment transactions. A configuration issue in the deployment YAML caused the payment-service pod to repeatedly restart.",P3,kubernetes,synthetic_master
"EKS Node Worker-3 NotReady, Payment Service Pod Unresponsive On 2023-10-15, the EKS node worker-3 became NotReady, leading to the unresponsiveness of the payment service pod. This affected approximately 1% of payment transactions during the incident. The kubelet on the EKS node worker-3 became unresponsive due to a networking issue, causing the node to be marked as NotReady and leading to the unavailability of the payment service pod.",P3,kubernetes,synthetic_master
"ArgoCD Sync Failure Leads to Payment Service Pod Outage ArgoCD sync failure caused a payment-service ImagePullBackOff, impacting the Order service pod. This affected a small subset of users during the incident. ArgoCD failed to sync the latest image due to an image pull issue in the Kubernetes cluster.",P3,kubernetes,synthetic_master
"ArgoCD Deployment Failed, Ingress 502 Errors The ArgoCD deployment in the production environment failed, causing 502 errors on the Ingress controller. This affected payment processing for a small subset of users. Incorrect deployment configuration led to all payment pods becoming unhealthy, triggering 502 errors on the Ingress controller.",P3,kubernetes,synthetic_master
"Etcd Latency Impact Ingress Controller Etcd experienced high latency of 3.2s, causing leader election issues in the Ingress controller, affecting a small subset of transactions. High etcd latency impacted leader election, leading to temporary service disruptions.",P3,kubernetes,synthetic_master
"Payment Service Pod CrashLoopBackOff The EKS cluster experienced a payment-service pod that continually CrashLoopBackOffed, affecting a small subset of payment transactions. A configuration issue in the deployment manifest caused the payment-service pod to repeatedly restart.",P3,kubernetes,synthetic_master
"EKS Node Worker-3 NotReady, Payment Service Pod Affected An EKS node worker-3 became NotReady due to a kubelet unresponsive issue, impacting the payment service pod and causing minor service disruptions for a small subset of users. The kubelet on the EKS node worker-3 became unresponsive due to resource exhaustion, leading to the node being marked as NotReady.",P3,kubernetes,synthetic_master
"ArgoCD Sync Failure Causes Payment Service Outage ArgoCD sync failed with ImagePullBackOff, causing the payment-service pod to be in an unhealthy state and affecting a small subset of payment transactions. The ArgoCD sync issue was due to a misconfigured image tag in the deployment manifest, leading to the ImagePullBackOff error.",P3,kubernetes,synthetic_master
"ArgoCD Deploy Failed: Ingress 502 Errors The ArgoCD deployment of the payment processing microservices failed, causing 502 errors from the Ingress controller. This affected a small subset of payment transactions. Misconfiguration in the ArgoCD manifest led to unhealthy payment pods, triggering 502 errors from the Ingress controller.",P3,kubernetes,synthetic_master
"Etcd High Latency Affects Ingress Controller Etcd experienced high latency of 3.2s, triggering leader election, which impacted the Ingress controller, affecting a small subset of payment transactions. High etcd latency caused leader election, impacting the Ingress controller in the FinTechFlow Kubernetes cluster.",P3,kubernetes,synthetic_master
"Prometheus Alert Storm Causes Outage Prometheus experienced a critical failure leading to a PagerDuty alert storm, impacting payment processing and resulting in a $10k/minute revenue loss. A misconfigured Prometheus alert rule triggered an overwhelming number of alerts, overwhelming the PagerDuty incident management system.",P1,monitoring,synthetic_master
"Prometheus Scrape Timeout Disrupts Grafana Dashboards A Prometheus scrape timeout error caused Grafana dashboards to become unresponsive, affecting visibility into payment-service metrics and halting revenue tracking. The scrape timeout was due to an overloaded Prometheus instance unable to handle the high volume of metrics from the payment-service.",P1,monitoring,synthetic_master
"Grafana Dashboard Failure A critical monitoring dashboard in PagerDuty failed, causing a 30-minute gap in visibility of payment transactions, impacting 50 million daily transactions. Prometheus data feed disruption due to network latency issues between the monitoring cluster and Grafana.",P1,monitoring,synthetic_master
"P1 Outage: Alert Manager Misconfiguration An alert route misconfiguration in Alert Manager caused P1 alerts to be dropped, leading to a complete outage of payment processing. This impacted all transactions, resulting in a revenue loss of $10k per minute. Misconfigured alert route in Alert Manager, causing P1 alerts to be dropped.",P1,monitoring,synthetic_master
"Prometheus Monitoring Degradation Prometheus monitoring degraded, leading to a complete outage of payment processing, affecting 50 million transactions per day. Jaeger trace sampling was reduced to 1%. Jaeger trace sampling was reduced to 1%, causing Prometheus to lose critical data, leading to the complete failure of monitoring and payment processing.",P1,monitoring,synthetic_master
"Grafana Alert Storm Causes Outage A PagerDuty alert storm generated 400 alerts in 5 minutes, overwhelming the monitoring system and causing Grafana to become unresponsive, halting all payment transactions. Overload of alerts in Grafana dashboard due to unoptimized alerting rules in Prometheus.",P1,monitoring,synthetic_master
"Prometheus Alert Triggered Critical Outage A Prometheus scrape timeout for payment-service metrics led to a complete outage of the payment processing platform, affecting all transactions and causing significant revenue loss. A scrape timeout in Prometheus due to network congestion impacted the payment-service metrics, triggering a critical incident.",P1,monitoring,synthetic_master
"Alert Manager Outage - No Data Points for 30 Minutes Alert Manager experienced a complete outage, resulting in no data points on the Grafana dashboard for 30 minutes, halting payment processing and causing significant revenue impact. Prometheus scrape job failure due to network partition between the monitoring cluster and the Alert Manager service in the Kubernetes cluster.",P1,monitoring,synthetic_master
"P1 Alert Manager Misconfiguration Prometheus Alert Manager misconfiguration caused critical P1 alerts to be dropped, resulting in a complete outage of payment processing, affecting 50 million daily transactions. Misconfiguration of the Alert Manager led to the dropping of high-priority P1 alerts, impacting the monitoring of critical services like payment processing.",P1,monitoring,synthetic_master
"Grafana Dashboard Unavailability The Grafana dashboard experienced a complete outage, preventing SRE engineers from monitoring and troubleshooting critical services, affecting payment transactions and revenue. Jaeger trace sampling was reduced from 100% to 1%, leading to insufficient data for monitoring and troubleshooting in Grafana.",P1,monitoring,synthetic_master
"PagerDuty Alert Storm Halted Payment Processing A PagerDuty alert storm generated 400 alerts in 5 minutes, overwhelming the incident response process and halting payment processing for 60 minutes. Overlapping Prometheus alerts triggered by a sudden spike in transaction volume, overwhelming PagerDuty’s incident management system.",P1,monitoring,synthetic_master
"Prometheus Scrape Timeout Caused Alert Manager Outage Prometheus scrape timeout for payment-service metrics caused the Alert Manager to fail, halting all payment processing for 60 minutes and resulting in a $10k/minute revenue impact. Prometheus scrape timeout due to high load on the payment-service metrics endpoint, impacting the Alert Manager's ability to receive metrics data.",P1,monitoring,synthetic_master
"Prometheus Alert: Grafana Dashboard No Data Prometheus monitoring failed, causing Grafana dashboards to show no data for 30 minutes, impacting payment transaction monitoring and alerting. Prometheus scrape job was down due to an internal configuration error in HashiCorp Vault.",P1,monitoring,synthetic_master
"Grafana Alert Manager Misconfiguration A misconfiguration in the Grafana Alert Manager caused P1 alerts to be dropped, resulting in a complete outage of all payment processing. The incident affected 50 million transactions per day, causing a revenue impact of $10k/minute. The Alert Manager route was misconfigured, leading to the drop of critical P1 alerts in the Grafana monitoring system.",P1,monitoring,synthetic_master
"PagerDuty Monitoring Failure Monitoring for PagerDuty failed, causing a 100% reduction in Jaeger trace sampling. This impacted all payment transactions, halting processing and causing a $10k/minute revenue loss. Jaeger trace sampling was reduced from 100% to 1%, disrupting monitoring for critical services.",P1,monitoring,synthetic_master
"Alert Manager Outage Causes PagerDuty Storm The Alert Manager experienced a complete outage, causing a PagerDuty alert storm with 400 alerts in 5 minutes, impacting all payment transactions. A configuration error in HashiCorp Vault led to incorrect alert rules being deployed.",P1,monitoring,synthetic_master
"Prometheus Scrape Timeout on Payment-Service Metrics A scrape timeout occurred in Prometheus, impacting payment-service metrics, which halted payment processing for 60 minutes, affecting all transactions and resulting in a $10k/minute revenue loss. Scrape timeout due to high load on the Prometheus instance, specifically from the payment-service metrics.",P1,monitoring,synthetic_master
"Grafana Dashboard Failure Grafana monitoring dashboards were unavailable for 30 minutes, impacting payment transaction monitoring. No data points appeared, halting payment processing. Prometheus scrape job failure due to network issues with Elasticsearch, causing Grafana to show no data points.",P1,monitoring,synthetic_master
"P1 Alert Manager Misconfiguration Critical alerts for 60 minutes were dropped, halting payment processing and causing revenue loss of $10k/minute. PagerDuty received no notifications due to a misconfigured Alert Manager route. A misconfiguration in the Alert Manager route led to the dropping of P1 alerts, impacting payment processing in the production environment.",P1,monitoring,synthetic_master
"Alert Manager Down, Payments Halted The Alert Manager in FinTechFlow's production environment experienced a complete failure, halting all payment processing and impacting revenue by $10k per minute. Jaeger trace sampling was reduced to 1pct, further complicating debugging efforts. Jaeger trace sampling was set to 1pct, significantly reducing the visibility of service calls, leading to a complete outage of the Alert Manager.",P1,monitoring,synthetic_master
"Prometheus Alert Storm Causes Outage Prometheus experienced a severe alert storm, triggering 400 alerts in 5 minutes, leading to a complete outage of payment processing, affecting 50 million transactions daily. Misconfigured alert thresholds in Prometheus led to an overwhelming number of alerts, overwhelming the PagerDuty incident response system.",P1,monitoring,synthetic_master
"Grafana Dashboard Down, Payment Metrics Unavailable Prometheus scrape timeout for payment-service metrics caused Grafana to fail, halting visibility into payment transactions and impacting all monitoring. Prometheus scrape timeout due to high load on the payment-service metrics causing Grafana to fail.",P1,monitoring,synthetic_master
"Grafana Dashboard Failure A critical monitoring dashboard failed, resulting in no data points for 30 minutes, causing PagerDuty to miss alerts and halting payment processing for 60 minutes. Prometheus scrape job for the Grafana dashboard was down, leading to no data being sent to Grafana.",P1,monitoring,synthetic_master
"P1 Alert Manager Outage A critical misconfiguration in the Alert Manager dropped P1 alerts, causing all payment processing to halt for an hour, impacting revenue by $10k/minute. Misconfiguration of Alert Manager routes resulted in the dropping of critical P1 alerts.",P1,monitoring,synthetic_master
"Prometheus Monitoring Down, Payment Processing Halted Prometheus monitoring failed, causing a complete outage of payment processing, impacting all transactions. Error: Jaeger trace sampling reduced from 100% to 1%. All services dependent on Prometheus alerting were affected. Jaeger trace sampling configuration was incorrectly adjusted, significantly reducing the visibility of service dependencies.",P1,monitoring,synthetic_master
"Grafana Outage Causes PagerDuty Storm A monitoring alert storm in Grafana triggered by a misconfiguration affected all payment processing, halting transactions and causing significant revenue loss. Misconfigured alert rule in Grafana led to an excessive number of alerts, overwhelming the PagerDuty system and causing a complete outage of payment processing.",P1,monitoring,synthetic_master
"Prometheus Timeout Causes PagerDuty Outage A Prometheus scrape timeout for payment-service metrics led to a PagerDuty outage, halting all payment processing and resulting in a $10k/minute revenue impact. A network issue between the Prometheus instance and the payment-service led to a timeout, causing the loss of monitoring data and triggering the PagerDuty outage.",P1,monitoring,synthetic_master
"Alert Manager Outage Disrupts Monitoring The Alert Manager experienced a complete outage, causing the Grafana dashboard to show no data points for 30 minutes. This impacted all payment transactions, halting processing and resulting in significant revenue loss. A misconfigured Prometheus alert triggered a cascade failure in the Alert Manager, overwhelming its resources and causing the outage.",P1,monitoring,synthetic_master
"Prometheus Alert Manager Misconfiguration An alert manager misconfiguration caused P1 alerts to be dropped, leading to a complete outage of payment processing. This affected 50 million transactions per day, causing a revenue impact of $10k/minute. Alert Manager route misconfiguration dropped critical P1 alerts, interrupting monitoring of payment processing.",P1,monitoring,synthetic_master
"Grafana Outage Disrupts Monitoring On [date], Grafana monitoring dashboard experienced a complete outage, impacting the visibility of payment transactions. The Jaeger trace sampling was reduced from 100% to 1%, causing critical monitoring data loss. Jaeger trace sampling rate was reduced to 1% by an unintended configuration change, leading to Grafana's failure to display comprehensive monitoring data.",P1,monitoring,synthetic_master
"PagerDuty Alert Storm: 400 Alerts in 5 Minutes A PagerDuty alert storm generated 400 alerts in 5 minutes, causing a complete outage of payment processing. This impacted all 50 million daily transactions, leading to a $10k/minute revenue impact. A misconfigured Prometheus alert rule triggered an excessive number of alerts in PagerDuty, overwhelming the system and causing it to fail to process new alerts.",P1,monitoring,synthetic_master
"Prometheus Scrape Timeout Impacting Alert Manager A Prometheus scrape timeout for the payment-service metrics caused the Alert Manager to fail, halting all payment processing and impacting revenue by $10k/minute. A high network latency issue between the Prometheus server and the payment-service pod led to the scrape timeout.",P1,monitoring,synthetic_master
"Prometheus Alert: Grafana Dashboard No Data All payment processing was halted due to a complete outage of Prometheus, causing Grafana dashboards to show no data points for 30 minutes. This impacted 50 million daily transactions. A critical misconfiguration in the Prometheus service led to the loss of metrics collection and subsequently affected Grafana dashboards.",P1,monitoring,synthetic_master
"Grafana Alert Manager Misconfiguration Grafana Alert Manager misconfiguration led to the dropping of critical P1 alerts, halting monitoring of payment processing and causing a complete outage. Misconfiguration of Alert Manager route caused the loss of P1 alerts, impacting the visibility into critical issues.",P1,monitoring,synthetic_master
"PagerDuty Monitoring Alert Fails All payment processing was halted due to a critical alert failure in PagerDuty, impacting 50 million daily transactions. The Jaeger trace sampling was reduced from 100% to 1%, causing a significant delay in incident detection. Jaeger trace sampling rate reduction to 1% led to a delay in alerting for critical issues.",P1,monitoring,synthetic_master
"Alert Manager Outage Causes PagerDuty Storm The Alert Manager experienced a complete outage, causing a surge of 400 PagerDuty alerts in 5 minutes. All payment processing was halted, impacting 50 million transactions per day. A configuration error in HashiCorp Vault led to misconfigured alert rules in Prometheus, triggering an excessive number of alerts.",P1,monitoring,synthetic_master
"Prometheus Scrape Timeout on Payment Service Metrics A scrape timeout error occurred in Prometheus, affecting payment-service metrics. This impacted all payment processing, leading to a complete outage. Network congestion and high load on the Prometheus instance caused the scrape timeout, impacting the payment-service metrics.",P1,monitoring,synthetic_master
"Grafana Dashboard Down, No Data Points All payment transactions were halted due to a complete outage of the Grafana dashboard, showing no data points for 30 minutes. This impacted all payment processing and resulted in a $10k/minute revenue loss. Prometheus scrape job failure due to an internal configuration issue in the Kubernetes cluster.",P1,monitoring,synthetic_master
"P1 Alert Manager Misconfiguration A misconfiguration in the Alert Manager led to the complete outage of payment processing via PagerDuty, affecting 50 million daily transactions and resulting in a $10k/minute revenue loss. Alert Manager route misconfiguration caused P1 alerts to be dropped, disrupting monitoring and incident response.",P1,monitoring,synthetic_master
"Alert Manager Down: No Alerts for 1 Hour All payment processing was halted due to the complete outage of the Alert Manager, failing to notify engineers about critical issues. Jaeger trace sampling was reduced to 1% instead of 100%, leading to significant monitoring gaps. Jaeger trace sampling was reduced to 1% from 100%, causing a complete failure of alert notifications and monitoring.",P1,monitoring,synthetic_master
"Prometheus Monitoring Failure Prometheus monitoring service failed, causing a PagerDuty alert storm with 400 alerts in 5 minutes, impacting payment transactions. Prometheus service failure due to a misconfiguration in the Kubernetes cluster, leading to high CPU usage and subsequent service degradation.",P1,monitoring,synthetic_master
"Grafana Dashboard Crash, Payment Metrics Unavailable A critical outage in Grafana caused by a Prometheus scrape timeout for payment-service metrics, leading to the unavailability of payment transaction data visualization. This impacted all payment processing transactions, resulting in significant revenue loss. Prometheus scrape timeout due to high load on the payment-service metrics endpoint, overwhelming the Grafana server in production.",P1,monitoring,synthetic_master
"Grafana Dashboard Failure A critical monitoring dashboard in Grafana showed no data points for 30 minutes, leading to PagerDuty notifications and halting payment processing for 60 minutes. Prometheus query issues caused the Grafana dashboard to fail, impacting monitoring and alerting in PagerDuty.",P1,monitoring,synthetic_master
"P1 Alert Manager Outage Alert Manager misconfiguration led to the drop of critical P1 alerts, halting payment processing and causing significant revenue loss. Route misconfiguration in Alert Manager dropped P1 alerts, impacting critical payment processing.",P1,monitoring,synthetic_master
"Prometheus Monitoring Degradation Prometheus monitoring degraded, causing loss of critical metrics and halting payment processing. Jaeger trace sampling was reduced to 1%, impacting visibility into transaction flows. Prometheus instance overloaded due to excessive Jaeger trace sampling, leading to reduced monitoring effectiveness and outage.",P1,monitoring,synthetic_master
"Grafana Dashboard Outage The Grafana dashboard experienced a complete outage, preventing real-time monitoring and alerting. This affected all payment transactions, leading to a PagerDuty alert storm with 400 alerts in 5 minutes. A Kubernetes pod failure in the Grafana namespace led to the dashboard becoming unresponsive and triggering a large number of alerts.",P1,monitoring,synthetic_master
"Prometheus Scrape Timeout on Payment Service A Prometheus scrape timeout on the payment-service metrics caused PagerDuty to fail, halting payment processing for 60 minutes. This impacted all 50 million daily transactions, resulting in a $10k/minute revenue loss. A high latency network condition caused the Prometheus scrape timeout, affecting the payment-service metrics.",P1,monitoring,synthetic_master
"Alert Manager Outage Halts Payments A complete outage of the Alert Manager service in FinTechFlow's production environment halted all payment processing for 60 minutes, resulting in significant revenue loss. The Grafana dashboard showed no data points for 30 minutes. A configuration issue in HashiCorp Vault led to the Alert Manager service failing to retrieve necessary secrets.",P1,monitoring,synthetic_master
"Prometheus Alert Manager Misconfiguration Alert Manager route misconfiguration caused critical P1 alerts to be dropped, halting payment processing for 60 minutes. All transaction monitoring ceased during this period, impacting revenue by $10k/minute. Route misconfiguration in Alert Manager led to the failure of critical P1 alerts being delivered to the on-call engineers.",P1,monitoring,synthetic_master
"Grafana Dashboard Disruption A monitoring issue in Grafana led to the reduction of Jaeger trace sampling from 100% to 1%, impacting visibility into payment processing transactions. A misconfiguration in the Grafana alerting rules caused the Jaeger trace sampling rate to be reduced significantly.",P1,monitoring,synthetic_master
"Prometheus Alert Storm Causes Monitoring Issues On [Date], Prometheus experienced a high volume of alerts, leading to significant degradation in monitoring capabilities. This affected our ability to track payment transactions in real-time, causing customer complaints to rise. An unexpected influx of alerts triggered by a critical system event overwhelmed the Prometheus alerting system.",P2,monitoring,synthetic_master
"Grafana Dashboard Malfunction A Prometheus scrape timeout error for payment-service metrics impacted Grafana dashboards, leading to performance degradation and customer complaints. The high traffic on the payment-service caused excessive load on Prometheus, resulting in scrape timeouts.",P2,monitoring,synthetic_master
"Grafana Dashboard Down, PagerDuty Alerts Unavailable A critical Grafana dashboard displaying key metrics for the PagerDuty service went down, causing alerts to be unavailable for 30 minutes. This impacted our ability to monitor the health of the PagerDuty service, leading to some customer complaints and transaction processing delays. Grafana server experienced a resource bottleneck due to high load from other services, resulting in no data points for 30 minutes.",P2,monitoring,synthetic_master
"P1 Alerts Dropped Due to Misconfigured Route Alert Manager route misconfiguration led to the dropping of critical P1 alerts, causing some transactions to fail and customer complaints to rise. Misconfiguration of the Alert Manager route resulted in the misrouting of P1 alerts, leading to their omission.",P2,monitoring,synthetic_master
"Prometheus Alert: Jaeger Trace Sampling Reduced Prometheus alert triggered due to a significant reduction in Jaeger trace sampling, impacting monitoring capabilities and affecting payment transactions. Jaeger trace sampling rate was reduced from 100% to 1%, impacting monitoring effectiveness and visibility into payment transactions.",P2,monitoring,synthetic_master
"Grafana Alert Storm Causes Monitoring Chaos On [Date], a surge in Grafana alerts overwhelmed our monitoring systems, leading to a significant degradation in monitoring effectiveness. This impacted payment transactions, causing customer complaints to rise. A misconfigured Prometheus rule triggered a flood of alerts, overwhelming PagerDuty and disrupting our ability to respond promptly.",P2,monitoring,synthetic_master
"Prometheus Scrape Timeout on Payment-Service Metrics The payment-service metrics in Prometheus failed to scrape, leading to missing monitoring data and affecting payment transaction processing in PagerDuty. A high load on the payment-service increased the scrape time, causing the Prometheus scrape timeout and failure to collect metrics.",P2,monitoring,synthetic_master
"Grafana Dashboard Down, Alert Manager Unresponsive For 30 minutes, the Alert Manager in the production environment experienced issues, leading to no data points on the Grafana dashboard and significant degradation in monitoring effectiveness. This impacted transaction monitoring and alerting for critical payment transactions. A configuration issue in the Kubernetes deployment caused the Prometheus scraper to fail, leading to no data points in the Grafana dashboard.",P2,monitoring,synthetic_master
"Prometheus Alert Manager Misconfiguration The Alert Manager route misconfiguration caused P1 alerts to be dropped, leading to a significant degradation in monitoring effectiveness and rising customer complaints. This impacted the monitoring of critical payment transactions. Misconfiguration of the Alert Manager route in the Kubernetes cluster, specifically in the EKS environment, led to the dropping of critical P1 alerts.",P2,monitoring,synthetic_master
"Grafana Monitoring Degradation Grafana monitoring in production degraded significantly, with Jaeger trace sampling reduced to 1%, impacting payments transaction monitoring. Jaeger trace sampling was inadvertently set to 1% instead of the usual 100%.",P2,monitoring,synthetic_master
"PagerDuty Alert Storm on Production A PagerDuty alert storm occurred, generating 400 alerts in 5 minutes, impacting payment transactions processed by FinTechFlow’s Java Spring Boot and Python FastAPI services. Prometheus alerts triggered by a sudden spike in error rates for payment processing services.",P2,monitoring,synthetic_master
"Prometheus Scrape Timeout Alert Manager Incident Prometheus scrape timeout for payment-service metrics led to Alert Manager failure, resulting in some payment transactions not being alerted on, causing customer complaints. Insufficient scraping capacity due to high load on the Prometheus server, impacting payment-service metrics collection.",P2,monitoring,synthetic_master
"Prometheus Alert: Grafana Dashboard No Data Points Prometheus experienced a failure causing Grafana dashboards to show no data points for 30 minutes, impacting monitoring of payment transactions. A configuration issue in Prometheus led to a scrape failure, affecting the data collection for Grafana dashboards.",P2,monitoring,synthetic_master
"P1 Alerts Dropped, Grafana Misconfigured Due to a misconfiguration in the Alert Manager, critical P1 alerts were dropped, leading to a significant degradation in monitoring for the Grafana service. This affected payment transactions and resulted in increased customer complaints. Misconfiguration of the Alert Manager in Grafana caused P1 alerts to be dropped, impacting real-time monitoring.",P2,monitoring,synthetic_master
"Jaeger Tracing Degradation Jaeger trace sampling was reduced to 1%, causing monitoring issues and affecting payment transactions in PagerDuty. Config change in Jaeger led to trace sampling reduction from 100% to 1%, impacting monitoring and alerting.",P2,monitoring,synthetic_master
"PAGERDUTY ALERT STORM IN ALERT MANAGER Due to a misconfiguration in Alert Manager, 400 alerts were triggered in 5 minutes, significantly impacting monitoring and causing customer complaints. This affected transactions processed through the payment processing platform. Misconfigured Alert Manager triggered an excessive number of alerts due to a threshold setting error.",P2,monitoring,synthetic_master
"Prometheus Scrape Timeout on Payment-Service Metrics A scrape timeout occurred in Prometheus, affecting the collection of metrics for the payment-service, leading to a degradation in monitoring effectiveness and some customer complaints due to potential undetected issues. High load on the payment-service increased the scrape latency, surpassing Prometheus's configured timeout threshold.",P2,monitoring,synthetic_master
"Grafana Dashboard Down for 30 Minutes During the incident, the Grafana dashboard failed to display any data points for 30 minutes, impacting monitoring and observability. This issue affected all payment transactions, leading to some failures and increasing customer complaints. A configuration issue in the Prometheus scrape job led to the Grafana dashboard not receiving updated metrics.",P2,monitoring,synthetic_master
"P1 Alerts Dropped, PagerDuty Misconfigured An alert route misconfiguration led to the loss of critical P1 alerts, causing some transaction monitoring to fail and resulting in customer complaints. The Alert Manager in our Kubernetes cluster misconfigured the alert routes, dropping P1 alerts related to critical transaction monitoring.",P2,monitoring,synthetic_master
"Jaeger Trace Sampling Reduced, Alert Manager Fails Jaeger trace sampling was reduced to 1%, causing Alert Manager to fail and leading to significant degradation in service. This affected payment transactions, resulting in customer complaints. Jaeger trace sampling was reduced to 1%, overwhelming the Alert Manager and leading to failures.",P2,monitoring,synthetic_master
"Prometheus Alert Storm Overwhelms Monitoring A PagerDuty alert storm generated 400 alerts in 5 minutes, overwhelming monitoring systems and causing significant degradation in Prometheus's ability to process and display metrics, affecting payment transactions. High alert volume from Prometheus overwhelmed the system's capacity to process and display metrics in real-time.",P2,monitoring,synthetic_master
"Grafana Dashboard Failure Prometheus scrape timeout for payment-service metrics caused Grafana to fail, leading to some payment transactions being unmonitored and customer complaints increasing. Prometheus server experienced high load, causing timeouts when scraping metrics from payment-service.",P2,monitoring,synthetic_master
"Grafana Dashboard Down, PagerDuty Alerts Failing Monitoring alerts via PagerDuty stopped functioning for 30 minutes, causing Grafana dashboards to show no data points. This impacted payment transaction monitoring, leading to potential delays in issue detection. Prometheus scraping job for Grafana dashboards temporarily stopped due to a misconfiguration in Kubernetes service discovery.",P2,monitoring,synthetic_master
"Alert Manager Misconfiguration Dropped Critical Alerts Alert Manager misconfigured, resulting in the loss of P1 alerts during a high-traffic period, causing some critical transactions to fail and customer complaints to rise. Route misconfiguration in Alert Manager dropped P1 alerts due to incorrect priority handling.",P2,monitoring,synthetic_master
"Prometheus Alert: Jaeger Trace Sampling Reduced Prometheus triggered an alert due to a significant reduction in Jaeger trace sampling, impacting transaction monitoring and causing some payment transactions to fail. Customer complaints increased due to service issues. Jaeger trace sampling rate was reduced from 100% to 1%, impacting the visibility and monitoring capabilities of transaction-related metrics in Prometheus.",P2,monitoring,synthetic_master
"Grafana Dashboard Alert Storm A PagerDuty alert storm triggered 400 Grafana alerts in 5 minutes, impacting monitoring effectiveness and alerting accuracy for critical payment transactions. A sudden influx of high-severity alerts overwhelmed Grafana's dashboard, leading to potential false positives and degraded monitoring.",P2,monitoring,synthetic_master
"Prometheus Scrape Timeout on Payment Service A Prometheus scrape timeout occurred on the payment-service metrics, leading to degraded monitoring and some payment transactions failing. Affected customers reported issues with transaction processing. High load on the payment-service instance caused the Prometheus scrape to timeout, impacting monitoring accuracy and leading to missed alerts.",P2,monitoring,synthetic_master
"Grafana Dashboard Shows No Data for 30 Minutes The Alert Manager in FinTechFlow experienced a monitoring issue, causing the Grafana dashboard to show no data points for 30 minutes. This affected payment transactions and led to increased customer complaints. Prometheus query issue due to a misconfiguration in the Alert Manager's data source.",P2,monitoring,synthetic_master
"Prometheus Alert Manager Misconfiguration The Alert Manager route was misconfigured, causing critical P1 alerts to be dropped, affecting monitoring and incident detection for FinTechFlow’s payment processing platform. Misconfiguration of the Alert Manager routing table led to the dropping of high-priority alerts, impacting our ability to respond to critical issues.",P2,monitoring,synthetic_master
"Grafana Dashboard Degradation Grafana experienced a significant performance degradation, with Jaeger trace sampling reduced to 1%, impacting monitoring of payment transactions. Jaeger trace sampling was inadvertently set to 1% due to a misconfiguration in the monitoring stack.",P2,monitoring,synthetic_master
"PagerDuty Alert Storm A PagerDuty alert storm triggered 400 alerts in 5 minutes, causing significant degradation of our payment processing system, affecting 50 million daily transactions. Prometheus alert rules triggered due to high Redis cache eviction rates overwhelming PagerDuty's alerting system.",P2,monitoring,synthetic_master
"Prometheus Scrape Timeout Caused Alert Manager Downtime Due to a Prometheus scrape timeout for payment-service metrics, the Alert Manager experienced a brief outage, affecting monitoring and causing some payment transactions to fail and customer complaints to rise. Prometheus scraping issues led to a timeout, impacting the Alert Manager's ability to process and trigger alerts.",P2,monitoring,synthetic_master
"Prometheus Alert: Grafana Dashboard No Data Prometheus experienced a brief outage, causing Grafana dashboards to show no data for 30 minutes. This impacted monitoring of payment transactions and led to customer complaints. Prometheus scrape job failed due to misconfiguration in the Kubernetes cluster on AWS EKS, causing data not to be collected for 30 minutes.",P2,monitoring,synthetic_master
"P1 Alerts Dropped Due to Grafana Route Misconfiguration A misconfiguration in the Grafana Alert Manager route caused the loss of critical P1 alerts, resulting in some transactions failing and customer complaints rising. This impacted the monitoring of key services, including payment processing. Misconfiguration of the Grafana Alert Manager route led to the loss of P1 alerts, affecting the visibility of critical issues.",P2,monitoring,synthetic_master
"Jaeger Tracing Issue Disrupts Monitoring Jaeger trace sampling was reduced to 1%, significantly degrading monitoring capabilities and affecting PagerDuty alerts. This impacted payment transactions, leading to customer complaints. Jaeger trace sampling was accidentally set to 1% by a misconfiguration in the Kubernetes cluster.",P2,monitoring,synthetic_master
"PagerDuty Alert Storm: Alert Manager Overload An Alert Manager issue caused a significant increase in alerts, leading to a PagerDuty alert storm with 400 alerts in 5 minutes. This impacted the monitoring of critical payment transactions. High alert volume overwhelmed the Alert Manager, leading to excessive notifications in a short time frame.",P2,monitoring,synthetic_master
"Prometheus Scraping Timeout on Payment Service Prometheus experienced a scraping timeout issue for payment-service metrics, leading to a degradation in monitoring capabilities and affecting transactional metrics visibility. High load on the payment service caused the scraping timeout, impacting the accuracy of metrics collection.",P2,monitoring,synthetic_master
"Grafana Dashboard Disruption The Grafana dashboard for monitoring payment transactions experienced a 30-minute outage, showing no data points, affecting monitoring and alerting for 50 million daily transactions. Prometheus data source issue leading to a misconfiguration in Grafana.",P2,monitoring,synthetic_master
"P1 Alert Route Misconfiguration Due to a misconfiguration in the Alert Manager, P1 alerts were dropped, leading to a significant degradation in monitoring for the PagerDuty service. This affected payment transactions processed through the system. Misconfiguration of the Alert Manager leading to P1 alert drops.",P2,monitoring,synthetic_master
"Jaeger Sampling Reduced, Alert Manager Fails Jaeger trace sampling was reduced to 1% causing Alert Manager to fail, leading to significant degradation in alerting and some transactions failing. This affected payment processing for our B2B customers. Jaeger trace sampling was accidentally set to 1% by a misconfiguration in the monitoring pipeline.",P2,monitoring,synthetic_master
"Prometheus Alert Storm Causes Service Degradation A PagerDuty alert storm triggered by Prometheus resulted in significant monitoring degradation, affecting payment transactions. 400 alerts were received in 5 minutes, overwhelming the incident response team. Overloaded Prometheus query causing excessive alerts and alert storm in production environment.",P2,monitoring,synthetic_master
"Prometheus Scrape Timeout on Grafana During the incident, a Prometheus scrape timeout error occurred for payment-service metrics, impacting Grafana dashboards and leading to monitoring degradation. This affected payment transactions, causing some delays and customer complaints. A misconfiguration in the Prometheus scrape job for the payment-service led to timeouts, affecting Grafana's ability to display real-time metrics.",P2,monitoring,synthetic_master
"Grafana Dashboard Failure Affects PagerDuty A critical monitoring dashboard failed, causing PagerDuty alerts to be delayed. This impacted transaction processing and led to customer complaints. Prometheus scrape job failure due to network issues, affecting Grafana dashboard availability.",P2,monitoring,synthetic_master
"P1 Alerts Misconfigured, Alert Manager Failure The Alert Manager in FinTechFlow experienced a misconfiguration, leading to the dropping of critical P1 alerts. This issue affected payment transactions and resulted in customer complaints. A misconfiguration in the Alert Manager route caused P1 alerts to be dropped, impacting monitoring and alerting effectiveness.",P2,monitoring,synthetic_master
"Prometheus Alert: Jaeger Sampling Reduced Prometheus triggered an alert due to a significant reduction in Jaeger trace sampling, impacting monitoring of transactions and leading to customer complaints. Affected services included payment processing flows. Jaeger trace sampling rate was accidentally reduced from 100% to 1% by a misconfiguration change in the monitoring pipeline.",P2,monitoring,synthetic_master
"Grafana Dashboard Alert Storm A PagerDuty alert storm generated 400 alerts in 5 minutes, significantly impacting monitoring of our production environment. This issue affected Grafana dashboards, disrupting the visibility of key metrics and causing delays in incident response. A misconfigured Prometheus alert rule triggered an excessive number of alerts, overwhelming the PagerDuty incident response system.",P2,monitoring,synthetic_master
"Prometheus Timeout Alert: Payment Service Metrics Prometheus experienced a scrape timeout for payment-service metrics, leading to degraded monitoring and some transactions failing. Affected payment transactions in PagerDuty. High load on the payment-service instance causing Prometheus scrape timeouts.",P2,monitoring,synthetic_master
"Grafana Alert Manager Dashboard Data Loss The Alert Manager experienced a 30-minute gap in data points on the Grafana dashboard, causing some monitoring alerts to be delayed. This impacted payment transactions and led to customer complaints. A Prometheus scrape job outage led to a 30-minute gap in data collection, affecting the Alert Manager's Grafana dashboard.",P2,monitoring,synthetic_master
"Prometheus Alert Manager Misconfiguration The Alert Manager in Prometheus was misconfigured, leading to the loss of critical P1 alerts. This affected payment transactions and caused customer complaints to rise. Misconfiguration of the Alert Manager route resulted in the dropping of critical P1 alerts in the production environment.",P2,monitoring,synthetic_master
"Grafana Dashboard Performance Degradation Grafana experienced significant performance degradation, leading to slow dashboard load times and some customer complaints. The Jaeger trace sampling rate was reduced from 100% to 1%, impacting monitoring effectiveness. The Jaeger trace sampling rate was accidentally reduced to 1% due to a misconfiguration in the monitoring pipeline.",P2,monitoring,synthetic_master
"Prometheus Alert Storm: PagerDuty Firing 400 Times A Prometheus alert storm triggered 400 PagerDuty alerts in 5 minutes, impacting monitoring effectiveness and user trust. No payment transactions were directly affected. High cardinality metrics in the Prometheus database led to excessive alert firing during a specific metric change.",P3,monitoring,synthetic_master
"Prometheus Scrape Timeout in Grafana A Prometheus scrape timeout error in Grafana affected the payment-service metrics, leading to temporary visibility issues for SRE engineers monitoring the service health. The issue arose due to a temporary network latency spike affecting the Prometheus scrape process.",P3,monitoring,synthetic_master
"Grafana Dashboard Down for 30 Minutes A 30-minute outage of the Grafana dashboard led to no data points being visible, affecting monitoring of the payments system. No payment transactions were directly impacted. Prometheus scrape job for Grafana was temporarily disabled due to a misconfiguration change.",P3,monitoring,synthetic_master
"P1 Alerts Dropped Due to Misconfigured Route A misconfiguration in Alert Manager caused P1 alerts to be dropped, affecting monitoring of critical transactions. Only a small subset of users were impacted. A misconfiguration in the Alert Manager route caused P1 alerts to be dropped, impacting the monitoring of critical transactions.",P3,monitoring,synthetic_master
"Prometheus Alert: Jaeger Trace Sampling Reduced Prometheus triggered an alert due to a significant reduction in Jaeger trace sampling from 100% to 1%, affecting monitoring of payment transactions. A configuration change in Jaeger reduced trace sampling rate, impacting Prometheus's ability to collect comprehensive monitoring data.",P3,monitoring,synthetic_master
"Grafana Alert Storm Causes Service Unavailability A PagerDuty alert storm triggered by Grafana led to temporary service unavailability affecting a small subset of users, no revenue impact. Misconfigured alert rules in Grafana triggered excessive alerts, overwhelming the PagerDuty incident response system.",P3,monitoring,synthetic_master
"Prometheus Scrape Timeout for Payment Service Metrics A Prometheus scrape timeout error occurred for the payment-service metrics, causing a brief disruption in monitoring. This affected the PagerDuty service, but no payment transactions were impacted. A network issue between the Prometheus instance and the payment-service pod caused the scrape timeout.",P3,monitoring,synthetic_master
"Grafana Dashboard Down for 30 Minutes The Alert Manager experienced a temporary issue where Grafana dashboards showed no data points for 30 minutes, affecting monitoring and alerting for a subset of engineers. A misconfigured Prometheus scrape job led to a temporary data gap, impacting the Grafana dashboard visibility.",P3,monitoring,synthetic_master
"Prometheus Alert Manager Misconfiguration A misconfiguration in the Alert Manager route led to the dropping of critical P1 alerts, affecting monitoring of our payment processing system. This impacted a small subset of users, but no revenue impact was observed. A misconfiguration in the Alert Manager route caused P1 alerts to be dropped, impacting the monitoring of our payment processing system.",P3,monitoring,synthetic_master
"Jaeger Trace Sampling Reduced Grafana experienced a monitoring issue where Jaeger trace sampling was inadvertently reduced from 100% to 1%, impacting the visibility of internal transaction data. This affected a small subset of users, primarily those requiring detailed transaction analysis. A misconfiguration in the Jaeger client caused the trace sampling rate to be set incorrectly.",P3,monitoring,synthetic_master
"PagerDuty Alert Storm A PagerDuty alert storm triggered 400 alerts in 5 minutes due to misconfigured thresholds, affecting 1% of payment transactions. Misconfigured alert thresholds in Prometheus led to an excessive number of alerts being triggered.",P3,monitoring,synthetic_master
"Prometheus Scrape Timeout for Payment Service Metrics A Prometheus scrape timeout error affected the Alert Manager, impacting payment-service metrics collection. This issue affected a small subset of users but no revenue impact was observed. A network latency spike between the Prometheus server and the payment-service pods caused the scrape timeout.",P3,monitoring,synthetic_master
"Prometheus Alert: Grafana Dashboard No Data A short-term issue in Prometheus led to a Grafana dashboard showing no data points for 30 minutes, affecting monitoring visibility but no payment transactions were directly impacted. Prometheus scrape job for the relevant service was temporarily suspended due to an internal misconfiguration.",P3,monitoring,synthetic_master
"Grafana Alert Manager Misconfiguration The Alert Manager route misconfiguration led to the dropping of P1 alerts, affecting monitoring for critical services. No payment transactions were directly impacted. Misconfiguration of Alert Manager routes in Grafana caused P1 alerts to be dropped, impacting monitoring effectiveness.",P3,monitoring,synthetic_master
"Jaeger Sampling Reduced, PagerDuty Alerted Jaeger trace sampling was inadvertently reduced to 1%, causing PagerDuty to alert on a minor issue. This affected a small subset of users, but no payment transactions were impacted. A misconfiguration in Jaeger's sampling settings led to a reduction in trace sampling from 100% to 1%.",P3,monitoring,synthetic_master
"Alert Manager Flooded with 400 Alerts On [Date], the Alert Manager experienced a surge in alerts, triggering 400 PagerDuty notifications in just 5 minutes, impacting monitoring and incident response for a short period. A misconfiguration in the Prometheus alert rules triggered an excessive number of alerts due to a recent increase in transaction volume.",P3,monitoring,synthetic_master
"Prometheus Scrape Timeout on Payment Service A scrape timeout occurred for payment-service metrics in Prometheus, affecting monitoring of transaction volumes. No payment transactions were directly impacted. High network latency between Prometheus and payment-service instances caused the scrape timeout.",P3,monitoring,synthetic_master
"Grafana Dashboard Data Disappearance A 30-minute gap in data points on the Grafana dashboard was observed, affecting monitoring and alerting for the payments service. This issue impacted the monitoring of key performance indicators for a small subset of users. A misconfiguration in the Prometheus scrape job led to a temporary outage in data collection for the Grafana dashboard.",P3,monitoring,synthetic_master
"P1 Alert Route Misconfiguration A misconfiguration in Alert Manager caused P1 alerts to be dropped, affecting PagerDuty notifications for 15 minutes. The Alert Manager route was misconfigured, leading to the misrouting of critical P1 alerts to an invalid destination.",P3,monitoring,synthetic_master
"Jaeger Sampling Reduced Impact Alert Manager Jaeger trace sampling was reduced from 100% to 1%, impacting Alert Manager in production. This affected a small subset of users but no revenue impact was observed. A configuration change in Jaeger reduced trace sampling, leading to insufficient data for Alert Manager to function optimally.",P3,monitoring,synthetic_master
"Prometheus Alert Storm Causes Service Disruption A PagerDuty alert storm generated 400 alerts in 5 minutes, overwhelming the monitoring system and causing temporary performance degradation for the Prometheus service. This affected a small subset of payment transactions. High volume of alerts triggered by unexpected metric changes in the FinTechFlow stack.",P3,monitoring,synthetic_master
"Prometheus Scrape Timeout for Payment Service Metrics A Prometheus scrape timeout occurred for the payment-service metrics, causing Grafana dashboards to display outdated data. This affected a small subset of users monitoring payment transactions. The timeout was due to increased load on the Prometheus server, which struggled to scrape metrics from the payment-service within the configured interval.",P3,monitoring,synthetic_master
"Grafana Dashboard Down for 30 Minutes A Grafana dashboard used for monitoring PagerDuty alerts was unavailable for 30 minutes, showing no data points. This issue did not affect payment transactions but impacted the visibility of system health for engineers. A Kubernetes pod running the Grafana instance was restarted due to a misconfigured resource limit, causing a brief outage.",P3,monitoring,synthetic_master
"Alert Manager Route Misconfig Dropped Critical Alerts Alert Manager route misconfiguration caused the loss of critical P1 alerts, affecting monitoring of 50 million daily transactions. No revenue impact, but a small subset of users experienced minor service disruptions. Misconfiguration of the Alert Manager route leading to the dropping of high-severity P1 alerts in the production environment.",P3,monitoring,synthetic_master
"Prometheus Alert: Jaeger Trace Sampling Reduced Prometheus received an alert indicating that Jaeger trace sampling was reduced from 100% to 1%, affecting monitoring of payment transactions. Jaeger configuration change due to resource constraints impacted trace sampling rate.",P3,monitoring,synthetic_master
"PagerDuty Alert Storm on Grafana A Grafana dashboard triggered 400 alerts in 5 minutes, affecting monitoring visibility for a short period. No payment transactions were directly impacted. Grafana dashboard configuration issue leading to excessive alerting.",P3,monitoring,synthetic_master
"Prometheus Scrape Timeout on Payment-Service Metrics A Prometheus scrape timeout issue occurred on the payment-service metrics, causing temporary issues in monitoring. This affected a small subset of users in PagerDuty notifications. A misconfigured Prometheus job led to a timeout when scraping metrics from the payment-service, triggering alerts in PagerDuty.",P3,monitoring,synthetic_master
"Grafana Dashboard Issue Disrupted Alerting A 30-minute gap in data points on the Grafana dashboard impacted Alert Manager, leading to delayed alerts for a subset of users. No payment transactions were directly affected. A configuration issue in the Prometheus scrape job for the Grafana dashboard caused a temporary data gap.",P3,monitoring,synthetic_master
"Prometheus Alert Manager Misconfiguration Alert Manager misconfiguration dropped critical P1 alerts, affecting monitoring of key payment transactions. Misconfiguration of Alert Manager caused P1 alerts to be dropped, impacting monitoring of critical payment transactions.",P3,monitoring,synthetic_master
"Jaeger Trace Sampling Reduced Jaeger trace sampling was inadvertently reduced to 1% in Grafana, impacting monitoring effectiveness for a short period. This issue affected a small subset of users but did not impact payment transactions. A configuration change in Jaeger was pushed to production without proper testing, leading to reduced trace sampling.",P3,monitoring,synthetic_master
"PagerDuty Alert Storm - 400 Alerts in 5 Minutes A PagerDuty alert storm caused by misconfigured monitoring triggered 400 alerts in 5 minutes, impacting some users' transaction monitoring but no payment transactions were directly affected. Misconfigured alerting rules in Prometheus caused excessive alerts.",P3,monitoring,synthetic_master
"Prometheus Scrape Timeout on Payment-Service Metrics A Prometheus scrape timeout occurred for payment-service metrics, triggering an alert in Alert Manager and affecting a small subset of users processing payments. Increased load on the Prometheus server leading to timeouts in scraping metrics from the payment-service.",P3,monitoring,synthetic_master
"Prometheus Alert: Grafana Dashboard No Data Points Prometheus monitoring alerts triggered due to missing data points on the Grafana dashboard for 30 minutes, affecting monitoring of key metrics. No payment transactions were impacted. A scheduled maintenance task on the Prometheus server was accidentally delayed, causing data collection to be missed.",P3,monitoring,synthetic_master
"Grafana Alert Manager Misconfiguration A misconfiguration in Grafana's Alert Manager dropped critical P1 alerts, affecting monitoring of the Java Spring Boot and Python FastAPI services. Misconfiguration of Grafana's Alert Manager routing led to the dropping of high-severity alerts, impacting monitoring of key services.",P3,monitoring,synthetic_master
"Jaeger Trace Sampling Reduced, PagerDuty Alert Flared Jaeger trace sampling was inadvertently reduced from 100% to 1%, causing a surge in PagerDuty alerts and affecting monitoring of critical transactions. Improper configuration change in Jaeger leading to reduced trace sampling rates.",P3,monitoring,synthetic_master
"PagerDuty Alert Storm On [Date], the Alert Manager in FinTechFlow experienced a PagerDuty alert storm, triggering 400 alerts in 5 minutes. This issue affected a small subset of users but did not impact revenue streams or major payment transactions. Overlapping alert rules in the Prometheus monitoring system led to a cascading alert storm when a specific condition was met.",P3,monitoring,synthetic_master
"Prometheus Scrape Timeout on Payment Service A scrape timeout error occurred in Prometheus, affecting the metrics collection for the payment service. This issue impacted a small subset of payment transactions during the incident. The scrape timeout was due to a network latency issue between the payment service and the Prometheus server.",P3,monitoring,synthetic_master
"Grafana Dashboard Data Loss A short-lived issue caused Grafana dashboards to show no data points for 30 minutes, affecting monitoring visibility for a subset of engineers. Prometheus scraping job temporarily failed due to network latency issues, impacting data collection and visibility in Grafana.",P3,monitoring,synthetic_master
"P1 Alert Route Misconfiguration A misconfiguration in the Alert Manager caused P1 alerts to be dropped, affecting PagerDuty notifications for a short duration. This impacted a small subset of users, but no payment transactions were directly affected. The Alert Manager route was misconfigured, leading to the loss of critical P1 alerts related to the PagerDuty service.",P3,monitoring,synthetic_master
"Jaeger Trace Sampling Reduced Impact Jaeger trace sampling was reduced from 100% to 1%, affecting Alert Manager in our production environment. This impacted a small subset of users, with no revenue impact. Jaeger configuration change led to reduced trace sampling, impacting alerting accuracy.",P3,monitoring,synthetic_master
"Prometheus Alert Storm Hits Production A PagerDuty alert storm triggered 400 alerts in 5 minutes, impacting monitoring effectiveness. This affected a small subset of transactions processed by the payment system. High volume of incoming metrics overwhelmed Prometheus, causing excessive alerting.",P3,monitoring,synthetic_master
"Prometheus Scrape Timeout on Grafana A Prometheus scrape timeout for payment-service metrics led to Grafana failing to display up-to-date metrics, affecting monitoring of payment transactions. High network latency between Prometheus and payment-service instances caused the scrape timeout.",P3,monitoring,synthetic_master
"Grafana Dashboard Unavailable for 30 Minutes A monitoring dashboard for PagerDuty became inaccessible for 30 minutes, showing no data points. This impacted our ability to monitor the health of our services, but no payment transactions were affected. The Grafana instance hosting the PagerDuty dashboard experienced a pod crash in the Kubernetes cluster, leading to a service outage.",P3,monitoring,synthetic_master
"Alert Manager Route Misconfiguration A misconfiguration in the Alert Manager dropped P1 alerts, affecting monitoring of critical services. No payment transactions were directly impacted. Route misconfiguration in the Alert Manager dropped P1 alerts, impacting monitoring effectiveness.",P3,monitoring,synthetic_master
"Prometheus Alert: Jaeger Trace Sampling Reduced Prometheus triggered an alert due to a significant reduction in Jaeger trace sampling, affecting monitoring of service dependencies and transactions processing. Jaeger trace sampling rate was incorrectly adjusted to 1% in the configuration.",P3,monitoring,synthetic_master
"Grafana Alert Storm Overwhelms Monitoring A PagerDuty alert storm generated 400 alerts in 5 minutes, overwhelming the monitoring system and impacting visibility. This affected a small subset of users, but no revenue impact was observed. Misconfigured Prometheus alerts triggered multiple times due to a transient network issue, leading to a flood of alerts in PagerDuty.",P3,monitoring,synthetic_master
"Prometheus Scrape Timeout on Payment Service Metrics A Prometheus scrape timeout issue impacted payment-service metrics, causing temporary service degradation and alerts in PagerDuty. This affected a small subset of users during the incident. Insufficient scrape interval configuration in Prometheus leading to timeouts for payment-service metrics.",P3,monitoring,synthetic_master
"Grafana Dashboard No Data Points for 30 Minutes The Alert Manager dashboard experienced a 30-minute data outage, leading to missed alerts for a small subset of users. This issue did not impact payment transactions directly. Prometheus scraping issues due to a misconfigured service discovery in Kubernetes.",P3,monitoring,synthetic_master
"Prometheus Alert Manager Misconfiguration The Alert Manager in our monitoring stack was misconfigured, causing P1 alerts to be dropped. This affected a small subset of users, primarily those using our payment processing services. Misconfiguration of the Alert Manager route, leading to the dropping of critical alerts.",P3,monitoring,synthetic_master
"Grafana Monitoring Degradation Jaeger trace sampling was accidentally reduced from 100% to 1%, impacting monitoring visibility for 15 minutes. No payment transactions were directly affected. A configuration change in Jaeger sampling settings was pushed to production without proper validation.",P3,monitoring,synthetic_master
